folder_path,assets,collection,studio,code,project,outcome
"dwp_Digital_Asset/dwp Projects/THAILAND/Hospitality/20-0040 Chatrium Phuket Rawai/Chatrium Phuket Rawai 110926","462","dwp Projects","THAILAND","20-0040","Chatrium Phuket Rawai","code + name"
"dwp_Digital_Asset/dwp Projects/THAILAND/Architecture/22-0463 Porsche Centre Pattaya/From Client","383","dwp Projects","THAILAND","22-0463","Porsche Centre Pattaya","code + name"
"dwp_Digital_Asset/dwp Projects/_dwp Videos/dwp Merit Making Ceremony 250131","334","dwp Projects","","","","no-project (content bucket)"
"dwp_Digital_Asset/_OpenAsset Projects/Australia/600045 - James Cook University Lecture Theatre","294","_OpenAsset Projects","Australia","600045","James Cook University Lecture Theatre","code + name"
"dwp_Digital_Asset/_OpenAsset Projects/Singapore/12-65100 Adani/medium","265","_OpenAsset Projects","Singapore","12-65100","Adani","code + name"
"dwp_Digital_Asset/dwp Projects/SINGAPORE/12-65100 Adani/medium","265","dwp Projects","SINGAPORE","12-65100","Adani","code + name"
"dwp_Digital_Asset/_OpenAsset Projects/Australia/502478 - Surf Coast Secondary College","261","_OpenAsset Projects","Australia","502478","Surf Coast Secondary College","code + name"
"dwp_Digital_Asset/_OpenAsset Projects/Australia/18-0184 Concord Oval Redevelopment/medium","252","_OpenAsset Projects","Australia","18-0184","Concord Oval Redevelopment","code + name"
"dwp_Digital_Asset/_OpenAsset Projects/Australia/18-0179 USC Stadium Expansion/M21935 AquaPulse & Encore Events Centre Wyndham","251","_OpenAsset Projects","Australia","18-0179","USC Stadium Expansion","code + name"
"dwp_Digital_Asset/_OpenAsset Projects/Australia/17-0400 Goulburn Aquatic Centre Redevelopment/medium","242","_OpenAsset Projects","Australia","17-0400","Goulburn Aquatic Centre Redevelopment","code + name"
"dwp_Digital_Asset/_OpenAsset Projects/Australia/600039 - Cazalys Football Club Kitchen & Dining","233","_OpenAsset Projects","Australia","600039","Cazalys Football Club Kitchen & Dining","code + name"
"dwp_Digital_Asset/dwp Projects/THAILAND/Architecture/22-0340 BMW Amorn Prestige Rangsit","230","dwp Projects","THAILAND","22-0340","BMW Amorn Prestige Rangsit","code + name"
"dwp_Digital_Asset/_OpenAsset Projects/Australia/503009 - Fleurieu Aquatic Centre","228","_OpenAsset Projects","Australia","503009","Fleurieu Aquatic Centre","code + name"
"dwp_Digital_Asset/_OpenAsset Projects/Australia/S6879 - Calvary Mater Hospital/medium","205","_OpenAsset Projects","Australia","S6879","Calvary Mater Hospital","code + name"
"dwp_Digital_Asset/_OpenAsset Projects/Thailand/18-0502 KBank Private Banking Office/medium","201","_OpenAsset Projects","Thailand","18-0502","KBank Private Banking Office","code + name"
"dwp_Digital_Asset/_OpenAsset Projects/Australia/303370- Project 321 icare Workplace/medium","193","_OpenAsset Projects","Australia","303370","Project 321 icare Workplace","code + name"
"dwp_Digital_Asset/_OpenAsset Projects/Thailand/dwp JOrdy Fu - Jordy Fu","193","_OpenAsset Projects","Thailand","","dwp JOrdy Fu - Jordy Fu","name only (unverified, no code)"
"dwp_Digital_Asset/_OpenAsset Projects/Thailand/THBKK-16-0255 Chatrium Pathumwan/medium","184","_OpenAsset Projects","Thailand","THBKK-16-0255","Chatrium Pathumwan","code + name"
"dwp_Digital_Asset/_OpenAsset Projects/Thailand/THBKK-15-0174 U Nimman Chiang Mai/medium","177","_OpenAsset Projects","Thailand","THBKK-15-0174","U Nimman Chiang Mai","code + name"
"dwp_Digital_Asset/_OpenAsset Projects/Australia/10014 Aldi Cardiff/402520 - Gold Coast Private Hospital","173","_OpenAsset Projects","Australia","10014","Aldi Cardiff","code + name"
"dwp_Digital_Asset/_OpenAsset Projects/Australia/402520 - Gold Coast Private Hospital","173","_OpenAsset Projects","Australia","402520","Gold Coast Private Hospital","code + name"
"dwp_Digital_Asset/_OpenAsset Projects/Australia/303281 - Australian National University Mathematical Science Institute & College of Computer Science Building","160","_OpenAsset Projects","Australia","303281","Australian National University Mathematical Science Institute & College of Computer Science Building","code + name"
"dwp_Digital_Asset/_OpenAsset Projects/Australia/7970 - University of Newcastle Exercise Science Facility","159","_OpenAsset Projects","Australia","7970","University of Newcastle Exercise Science Facility","code + name"
"dwp_Digital_Asset/_OpenAsset Projects/Thailand/THBKK-14-0695 Ibis Styles Bangkok Khaosan Viengtai/medium","155","_OpenAsset Projects","Thailand","THBKK-14-0695","Ibis Styles Bangkok Khaosan Viengtai","code + name"
"dwp_Digital_Asset/_OpenAsset Projects/Thailand/THBKK-11-581 I Do Thonglor (ARC","150","_OpenAsset Projects","Thailand","THBKK-11-581","I Do Thonglor (ARC","code + name"
"dwp_Digital_Asset/_OpenAsset Projects/Australia/600056 - James Cook University School of Dentistry","142","_OpenAsset Projects","Australia","600056","James Cook University School of Dentistry","code + name"
"dwp_Digital_Asset/_OpenAsset Projects/Australia/502536 - Blundstone Arena Bellerive","140","_OpenAsset Projects","Australia","502536","Blundstone Arena Bellerive","code + name"
"dwp_Digital_Asset/dwp Projects/THAILAND/Workplace/22-0513 L'Oreal Office/High-Res","140","dwp Projects","THAILAND","22-0513","L'Oreal Office","code + name"
"dwp_Digital_Asset/dwp Projects/THAILAND/Workplace/22-0513 L'Oreal Office/Low-Res","140","dwp Projects","THAILAND","22-0513","L'Oreal Office","code + name"
"dwp_Digital_Asset/_OpenAsset Projects/Thailand/THBKK-15-0507 Galerie 39 by AP (Vittorio 39)/medium","137","_OpenAsset Projects","Thailand","THBKK-15-0507","Galerie 39 by AP (Vittorio 39)","code + name"
"dwp_Digital_Asset/_OpenAsset Projects/Australia/0306-04 Pacific Eye Centre/M20072 Noble Park Aquatic Centre","131","_OpenAsset Projects","Australia","0306-04","Pacific Eye Centre","code + name"
"dwp_Digital_Asset/_OpenAsset Projects/Thailand/17-0842 Thonburi-Bamrungmuang Hospital/medium","129","_OpenAsset Projects","Thailand","17-0842","Thonburi-Bamrungmuang Hospital","code + name"
"dwp_Digital_Asset/_OpenAsset Projects/Australia/10064 City Exchange","128","_OpenAsset Projects","Australia","10064","City Exchange","code + name"
"dwp_Digital_Asset/_OpenAsset Projects/Australia/502583 - Hume Tennis & Community Centre","127","_OpenAsset Projects","Australia","502583","Hume Tennis & Community Centre","code + name"
"dwp_Digital_Asset/_OpenAsset Projects/Australia/S21810 University of Sydney Fisher Library & Learning Network, Carslaw, PNR/medium","126","_OpenAsset Projects","Australia","S21810","University of Sydney Fisher Library & Learning Network, Carslaw, PNR","code + name"
"dwp_Digital_Asset/_OpenAsset Projects/Australia/5002779 - Opal Hillside Residential Aged Care Facility/medium","124","_OpenAsset Projects","Australia","5002779","Opal Hillside Residential Aged Care Facility","code + name"
"dwp_Digital_Asset/_OpenAsset Projects/Australia/503202 - Swan Hill District Health Community Rehabilitation Centre","120","_OpenAsset Projects","Australia","503202","Swan Hill District Health Community Rehabilitation Centre","code + name"
"dwp_Digital_Asset/_OpenAsset Projects/Australia/7661 - Suters Newcastle Office Refurbishment Fitout/medium","120","_OpenAsset Projects","Australia","7661","Suters Newcastle Office Refurbishment Fitout","code + name"
"dwp_Digital_Asset/_OpenAsset Projects/Australia/M4335 - Cabarita Swimming Centre","120","_OpenAsset Projects","Australia","M4335","Cabarita Swimming Centre","code + name"
"dwp_Digital_Asset/_OpenAsset Projects/Australia/502473 - Hawthorn Aquatic & Leisure Centre","117","_OpenAsset Projects","Australia","502473","Hawthorn Aquatic & Leisure Centre","code + name"
"dwp_Digital_Asset/_OpenAsset Projects/Thailand/17-0913 Bang Kra Chao Wellness Center (Rakxa)","116","_OpenAsset Projects","Thailand","17-0913","Bang Kra Chao Wellness Center (Rakxa)","code + name"
"dwp_Digital_Asset/_OpenAsset Projects/Australia/502297 - Echuca Regional Health Redevelopment","114","_OpenAsset Projects","Australia","502297","Echuca Regional Health Redevelopment","code + name"
"dwp_Digital_Asset/_OpenAsset Projects/Australia/402822- Queensland University Technology School of Design D Block","112","_OpenAsset Projects","Australia","402822","Queensland University Technology School of Design D Block","code + name"
"dwp_Digital_Asset/_OpenAsset Projects/Thailand/THBKK-11-840 Johnson & Johnson","112","_OpenAsset Projects","Thailand","THBKK-11-840","Johnson & Johnson","code + name"
"dwp_Digital_Asset/_OpenAsset Projects/Thailand/17-0820 Luxury Condo by Major Development (Muniq)","110","_OpenAsset Projects","Thailand","17-0820","Luxury Condo by Major Development (Muniq)","code + name"
"dwp_Digital_Asset/_OpenAsset Projects/Australia/B10022 Weipa Hospital","106","_OpenAsset Projects","Australia","B10022","Weipa Hospital","code + name"
"dwp_Digital_Asset/_OpenAsset Projects/Australia/202878 - 18 Honeysuckle Drive","104","_OpenAsset Projects","Australia","202878","18 Honeysuckle Drive","code + name"
"dwp_Digital_Asset/_OpenAsset Projects/Thailand/14-0350 River City Centre","104","_OpenAsset Projects","Thailand","14-0350","River City Centre","code + name"
"dwp_Digital_Asset/_OpenAsset Projects/Thailand/15-0030 Samitivej Wellness & Life Center","104","_OpenAsset Projects","Thailand","15-0030","Samitivej Wellness & Life Center","code + name"
"dwp_Digital_Asset/_OpenAsset Projects/Thailand/18-0746 Glowfish Office","104","_OpenAsset Projects","Thailand","18-0746","Glowfish Office","code + name"
"dwp_Digital_Asset/_OpenAsset Projects/Thailand/15-0060 Thailand Creative & Design Center (TCDC)/TH-BKK-12-256 ELC Renovation","101","_OpenAsset Projects","Thailand","15-0060","Thailand Creative & Design Center (TCDC)","code + name"
"dwp_Digital_Asset/_OpenAsset Projects/Australia/202485 Arena Apartments Newcastle Beach","100","_OpenAsset Projects","Australia","202485","Arena Apartments Newcastle Beach","code + name"
"dwp_Digital_Asset/_OpenAsset Projects/Australia/202492 Rio Karratha","100","_OpenAsset Projects","Australia","202492","Rio Karratha","code + name"
"dwp_Digital_Asset/_OpenAsset Projects/Australia/9238 - TAFE NSW Illawarra Institute Shellharbour Library","100","_OpenAsset Projects","Australia","9238","TAFE NSW Illawarra Institute Shellharbour Library","code + name"
"dwp_Digital_Asset/_OpenAsset Projects/Australia/N6132 - Tempus Two Winery Old","100","_OpenAsset Projects","Australia","N6132","Tempus Two Winery Old","code + name"
"dwp_Digital_Asset/_OpenAsset Projects/Australia/S20387 Western Sydney University Hawkesbury Institute Environment","100","_OpenAsset Projects","Australia","S20387","Western Sydney University Hawkesbury Institute Environment","code + name"
"dwp_Digital_Asset/_OpenAsset Projects/Australia/S9048 University of Newcastle Life Sciences Building","100","_OpenAsset Projects","Australia","S9048","University of Newcastle Life Sciences Building","code + name"
"dwp_Digital_Asset/_OpenAsset Projects/Australia/0306-04 Pacific Eye Centre/N10159 Graph Building Head Office","97","_OpenAsset Projects","Australia","0306-04","Pacific Eye Centre","code + name"
"dwp_Digital_Asset/_OpenAsset Projects/Australia/8686 - Lorne Killara Apartments","95","_OpenAsset Projects","Australia","8686","Lorne Killara Apartments","code + name"
"dwp_Digital_Asset/_OpenAsset Projects/Australia/15-0612 Eric Tweedale Stadium","93","_OpenAsset Projects","Australia","15-0612","Eric Tweedale Stadium","code + name"
"dwp_Digital_Asset/_OpenAsset Projects/Australia/N44 - Broken Hill Hospital","93","_OpenAsset Projects","Australia","","N44 - Broken Hill Hospital","name only (unverified, no code)"
"dwp_Digital_Asset/_OpenAsset Projects/Thailand/19-0198 Diageo New Office","93","_OpenAsset Projects","Thailand","19-0198","Diageo New Office","code + name"
"dwp_Digital_Asset/dwp Projects/THAILAND/Staff Photos 2025","90","dwp Projects","THAILAND","","Staff Photos 2025","name only (unverified, no code)"
"dwp_Digital_Asset/dwp Projects/THAILAND/Workplace/22-0138 UOB Sathon/Hi Res","89","dwp Projects","THAILAND","22-0138","UOB Sathon","code + name"
"dwp_Digital_Asset/dwp Projects/THAILAND/Workplace/22-0138 UOB Sathon/Low Res","89","dwp Projects","THAILAND","22-0138","UOB Sathon","code + name"
"dwp_Digital_Asset/_OpenAsset Projects/Australia/4344 - Caroline Springs Library/medium","88","_OpenAsset Projects","Australia","4344","Caroline Springs Library","code + name"
"dwp_Digital_Asset/_OpenAsset Projects/Australia/N7291 - Fort Scratchley Historic Restoration","87","_OpenAsset Projects","Australia","N7291","Fort Scratchley Historic Restoration","code + name"
"dwp_Digital_Asset/_OpenAsset Projects/Australia/502450 - Bentleigh Secondary College Meditation & Indigenous Cultural Centre","85","_OpenAsset Projects","Australia","502450","Bentleigh Secondary College Meditation & Indigenous Cultural Centre","code + name"
"dwp_Digital_Asset/_OpenAsset Projects/Thailand/THBKK-11-647 The XXXIX by Sansiri/medium","85","_OpenAsset Projects","Thailand","THBKK-11-647","The XXXIX by Sansiri","code + name"
"dwp_Digital_Asset/_OpenAsset Projects/Australia/1344 Richlands SEQ Distribution","84","_OpenAsset Projects","Australia","1344","Richlands SEQ Distribution","code + name"
"dwp_Digital_Asset/_OpenAsset Projects/Australia/8958 - Blacktown Leisure Centre & Library","84","_OpenAsset Projects","Australia","8958","Blacktown Leisure Centre & Library","code + name"
"dwp_Digital_Asset/_OpenAsset Projects/Thailand/16-0313 888 Thonglor (NIVATI)","84","_OpenAsset Projects","Thailand","16-0313","888 Thonglor (NIVATI)","code + name"
"dwp_Digital_Asset/_OpenAsset Projects/Thailand/TH-14-0464 Ashton Chula-Silom","84","_OpenAsset Projects","Thailand","TH-14-0464","Ashton Chula-Silom","code + name"
"dwp_Digital_Asset/_OpenAsset Projects/Singapore/11-65068 Robinsons Orchard/medium","82","_OpenAsset Projects","Singapore","11-65068","Robinsons Orchard","code + name"
"dwp_Digital_Asset/_OpenAsset Projects/Thailand/16-0413 S36 Condominium (The Esse)","82","_OpenAsset Projects","Thailand","16-0413","S36 Condominium (The Esse)","code + name"
"dwp_Digital_Asset/_OpenAsset Projects/Thailand/THBKK-14-0365 Samitivej Pediatric","82","_OpenAsset Projects","Thailand","THBKK-14-0365","Samitivej Pediatric","code + name"
"dwp_Digital_Asset/dwp Projects/SINGAPORE/11-65068 Robinsons Orchard/medium","82","dwp Projects","SINGAPORE","11-65068","Robinsons Orchard","code + name"
"dwp_Digital_Asset/_OpenAsset Projects/Thailand/THBKK-14-0260 SCG Office Renovation","81","_OpenAsset Projects","Thailand","THBKK-14-0260","SCG Office Renovation","code + name"
"dwp_Digital_Asset/_OpenAsset Projects/Thailand/THBKK-16-0027 H2 Condo by Real Asset (LAVIQ)/medium","81","_OpenAsset Projects","Thailand","THBKK-16-0027","H2 Condo by Real Asset (LAVIQ)","code + name"
"dwp_Digital_Asset/dwp Projects/THAILAND/Architecture/19-0470 BMW Barcelona Motor Vibhavadi","81","dwp Projects","THAILAND","19-0470","BMW Barcelona Motor Vibhavadi","code + name"
"dwp_Digital_Asset/_OpenAsset Projects/Australia/302565 -Charles Darwin Centre Development","79","_OpenAsset Projects","Australia","302565","Charles Darwin Centre Development","code + name"
"dwp_Digital_Asset/_OpenAsset Projects/Australia/30265 -Charles Darwin Centre Development","79","_OpenAsset Projects","Australia","30265","Charles Darwin Centre Development","code + name"
"dwp_Digital_Asset/_OpenAsset Projects/Thailand/21-0078 DH3 Residences","78","_OpenAsset Projects","Thailand","21-0078","DH3 Residences","code + name"
"dwp_Digital_Asset/_OpenAsset Projects/Thailand/THBKK-14-0707 Sansiri Paholyothin (The Monument Sanampao by Sansiri)","78","_OpenAsset Projects","Thailand","THBKK-14-0707","Sansiri Paholyothin (The Monument Sanampao by Sansiri)","code + name"
"dwp_Digital_Asset/_OpenAsset Projects/Thailand/Matthew Campbell Laurenza","77","_OpenAsset Projects","Thailand","","Matthew Campbell Laurenza","name only (unverified, no code)"
"dwp_Digital_Asset/_OpenAsset Projects/Thailand/THBKK-12-112 Chatrium Yangon","77","_OpenAsset Projects","Thailand","THBKK-12-112","Chatrium Yangon","code + name"
"dwp_Digital_Asset/_OpenAsset Projects/Australia/302937 Western Sydney University Science Building","75","_OpenAsset Projects","Australia","302937","Western Sydney University Science Building","code + name"
"dwp_Digital_Asset/_OpenAsset Projects/Thailand/THBKK-07-353 CDC Phase 1 - Interior","75","_OpenAsset Projects","Thailand","THBKK-07-353","CDC Phase 1 - Interior","code + name"
"dwp_Digital_Asset/_OpenAsset Projects/China/13-0937 Master Plan SuZhou/HKHKG-07-124 Crowne Plaza Zhongshan","74","_OpenAsset Projects","China","13-0937","Master Plan SuZhou","code + name"
"dwp_Digital_Asset/_OpenAsset Projects/Thailand/22-0511 KTC Business Center","74","_OpenAsset Projects","Thailand","22-0511","KTC Business Center","code + name"
"dwp_Digital_Asset/dwp Projects/THAILAND/Hospitality/18-0195 Amari Vientiane Laos (1)","74","dwp Projects","THAILAND","18-0195","Amari Vientiane Laos (1)","code + name"
"dwp_Digital_Asset/dwp Projects/THAILAND/Workplace/22-0511 KTC Business Center/High Res","74","dwp Projects","THAILAND","22-0511","KTC Business Center","code + name"
"dwp_Digital_Asset/dwp Projects/THAILAND/Workplace/22-0511 KTC Business Center/Low Res","74","dwp Projects","THAILAND","22-0511","KTC Business Center","code + name"
"dwp_Digital_Asset/_OpenAsset Projects/Thailand/21-0467 Stark Corporation New Office","73","_OpenAsset Projects","Thailand","21-0467","Stark Corporation New Office","code + name"
"dwp_Digital_Asset/_OpenAsset Projects/Thailand/THBKK-16-0284 Lucky Living Condo (Celes Asoke)","73","_OpenAsset Projects","Thailand","THBKK-16-0284","Lucky Living Condo (Celes Asoke)","code + name"
"dwp_Digital_Asset/_OpenAsset Projects/Thailand/THBKK-16-0284 Lucky Living Condo (Celes Asoke) (1)","73","_OpenAsset Projects","Thailand","THBKK-16-0284","Lucky Living Condo (Celes Asoke) (1)","code + name"
"dwp_Digital_Asset/dwp Projects/ARCHIVED/21-0467 Stark Corporation New Office","73","dwp Projects","","21-0467","Stark Corporation New Office","code + name"
"dwp_Digital_Asset/_OpenAsset Projects/Malaysia/THBKK-14-0302 Puteri Harbour Iskandar Phase 2 (Puteri Cove Residences)","72","_OpenAsset Projects","Malaysia","THBKK-14-0302","Puteri Harbour Iskandar Phase 2 (Puteri Cove Residences)","code + name"
"dwp_Digital_Asset/_OpenAsset Projects/Thailand/THBKK-03-37 Dome - Lebua","72","_OpenAsset Projects","Thailand","","THBKK-03-37 Dome - Lebua","name only (unverified, no code)"
"dwp_Digital_Asset/_OpenAsset Projects/Thailand/THBKK-12-544 Yum Restaurants","72","_OpenAsset Projects","Thailand","THBKK-12-544","Yum Restaurants","code + name"
"dwp_Digital_Asset/dwp Projects/THAILAND/Hospitality/22-0420 Skyview Hotel/Madura","72","dwp Projects","THAILAND","22-0420","Skyview Hotel","code + name"
"dwp_Digital_Asset/_OpenAsset Projects/Australia/N21358 - Singleton High School TTC","71","_OpenAsset Projects","Australia","N21358","Singleton High School TTC","code + name"
"dwp_Digital_Asset/_OpenAsset Projects/dwp signature/Anne Carson","71","_OpenAsset Projects","","","dwp signature","name only (unverified, no code)"
"dwp_Digital_Asset/_OpenAsset Projects/Thailand/dwp Anne Carson - Anne Carson","71","_OpenAsset Projects","Thailand","","dwp Anne Carson - Anne Carson","name only (unverified, no code)"
"dwp_Digital_Asset/_OpenAsset Projects/USA/dwp_Anne Carson","71","_OpenAsset Projects","USA","","dwp_Anne Carson","name only (unverified, no code)"
"dwp_Digital_Asset/dwp Projects/THAILAND/Residential/22-0047 Khao Yai Residence/KHAOYAI_HOUSE_HIRES","71","dwp Projects","THAILAND","22-0047","Khao Yai Residence","code + name"
"dwp_Digital_Asset/dwp Projects/THAILAND/Residential/22-0047 Khao Yai Residence/KHAOYAI_HOUSE_RESIZE","71","dwp Projects","THAILAND","22-0047","Khao Yai Residence","code + name"
"dwp_Digital_Asset/_OpenAsset Projects/Singapore/14-65027 Philips Electronics, Singapore","70","_OpenAsset Projects","Singapore","14-65027","Philips Electronics, Singapore","code + name"
"dwp_Digital_Asset/dwp Projects/SINGAPORE/14-65027 Philips Electronics, Singapore","70","dwp Projects","SINGAPORE","14-65027","Philips Electronics, Singapore","code + name"
"dwp_Digital_Asset/_OpenAsset Projects/Thailand/THBKK-15-0338 JTI New Office","69","_OpenAsset Projects","Thailand","THBKK-15-0338","JTI New Office","code + name"
"dwp_Digital_Asset/_OpenAsset Projects/Thailand/16-0470 Ruamjairak Hospital0","68","_OpenAsset Projects","Thailand","16-0470","Ruamjairak Hospital0","code + name"
"dwp_Digital_Asset/_OpenAsset Projects/Australia/502238 - Mirridong Aged Care Redevelopment","67","_OpenAsset Projects","Australia","502238","Mirridong Aged Care Redevelopment","code + name"
"dwp_Digital_Asset/_OpenAsset Projects/Australia/N7592 - BAE Systems Major Expansion","66","_OpenAsset Projects","Australia","N7592","BAE Systems Major Expansion","code + name"
"dwp_Digital_Asset/dwp Projects/UAE/Residential/One zaabeel/Photograpghs","66","dwp Projects","UAE","","Residential","name only (unverified, no code)"
"dwp_Digital_Asset/_OpenAsset Projects/Thailand/15-0060 Thailand Creative & Design Center (TCDC)/THBKK-13-0625 IDEO Rama 4","65","_OpenAsset Projects","Thailand","15-0060","Thailand Creative & Design Center (TCDC)","code + name"
"dwp_Digital_Asset/_OpenAsset Projects/Thailand/17-0846 Condo at Bangna by Magnolia (Whizdom the Forestias)","65","_OpenAsset Projects","Thailand","17-0846","Condo at Bangna by Magnolia (Whizdom the Forestias)","code + name"
"dwp_Digital_Asset/_OpenAsset Projects/Thailand/17-1181 Google Office - Design & Build (Level 10&14)/medium","65","_OpenAsset Projects","Thailand","17-1181","Google Office - Design & Build (Level 10&14)","code + name"
"dwp_Digital_Asset/_OpenAsset Projects/Australia/10012 Brisans Motorcycle Showroom","64","_OpenAsset Projects","Australia","10012","Brisans Motorcycle Showroom","code + name"
"dwp_Digital_Asset/_OpenAsset Projects/Australia/6794 - Alexandra Apartments City Quarter/medium","64","_OpenAsset Projects","Australia","6794","Alexandra Apartments City Quarter","code + name"
"dwp_Digital_Asset/_OpenAsset Projects/Thailand/THBKK-04-157 Bumrungrad International Hospital","64","_OpenAsset Projects","Thailand","THBKK-04-157","Bumrungrad International Hospital","code + name"
"dwp_Digital_Asset/_OpenAsset Projects/Australia/M22094 Western Australia State Netball Centre","63","_OpenAsset Projects","Australia","M22094","Western Australia State Netball Centre","code + name"
"dwp_Digital_Asset/_OpenAsset Projects/Thailand/THBKK-10-859 TMB Canteen","63","_OpenAsset Projects","Thailand","THBKK-10-859","TMB Canteen","code + name"
"dwp_Digital_Asset/_OpenAsset Projects/Australia/8416 - Rouse Hill Library & Community Centre","62","_OpenAsset Projects","Australia","8416","Rouse Hill Library & Community Centre","code + name"
"dwp_Digital_Asset/_OpenAsset Projects/Thailand/12-543 The Room - Pan Road","62","_OpenAsset Projects","Thailand","","12-543 The Room - Pan Road","name only (unverified, no code)"
"dwp_Digital_Asset/dwp Projects/Staff Photo 2026","62","dwp Projects","","","Staff Photo 2026","name only (unverified, no code)"
"dwp_Digital_Asset/_OpenAsset Projects/Thailand/15-0599 Rhythm Ekkamai","61","_OpenAsset Projects","Thailand","15-0599","Rhythm Ekkamai","code + name"
"dwp_Digital_Asset/_OpenAsset Projects/Thailand/19-0297 SCG BIM Business Center","61","_OpenAsset Projects","Thailand","19-0297","SCG BIM Business Center","code + name"
"dwp_Digital_Asset/_OpenAsset Projects/Thailand/THBKK-04-046 Hilton Hua Hin","61","_OpenAsset Projects","Thailand","THBKK-04-046","Hilton Hua Hin","code + name"
"dwp_Digital_Asset/_OpenAsset Projects/Thailand/THBKK-05-93 Reuters Beijing","61","_OpenAsset Projects","Thailand","","THBKK-05-93 Reuters Beijing","name only (unverified, no code)"
"dwp_Digital_Asset/_OpenAsset Projects/UAE/AE14-0712 Double Tree by Hilton Hotel at Bay Square","61","_OpenAsset Projects","UAE","","AE14-0712 Double Tree by Hilton Hotel at Bay Square","name only (unverified, no code)"
"dwp_Digital_Asset/_OpenAsset Projects/Australia/13158 Alice Springs Hospital Emergency Department","60","_OpenAsset Projects","Australia","13158","Alice Springs Hospital Emergency Department","code + name"
"dwp_Digital_Asset/_OpenAsset Projects/Australia/N20652 New Lambton Public School BER","60","_OpenAsset Projects","Australia","N20652","New Lambton Public School BER","code + name"
"dwp_Digital_Asset/dwp Projects/UAE/Workplace/BHMAM-10-948 Sigma Paint, Roll-out, Middle East","60","dwp Projects","UAE","BHMAM-10-948","Sigma Paint, Roll-out, Middle East","code + name"
"dwp_Digital_Asset/_OpenAsset Projects/Bahrain/BHMAM-10-948 Sigma Paint, Roll-out, Middle East","59","_OpenAsset Projects","Bahrain","BHMAM-10-948","Sigma Paint, Roll-out, Middle East","code + name"
"dwp_Digital_Asset/_OpenAsset Projects/Singapore/14-65045 Frasers Tower","59","_OpenAsset Projects","Singapore","14-65045","Frasers Tower","code + name"
"dwp_Digital_Asset/dwp Projects/SINGAPORE/14-65045 Frasers Tower","59","dwp Projects","SINGAPORE","14-65045","Frasers Tower","code + name"
"dwp_Digital_Asset/_OpenAsset Projects/Australia/835 CRA Laboratory/302792 - National Capital Private Hospital","58","_OpenAsset Projects","Australia","302792","National Capital Private Hospital","code + name"
"dwp_Digital_Asset/_OpenAsset Projects/Australia/302792 - National Capital Private Hospital","57","_OpenAsset Projects","Australia","302792","National Capital Private Hospital","code + name"
"dwp_Digital_Asset/_OpenAsset Projects/Australia/302799 - Harris Park Residential Development","57","_OpenAsset Projects","Australia","302799","Harris Park Residential Development","code + name"
"dwp_Digital_Asset/_OpenAsset Projects/Australia/7497 - The Greater BS Business Continuity Centre","57","_OpenAsset Projects","Australia","7497","The Greater BS Business Continuity Centre","code + name"
"dwp_Digital_Asset/_OpenAsset Projects/Hong Kong/HKHKG-09-650 Residential develo","57","_OpenAsset Projects","Hong Kong","HKHKG-09-650","Residential develo","code + name"
"dwp_Digital_Asset/_OpenAsset Projects/Singapore/16-65051 Grand Copthorne  Waterfront Hotel/medium","57","_OpenAsset Projects","Singapore","16-65051","Grand Copthorne  Waterfront Hotel","code + name"
"dwp_Digital_Asset/_OpenAsset Projects/Thailand/15-0060 Thailand Creative & Design Center (TCDC)/THBKK-07-353 CDC Phase 1 - Interior","57","_OpenAsset Projects","Thailand","15-0060","Thailand Creative & Design Center (TCDC)","code + name"
"dwp_Digital_Asset/_OpenAsset Projects/Thailand/17-0061 Kuehne+Nagel Office","57","_OpenAsset Projects","Thailand","17-0061","Kuehne+Nagel Office","code + name"
"dwp_Digital_Asset/_OpenAsset Projects/Thailand/20-0478 Centara Udonthani","57","_OpenAsset Projects","Thailand","20-0478","Centara Udonthani","code + name"
"dwp_Digital_Asset/_OpenAsset Projects/Thailand/21-0208 Chanel New Office","57","_OpenAsset Projects","Thailand","21-0208","Chanel New Office","code + name"
"dwp_Digital_Asset/_OpenAsset Projects/Thailand/THBKK-14-0735 Sansiri The LINE Jatujak-Mochit","57","_OpenAsset Projects","Thailand","THBKK-14-0735","Sansiri The LINE Jatujak-Mochit","code + name"
"dwp_Digital_Asset/_OpenAsset Projects/UAE/17-0806 Kerzner Office","57","_OpenAsset Projects","UAE","17-0806","Kerzner Office","code + name"
"dwp_Digital_Asset/dwp Projects/Hong Kong/HKHKG-09-650 Residential develo","57","dwp Projects","Hong Kong","HKHKG-09-650","Residential develo","code + name"
"dwp_Digital_Asset/dwp Projects/SINGAPORE/16-65051 Grand Copthorne  Waterfront Hotel/medium","57","dwp Projects","SINGAPORE","16-65051","Grand Copthorne  Waterfront Hotel","code + name"
"dwp_Digital_Asset/dwp Projects/UAE/Workplace/17-0806_ Kerzner Office","57","dwp Projects","UAE","","Workplace","name only (unverified, no code)"
"dwp_Digital_Asset/_OpenAsset Projects/Australia/B1200 Glenbrook Residential Aged Care Facility","56","_OpenAsset Projects","Australia","B1200","Glenbrook Residential Aged Care Facility","code + name"
"dwp_Digital_Asset/_OpenAsset Projects/Australia/303339 - Macquarie University Sydney City Campus Angel Place MUSCC","55","_OpenAsset Projects","Australia","303339","Macquarie University Sydney City Campus Angel Place MUSCC","code + name"
"dwp_Digital_Asset/_OpenAsset Projects/Thailand/11-054 Astra Zeneca/THBKK-11-752 Prudential Life","55","_OpenAsset Projects","Thailand","THBKK-11-752","Prudential Life","code + name"
"dwp_Digital_Asset/_OpenAsset Projects/Thailand/THBKK-12-467 The Style by Toyota","55","_OpenAsset Projects","Thailand","THBKK-12-467","The Style by Toyota","code + name"
"dwp_Digital_Asset/dwp Projects/VIETNAM/Hospitality/20-0179 Crown Plaza Vinh Yen City","55","dwp Projects","VIETNAM","20-0179","Crown Plaza Vinh Yen City","code + name"
"dwp_Digital_Asset/_OpenAsset Projects/Australia/17-0498 Pandora Workplace Fitout, Belrose","54","_OpenAsset Projects","Australia","17-0498","Pandora Workplace Fitout, Belrose","code + name"
"dwp_Digital_Asset/_OpenAsset Projects/Australia/18-0533 AETC","54","_OpenAsset Projects","Australia","18-0533","AETC","code + name"
"dwp_Digital_Asset/_OpenAsset Projects/Thailand/THBKK-15-0176 Malton 31 (Sukhumvit)","54","_OpenAsset Projects","Thailand","THBKK-15-0176","Malton 31 (Sukhumvit)","code + name"
"dwp_Digital_Asset/dwp Projects/THAILAND/Workplace/23-0244 Siam Motors HQ","54","dwp Projects","THAILAND","23-0244","Siam Motors HQ","code + name"
"dwp_Digital_Asset/_OpenAsset Projects/Thailand/22-0164 One Suntory","53","_OpenAsset Projects","Thailand","22-0164","One Suntory","code + name"
"dwp_Digital_Asset/_OpenAsset Projects/Thailand/THBKK-10-636 TOA New Office","53","_OpenAsset Projects","Thailand","THBKK-10-636","TOA New Office","code + name"
"dwp_Digital_Asset/_OpenAsset Projects/Thailand/THBKK-11-211 Lilanz Head Office","53","_OpenAsset Projects","Thailand","THBKK-11-211","Lilanz Head Office","code + name"
"dwp_Digital_Asset/_OpenAsset Projects/Thailand/THBKK-08-326 Ramada Karon Phuket","52","_OpenAsset Projects","Thailand","THBKK-08-326","Ramada Karon Phuket","code + name"
"dwp_Digital_Asset/dwp Projects/THAILAND/Hospitality/21-0323 Dusit Central Park","52","dwp Projects","THAILAND","21-0323","Dusit Central Park","code + name"
"dwp_Digital_Asset/_OpenAsset Projects/Malaysia/MYKUL-17-0065 Illy Coffee Pavilion and Klcc","51","_OpenAsset Projects","Malaysia","MYKUL-17-0065","Illy Coffee Pavilion and Klcc","code + name"
"dwp_Digital_Asset/_OpenAsset Projects/Thailand/13-0696 Ideo Ratchathewi","51","_OpenAsset Projects","Thailand","13-0696","Ideo Ratchathewi","code + name"
"dwp_Digital_Asset/dwp Projects/THAILAND/Hospitality/21-0439 Movenpick BDMS Wellness Resort - Conference Center","51","dwp Projects","THAILAND","21-0439","Movenpick BDMS Wellness Resort - Conference Center","code + name"
"dwp_Digital_Asset/dwp Projects/THAILAND/Workplace/23-0306 DLA Piper Office/High-Res","51","dwp Projects","THAILAND","23-0306","DLA Piper Office","code + name"
"dwp_Digital_Asset/dwp Projects/THAILAND/Workplace/23-0306 DLA Piper Office/Low-Res","51","dwp Projects","THAILAND","23-0306","DLA Piper Office","code + name"
"dwp_Digital_Asset/_OpenAsset Projects/Australia/1064-0 Swell Apartments","50","_OpenAsset Projects","Australia","1064","0 Swell Apartments","code + name"
"dwp_Digital_Asset/_OpenAsset Projects/Thailand/15-0060 Thailand Creative & Design Center (TCDC)/THBKK-11-1157 Premiera","50","_OpenAsset Projects","Thailand","15-0060","Thailand Creative & Design Center (TCDC)","code + name"
"dwp_Digital_Asset/_OpenAsset Projects/Thailand/THBKK-12-107 SCB Retail Mock up","50","_OpenAsset Projects","Thailand","THBKK-12-107","SCB Retail Mock up","code + name"
"dwp_Digital_Asset/_OpenAsset Projects/Thailand/THBKK-15-0151 Shrewsbury School","50","_OpenAsset Projects","Thailand","THBKK-15-0151","Shrewsbury School","code + name"
"dwp_Digital_Asset/dwp Projects/THAILAND/Turn Key/22-0449 Universal Music Office/High-Res","50","dwp Projects","THAILAND","22-0449","Universal Music Office","code + name"
"dwp_Digital_Asset/dwp Projects/THAILAND/Turn Key/22-0449 Universal Music Office/Low-Res","50","dwp Projects","THAILAND","22-0449","Universal Music Office","code + name"
"dwp_Digital_Asset/_OpenAsset Projects/Australia/N7912 - Coal Services Offices Singleton","49","_OpenAsset Projects","Australia","N7912","Coal Services Offices Singleton","code + name"
"dwp_Digital_Asset/_OpenAsset Projects/Thailand/18-0004 Shrewsbury City Campus","49","_OpenAsset Projects","Thailand","18-0004","Shrewsbury City Campus","code + name"
"dwp_Digital_Asset/_OpenAsset Projects/Thailand/THBKK-12-397 McCann - Bangkok","49","_OpenAsset Projects","Thailand","THBKK-12-397","McCann - Bangkok","code + name"
"dwp_Digital_Asset/_OpenAsset Projects/UAE/AEDXB-12-273 Emaar Offices","49","_OpenAsset Projects","UAE","AEDXB-12-273","Emaar Offices","code + name"
"dwp_Digital_Asset/_OpenAsset Projects/UAE/AEDXB-14-0213 W Dubai - The Palm","49","_OpenAsset Projects","UAE","AEDXB-14-0213","W Dubai - The Palm","code + name"
"dwp_Digital_Asset/dwp Projects/UAE/Workplace/439 - Emaar Offices","49","dwp Projects","UAE","","Workplace","name only (unverified, no code)"
"dwp_Digital_Asset/_OpenAsset Projects/Australia/202313 Woolworths Tuncurry","48","_OpenAsset Projects","Australia","202313","Woolworths Tuncurry","code + name"
"dwp_Digital_Asset/_OpenAsset Projects/Australia/300029 - Royal Rehabilitation Centre","48","_OpenAsset Projects","Australia","300029","Royal Rehabilitation Centre","code + name"
"dwp_Digital_Asset/_OpenAsset Projects/Thailand/17-0959 Sathorn Condominium","48","_OpenAsset Projects","Thailand","17-0959","Sathorn Condominium","code + name"
"dwp_Digital_Asset/_OpenAsset Projects/Thailand/THBKK-02-13 Double A","48","_OpenAsset Projects","Thailand","","THBKK-02-13 Double A","name only (unverified, no code)"
"dwp_Digital_Asset/_OpenAsset Projects/Australia/S21301 - Prince of Wales Private Hospital","47","_OpenAsset Projects","Australia","S21301","Prince of Wales Private Hospital","code + name"
"dwp_Digital_Asset/_OpenAsset Projects/Thailand/15-0122 Eastin Residence at Thana City","47","_OpenAsset Projects","Thailand","15-0122","Eastin Residence at Thana City","code + name"
"dwp_Digital_Asset/_OpenAsset Projects/Thailand/16-0208 Marriott Pattaya","47","_OpenAsset Projects","Thailand","16-0208","Marriott Pattaya","code + name"
"dwp_Digital_Asset/_OpenAsset Projects/Thailand/THBKK-12-413 185 Penthouses","47","_OpenAsset Projects","Thailand","THBKK-12-413","185 Penthouses","code + name"
"dwp_Digital_Asset/_OpenAsset Projects/Australia/18-0179 USC Stadium Expansion/M22019 Rathdowne Place Aged Care","46","_OpenAsset Projects","Australia","18-0179","USC Stadium Expansion","code + name"
"dwp_Digital_Asset/_OpenAsset Projects/Thailand/THBKK-09-635 Mai Khao Natai Res","46","_OpenAsset Projects","Thailand","THBKK-09-635","Mai Khao Natai Res","code + name"
"dwp_Digital_Asset/_OpenAsset Projects/Thailand/THBKK-15-0588 Novotel Siam Square","46","_OpenAsset Projects","Thailand","THBKK-15-0588","Novotel Siam Square","code + name"
"dwp_Digital_Asset/_OpenAsset Projects/Thailand/THBKK-15-0680 Bangkok Hospital - Royal Care Building","46","_OpenAsset Projects","Thailand","THBKK-15-0680","Bangkok Hospital - Royal Care Building","code + name"
"dwp_Digital_Asset/_OpenAsset Projects/Australia/202688 - Northern Terrritory Government Charles Darwin Centre/medium","45","_OpenAsset Projects","Australia","202688","Northern Terrritory Government Charles Darwin Centre","code + name"
"dwp_Digital_Asset/_OpenAsset Projects/Thailand/16-0054 TCC-Chaokoh Office","45","_OpenAsset Projects","Thailand","16-0054","TCC-Chaokoh Office","code + name"
"dwp_Digital_Asset/dwp Projects/ARCHIVED/FileCamp Library/COMPANY – sample folder","45","dwp Projects","","","FileCamp Library","name only (unverified, no code)"
"dwp_Digital_Asset/dwp Projects/THAILAND/Hospitality/20-0040 Chatrium Phuket Rawai/Low Res","45","dwp Projects","THAILAND","20-0040","Chatrium Phuket Rawai","code + name"
"dwp_Digital_Asset/_OpenAsset Projects/Australia/302942 - Connected Communities Moree East Public School","44","_OpenAsset Projects","Australia","302942","Connected Communities Moree East Public School","code + name"
"dwp_Digital_Asset/_OpenAsset Projects/Australia/4339 - Yuille Park Community College P-8","44","_OpenAsset Projects","Australia","4339","Yuille Park Community College P-8","code + name"
"dwp_Digital_Asset/_OpenAsset Projects/Australia/8102 - Hornsby Hospital","44","_OpenAsset Projects","Australia","8102","Hornsby Hospital","code + name"
"dwp_Digital_Asset/_OpenAsset Projects/Singapore/15-65008 Huber’s Butchery, Dempsey Road, Singapore","44","_OpenAsset Projects","Singapore","15-65008","Huber’s Butchery, Dempsey Road, Singapore","code + name"
"dwp_Digital_Asset/_OpenAsset Projects/Thailand/14-0305 Jones the Grocer","44","_OpenAsset Projects","Thailand","14-0305","Jones the Grocer","code + name"
"dwp_Digital_Asset/_OpenAsset Projects/Thailand/17-1182 - Park Phayathai","44","_OpenAsset Projects","Thailand","17-1182","Park Phayathai","code + name"
"dwp_Digital_Asset/_OpenAsset Projects/Thailand/21-0069 BMW Performance Motor Ratchaphruek","44","_OpenAsset Projects","Thailand","21-0069","BMW Performance Motor Ratchaphruek","code + name"
"dwp_Digital_Asset/_OpenAsset Projects/Thailand/THBKK-13-1015 Civil Engineering Office","44","_OpenAsset Projects","Thailand","THBKK-13-1015","Civil Engineering Office","code + name"
"dwp_Digital_Asset/_OpenAsset Projects/Thailand/THBKK-14-0031 Major Development Office L15","44","_OpenAsset Projects","Thailand","THBKK-14-0031","Major Development Office L15","code + name"
"dwp_Digital_Asset/dwp Projects/SINGAPORE/15-65008 Huber’s Butchery, Dempsey Road, Singapore","44","dwp Projects","SINGAPORE","15-65008","Huber’s Butchery, Dempsey Road, Singapore","code + name"
"dwp_Digital_Asset/dwp Projects/THAILAND/Architecture/22-0506 Amari Phuket Master planning","44","dwp Projects","THAILAND","22-0506","Amari Phuket Master planning","code + name"
"dwp_Digital_Asset/dwp Projects/THAILAND/Residential/18-0133 - Supalai Icon Sathorn","44","dwp Projects","THAILAND","18-0133","Supalai Icon Sathorn","code + name"
"dwp_Digital_Asset/_OpenAsset Projects/Australia/0306-04 Pacific Eye Centre/202833 John Hunter Children's Hospital PICU","43","_OpenAsset Projects","Australia","0306-04","Pacific Eye Centre","code + name"
"dwp_Digital_Asset/_OpenAsset Projects/Australia/5618 - Linwood Village","43","_OpenAsset Projects","Australia","5618","Linwood Village","code + name"
"dwp_Digital_Asset/_OpenAsset Projects/Australia/8317 - Lakemba Rail Station","43","_OpenAsset Projects","Australia","8317","Lakemba Rail Station","code + name"
"dwp_Digital_Asset/_OpenAsset Projects/Thailand/14-0437 Maitria Hotel","43","_OpenAsset Projects","Thailand","14-0437","Maitria Hotel","code + name"
"dwp_Digital_Asset/_OpenAsset Projects/Thailand/18-0439 The One Card Office","43","_OpenAsset Projects","Thailand","18-0439","The One Card Office","code + name"
"dwp_Digital_Asset/dwp Projects/UAE/Workplace/21-0468 Executive Council of Dubai Office, Level 28-20260409T084959Z-3-001/21-0468 Executive Council of Dubai Office, Level 28/Photographs","43","dwp Projects","UAE","21-0468","Executive Council of Dubai Office, Level 28","code + name"
"dwp_Digital_Asset/_OpenAsset Projects/Australia/302618 - Mt St Joseph Multipurpose Hall","42","_OpenAsset Projects","Australia","302618","Mt St Joseph Multipurpose Hall","code + name"
"dwp_Digital_Asset/_OpenAsset Projects/Australia/402819 - Queensland Eye Institute Research Clinic","42","_OpenAsset Projects","Australia","402819","Queensland Eye Institute Research Clinic","code + name"
"dwp_Digital_Asset/_OpenAsset Projects/Thailand/17-0993 Silom Hotel (ibis Silom)","42","_OpenAsset Projects","Thailand","17-0993","Silom Hotel (ibis Silom)","code + name"
"dwp_Digital_Asset/_OpenAsset Projects/Thailand/THBKK-10-857 Uawithaya Head Office - Bangkok,Thailand","42","_OpenAsset Projects","Thailand","THBKK-10-857","Uawithaya Head Office - Bangkok,Thailand","code + name"
"dwp_Digital_Asset/_OpenAsset Projects/Australia/21268 McCloys Group Head Office","41","_OpenAsset Projects","Australia","21268","McCloys Group Head Office","code + name"
"dwp_Digital_Asset/_OpenAsset Projects/Thailand/THBKK-16-0379 BMW Bangkae","41","_OpenAsset Projects","Thailand","THBKK-16-0379","BMW Bangkae","code + name"
"dwp_Digital_Asset/3D Projects/24-0168 DoubleTree An Giang","41","3D Projects","","24-0168","DoubleTree An Giang","code + name"
"dwp_Digital_Asset/dwp Projects/THAILAND/Hospitality/24-0168 DoubleTree by Hilton An Giang","41","dwp Projects","THAILAND","24-0168","DoubleTree by Hilton An Giang","code + name"
"dwp_Digital_Asset/_OpenAsset Projects/Australia/B20052 Caboolture Mental Health","40","_OpenAsset Projects","Australia","B20052","Caboolture Mental Health","code + name"
"dwp_Digital_Asset/_OpenAsset Projects/Singapore/14-65112 Commonwealth Bank of Australia","40","_OpenAsset Projects","Singapore","14-65112","Commonwealth Bank of Australia","code + name"
"dwp_Digital_Asset/_OpenAsset Projects/Thailand/17-0683 C Ratchathewi","40","_OpenAsset Projects","Thailand","17-0683","C Ratchathewi","code + name"
"dwp_Digital_Asset/_OpenAsset Projects/Thailand/THBKK-12-072 Mitsui Office","40","_OpenAsset Projects","Thailand","THBKK-12-072","Mitsui Office","code + name"
"dwp_Digital_Asset/_OpenAsset Projects/Thailand/THBKK-16-0383 Boehringer Ingelheim Office Renovation","40","_OpenAsset Projects","Thailand","THBKK-16-0383","Boehringer Ingelheim Office Renovation","code + name"
"dwp_Digital_Asset/_OpenAsset Projects/UAE/AEDXB-17-0521 4-Star DoubleTree by Hilton Residences in Qatar","40","_OpenAsset Projects","UAE","AEDXB-17-0521","4-Star DoubleTree by Hilton Residences in Qatar","code + name"
"dwp_Digital_Asset/dwp Projects/SINGAPORE/14-65112 Commonwealth Bank of Australia","40","dwp Projects","SINGAPORE","14-65112","Commonwealth Bank of Australia","code + name"
"dwp_Digital_Asset/_OpenAsset Projects/Australia/303219 - Carnes Hill Community + Recreation Precinct","39","_OpenAsset Projects","Australia","303219","Carnes Hill Community + Recreation Precinct","code + name"
"dwp_Digital_Asset/_OpenAsset Projects/Australia/403144 - H&M Brisbane Broadway Arcade","39","_OpenAsset Projects","Australia","403144","H&M Brisbane Broadway Arcade","code + name"
"dwp_Digital_Asset/_OpenAsset Projects/Australia/N4891 - Lindemans Ben Ean Winery","39","_OpenAsset Projects","Australia","N4891","Lindemans Ben Ean Winery","code + name"
"dwp_Digital_Asset/_OpenAsset Projects/Thailand/19-0400 Bangkok Hospital Cafeteria Renovation","39","_OpenAsset Projects","Thailand","19-0400","Bangkok Hospital Cafeteria Renovation","code + name"
"dwp_Digital_Asset/dwp Projects/THAILAND/Workplace/23-0068 BBL Private Bank & Retail (G floor)/HIRES","39","dwp Projects","THAILAND","23-0068","BBL Private Bank & Retail (G floor)","code + name"
"dwp_Digital_Asset/dwp Projects/THAILAND/Workplace/23-0068 BBL Private Bank & Retail (G floor)/RESIZE","39","dwp Projects","THAILAND","23-0068","BBL Private Bank & Retail (G floor)","code + name"
"dwp_Digital_Asset/_OpenAsset Projects/Australia/10014 Aldi Cardiff","38","_OpenAsset Projects","Australia","10014","Aldi Cardiff","code + name"
"dwp_Digital_Asset/_OpenAsset Projects/Australia/203078 - The Junction Public School Upgrade","38","_OpenAsset Projects","Australia","203078","The Junction Public School Upgrade","code + name"
"dwp_Digital_Asset/_OpenAsset Projects/Australia/5314 - Maitland Private Hospital","38","_OpenAsset Projects","Australia","5314","Maitland Private Hospital","code + name"
"dwp_Digital_Asset/_OpenAsset Projects/Australia/N6511 - Hunter Valley Private Hospital","38","_OpenAsset Projects","Australia","N6511","Hunter Valley Private Hospital","code + name"
"dwp_Digital_Asset/_OpenAsset Projects/Thailand/16-0023 GEM38 (Ideo Mobi Asoke)","38","_OpenAsset Projects","Thailand","16-0023","GEM38 (Ideo Mobi Asoke)","code + name"
"dwp_Digital_Asset/_OpenAsset Projects/Thailand/THBKK-10-810 Keyne Lobby","38","_OpenAsset Projects","Thailand","THBKK-10-810","Keyne Lobby","code + name"
"dwp_Digital_Asset/_OpenAsset Projects/Thailand/THBKK-12-620 Uawithya L15","38","_OpenAsset Projects","Thailand","THBKK-12-620","Uawithya L15","code + name"
"dwp_Digital_Asset/_OpenAsset Projects/Thailand/THBKK-14-041 Dusit Building","38","_OpenAsset Projects","Thailand","THBKK-14-041","Dusit Building","code + name"
"dwp_Digital_Asset/_OpenAsset Projects/Thailand/THBKK-14-0550 Oracle","38","_OpenAsset Projects","Thailand","THBKK-14-0550","Oracle","code + name"
"dwp_Digital_Asset/dwp Projects/UAE/Medusa Images/residential/Live in the City Estate, Cracow, PL","38","dwp Projects","UAE","","Medusa Images","name only (unverified, no code)"
"dwp_Digital_Asset/dwp Projects/UAE/Workplace/ORA","38","dwp Projects","UAE","","Workplace","name only (unverified, no code)"
"dwp_Digital_Asset/_OpenAsset Projects/Australia/8495 - Aldi Raymond Terrace","37","_OpenAsset Projects","Australia","8495","Aldi Raymond Terrace","code + name"
"dwp_Digital_Asset/_OpenAsset Projects/Thailand/11-054 Astra Zeneca/THBKK-14-0638 HERE Chiang Mai","37","_OpenAsset Projects","Thailand","THBKK-14-0638","HERE Chiang Mai","code + name"
"dwp_Digital_Asset/_OpenAsset Projects/Thailand/THBKK-11-167 Parfums & Beaute Thailand","37","_OpenAsset Projects","Thailand","THBKK-11-167","Parfums & Beaute Thailand","code + name"
"dwp_Digital_Asset/_OpenAsset Projects/Thailand/THBKK-14-0372 Mercedes-Benz showroom Lumpini","37","_OpenAsset Projects","Thailand","THBKK-14-0372","Mercedes-Benz showroom Lumpini","code + name"
"dwp_Digital_Asset/_OpenAsset Projects/Thailand/THBKK-15-01510 BBLAM Renovation","37","_OpenAsset Projects","Thailand","THBKK-15-01510","BBLAM Renovation","code + name"
"dwp_Digital_Asset/_OpenAsset Projects/Thailand/THBKK-15-0155 AIA Canteen","37","_OpenAsset Projects","Thailand","THBKK-15-0155","AIA Canteen","code + name"
"dwp_Digital_Asset/_OpenAsset Projects/Australia/M21191 Blackburn High School","36","_OpenAsset Projects","Australia","M21191","Blackburn High School","code + name"
"dwp_Digital_Asset/_OpenAsset Projects/Australia/N21139 Cameron Park Community Centre","36","_OpenAsset Projects","Australia","N21139","Cameron Park Community Centre","code + name"
"dwp_Digital_Asset/_OpenAsset Projects/Australia/202441 - The Greater BS Kotara Branch","35","_OpenAsset Projects","Australia","202441","The Greater BS Kotara Branch","code + name"
"dwp_Digital_Asset/_OpenAsset Projects/Australia/B2947 Woodcrest College","35","_OpenAsset Projects","Australia","B2947","Woodcrest College","code + name"
"dwp_Digital_Asset/_OpenAsset Projects/Hong Kong/HKHKG-11-266 3-F Happy Valley","35","_OpenAsset Projects","Hong Kong","HKHKG-11-266","3-F Happy Valley","code + name"
"dwp_Digital_Asset/_OpenAsset Projects/Malaysia/MYKUL-10-182 SD Property Office/THBKK-14-0302 Puteri Harbour Iskandar Phase 2 (Puteri Cove Residences)","35","_OpenAsset Projects","Malaysia","MYKUL-10-182","SD Property Office","code + name"
"dwp_Digital_Asset/_OpenAsset Projects/Thailand/11-054 Astra Zeneca","35","_OpenAsset Projects","Thailand","","11-054 Astra Zeneca","name only (unverified, no code)"
"dwp_Digital_Asset/_OpenAsset Projects/Thailand/14-0498 Asian University","35","_OpenAsset Projects","Thailand","14-0498","Asian University","code + name"
"dwp_Digital_Asset/_OpenAsset Projects/Thailand/THBKK-11-1133 Mediacom Office","35","_OpenAsset Projects","Thailand","THBKK-11-1133","Mediacom Office","code + name"
"dwp_Digital_Asset/dwp Projects/Hong Kong/HKHKG-11-266 3-F Happy Valley","35","dwp Projects","Hong Kong","HKHKG-11-266","3-F Happy Valley","code + name"
"dwp_Digital_Asset/_OpenAsset Projects/Australia/302794 - Gascoyne Health District Redevelopment Exmouth & Carnarvon","34","_OpenAsset Projects","Australia","302794","Gascoyne Health District Redevelopment Exmouth & Carnarvon","code + name"
"dwp_Digital_Asset/_OpenAsset Projects/Australia/5929 - TAFE NSW Hunter Institute Cessnock","34","_OpenAsset Projects","Australia","5929","TAFE NSW Hunter Institute Cessnock","code + name"
"dwp_Digital_Asset/_OpenAsset Projects/Australia/N21198 - The Greater BS Lambton","34","_OpenAsset Projects","Australia","N21198","The Greater BS Lambton","code + name"
"dwp_Digital_Asset/_OpenAsset Projects/Thailand/12-0631 SCB Executive Dining (L22)","34","_OpenAsset Projects","Thailand","12-0631","SCB Executive Dining (L22)","code + name"
"dwp_Digital_Asset/_OpenAsset Projects/Thailand/20-0140 JD Central Relocation","34","_OpenAsset Projects","Thailand","20-0140","JD Central Relocation","code + name"
"dwp_Digital_Asset/dwp Projects/THAILAND/Workplace/12-0631 SCB Executive Dining (L22)","34","dwp Projects","THAILAND","12-0631","SCB Executive Dining (L22)","code + name"
"dwp_Digital_Asset/dwp Projects/VIETNAM/Residential/24-0136 Thuan Phuoc Residential area, Da nang (ARC)","34","dwp Projects","VIETNAM","24-0136","Thuan Phuoc Residential area, Da nang (ARC)","code + name"
"dwp_Digital_Asset/_OpenAsset Projects/Australia/302681- Hills Shire Council","33","_OpenAsset Projects","Australia","302681","Hills Shire Council","code + name"
"dwp_Digital_Asset/_OpenAsset Projects/Australia/AUSYD-17-0183 Westmead Hospital Oncology and Palliative Care Ward C5C Refurbishment","33","_OpenAsset Projects","Australia","AUSYD-17-0183","Westmead Hospital Oncology and Palliative Care Ward C5C Refurbishment","code + name"
"dwp_Digital_Asset/_OpenAsset Projects/Australia/M4179 - Elanora Nursing Home","33","_OpenAsset Projects","Australia","M4179","Elanora Nursing Home","code + name"
"dwp_Digital_Asset/_OpenAsset Projects/Singapore/11-65087 Trafigura, Singapore","33","_OpenAsset Projects","Singapore","11-65087","Trafigura, Singapore","code + name"
"dwp_Digital_Asset/_OpenAsset Projects/Thailand/12-543 The Room - Pan Road/THBKK-13-0774 CIMB Silom Branch","33","_OpenAsset Projects","Thailand","THBKK-13-0774","CIMB Silom Branch","code + name"
"dwp_Digital_Asset/_OpenAsset Projects/Thailand/THBKK-08-593 BMS","33","_OpenAsset Projects","Thailand","THBKK-08-593","BMS","code + name"
"dwp_Digital_Asset/_OpenAsset Projects/Thailand/THBKK-16-0008 Deloitte","33","_OpenAsset Projects","Thailand","THBKK-16-0008","Deloitte","code + name"
"dwp_Digital_Asset/dwp Projects/SINGAPORE/11-65087 Trafigura, Singapore","33","dwp Projects","SINGAPORE","11-65087","Trafigura, Singapore","code + name"
"dwp_Digital_Asset/dwp Projects/THAILAND/Architecture/23-0267 BMW Europa Motor Ratchaphrek (Charan)/EUROPA_HIRES","33","dwp Projects","THAILAND","23-0267","BMW Europa Motor Ratchaphrek (Charan)","code + name"
"dwp_Digital_Asset/dwp Projects/THAILAND/Architecture/23-0267 BMW Europa Motor Ratchaphrek (Charan)/EUROPA_RESIZE","33","dwp Projects","THAILAND","23-0267","BMW Europa Motor Ratchaphrek (Charan)","code + name"
"dwp_Digital_Asset/dwp Projects/THAILAND/Hospitality/22-0156 Dusit Thani Maldives Seaplane Lounge","33","dwp Projects","THAILAND","22-0156","Dusit Thani Maldives Seaplane Lounge","code + name"
"dwp_Digital_Asset/_OpenAsset Projects/Australia/403372 - Qld Airport Ltd Workplace Fitout","32","_OpenAsset Projects","Australia","403372","Qld Airport Ltd Workplace Fitout","code + name"
"dwp_Digital_Asset/_OpenAsset Projects/Australia/602280 - Cairns Private Hospital Additional Wards","32","_OpenAsset Projects","Australia","602280","Cairns Private Hospital Additional Wards","code + name"
"dwp_Digital_Asset/_OpenAsset Projects/Australia/S20098 - Ku-ring-gai Fitness and Aquatic Centre","32","_OpenAsset Projects","Australia","S20098","Ku-ring-gai Fitness and Aquatic Centre","code + name"
"dwp_Digital_Asset/_OpenAsset Projects/Thailand/14-0433 CIMB Mahanak Branch","32","_OpenAsset Projects","Thailand","14-0433","CIMB Mahanak Branch","code + name"
"dwp_Digital_Asset/_OpenAsset Projects/Thailand/THBKK-03-41 The Lofts Sathorn","32","_OpenAsset Projects","Thailand","","THBKK-03-41 The Lofts Sathorn","name only (unverified, no code)"
"dwp_Digital_Asset/_OpenAsset Projects/Thailand/THBKK-09-210 IOD (Thai Institute)","32","_OpenAsset Projects","Thailand","THBKK-09-210","IOD (Thai Institute)","code + name"
"dwp_Digital_Asset/_OpenAsset Projects/UAE/AEDXB-09-570 IPIC Head Quater","32","_OpenAsset Projects","UAE","AEDXB-09-570","IPIC Head Quater","code + name"
"dwp_Digital_Asset/dwp Projects/UAE/Workplace/511 - IPIC Head Quater","32","dwp Projects","UAE","","Workplace","name only (unverified, no code)"
"dwp_Digital_Asset/dwp Projects/UAE/Workplace/Amazon HQ Dubai-20260409T090026Z-3-001/Amazon HQ Dubai","32","dwp Projects","UAE","","Workplace","name only (unverified, no code)"
"dwp_Digital_Asset/_OpenAsset Projects/Australia/16-0057 Elements of Toronto","31","_OpenAsset Projects","Australia","16-0057","Elements of Toronto","code + name"
"dwp_Digital_Asset/_OpenAsset Projects/Australia/17-0477 Granville Multipurpose Centre","31","_OpenAsset Projects","Australia","17-0477","Granville Multipurpose Centre","code + name"
"dwp_Digital_Asset/_OpenAsset Projects/Australia/AUNCL-14-0023 Newcastle Private Hospital Kingston Extension","31","_OpenAsset Projects","Australia","AUNCL-14-0023","Newcastle Private Hospital Kingston Extension","code + name"
"dwp_Digital_Asset/_OpenAsset Projects/Australia/N2572 - Joan Sutherland Performing Arts Centre","31","_OpenAsset Projects","Australia","N2572","Joan Sutherland Performing Arts Centre","code + name"
"dwp_Digital_Asset/_OpenAsset Projects/Hong Kong/HKHKG-08-486 Grand Hyatt, Macau","31","_OpenAsset Projects","Hong Kong","HKHKG-08-486","Grand Hyatt, Macau","code + name"
"dwp_Digital_Asset/_OpenAsset Projects/Thailand/17-1126 Ascott Embassy Sathorn Bangkok (Ananda Serviced Apartment)","31","_OpenAsset Projects","Thailand","17-1126","Ascott Embassy Sathorn Bangkok (Ananda Serviced Apartment)","code + name"
"dwp_Digital_Asset/_OpenAsset Projects/Thailand/18-0133 Supalai Icon Sathorn/medium","31","_OpenAsset Projects","Thailand","18-0133","Supalai Icon Sathorn","code + name"
"dwp_Digital_Asset/_OpenAsset Projects/Thailand/THBKK-09-979 BSH Home Appliance","31","_OpenAsset Projects","Thailand","THBKK-09-979","BSH Home Appliance","code + name"
"dwp_Digital_Asset/_OpenAsset Projects/Thailand/THBKK-17-0786 CIMB Rama 9","31","_OpenAsset Projects","Thailand","THBKK-17-0786","CIMB Rama 9","code + name"
"dwp_Digital_Asset/_OpenAsset Projects/Vietnam/VNHCM-13-0647 Avani Resort","31","_OpenAsset Projects","Vietnam","VNHCM-13-0647","Avani Resort","code + name"
"dwp_Digital_Asset/dwp Projects/Hong Kong/HKHKG-08-486 Grand Hyatt, Macau","31","dwp Projects","Hong Kong","HKHKG-08-486","Grand Hyatt, Macau","code + name"
"dwp_Digital_Asset/dwp Projects/THAILAND/Architecture/16-0274 Tha Noon Phang Nga","31","dwp Projects","THAILAND","16-0274","Tha Noon Phang Nga","code + name"
"dwp_Digital_Asset/dwp Projects/THAILAND/Education/23-0124 British International School Phuket- Innovation Center","31","dwp Projects","THAILAND","23-0124","British International School Phuket- Innovation Center","code + name"
"dwp_Digital_Asset/dwp Projects/UAE/Medusa Images/residential/House in Bieszczady, PL","31","dwp Projects","UAE","","Medusa Images","name only (unverified, no code)"
"dwp_Digital_Asset/dwp Projects/UAE/Workplace/911 - Department of Finance Headquarters, Dubai","31","dwp Projects","UAE","","Workplace","name only (unverified, no code)"
"dwp_Digital_Asset/dwp Projects/VIETNAM/Residential/22-0223 Lancaster Legacy Residential","31","dwp Projects","VIETNAM","22-0223","Lancaster Legacy Residential","code + name"
"dwp_Digital_Asset/dwp Projects/VIETNAM/Vietnam/VNHCM-13-0647 Avani Resort","31","dwp Projects","VIETNAM","VNHCM-13-0647","Avani Resort","code + name"
"dwp_Digital_Asset/_OpenAsset Projects/Australia/17-0100 Maitland Mutual Head Office","30","_OpenAsset Projects","Australia","17-0100","Maitland Mutual Head Office","code + name"
"dwp_Digital_Asset/_OpenAsset Projects/Australia/4033 - Rosebud Secondary College","30","_OpenAsset Projects","Australia","4033","Rosebud Secondary College","code + name"
"dwp_Digital_Asset/_OpenAsset Projects/Australia/8519 - Ferndale Nursing Home","30","_OpenAsset Projects","Australia","8519","Ferndale Nursing Home","code + name"
"dwp_Digital_Asset/_OpenAsset Projects/Australia/AUSYD-16-0181 Foreshore House Workplace","30","_OpenAsset Projects","Australia","AUSYD-16-0181","Foreshore House Workplace","code + name"
"dwp_Digital_Asset/_OpenAsset Projects/Hong Kong/17-0432 Shrewsbury HK","30","_OpenAsset Projects","Hong Kong","17-0432","Shrewsbury HK","code + name"
"dwp_Digital_Asset/_OpenAsset Projects/Hong Kong/HKHKG-09-524 Banyan Tree Specialty Restaurant - Oyster Bar & Variety Grill Restaurant, Macau","30","_OpenAsset Projects","Hong Kong","HKHKG-09-524","Banyan Tree Specialty Restaurant - Oyster Bar & Variety Grill Restaurant, Macau","code + name"
"dwp_Digital_Asset/_OpenAsset Projects/Singapore/11-65054 Zafferanno","30","_OpenAsset Projects","Singapore","11-65054","Zafferanno","code + name"
"dwp_Digital_Asset/_OpenAsset Projects/Singapore/17-65071 Capital Square","30","_OpenAsset Projects","Singapore","17-65071","Capital Square","code + name"
"dwp_Digital_Asset/_OpenAsset Projects/Thailand/15-0060 Thailand Creative & Design Center (TCDC)/THBKK-09-981 Central Sales Gall","30","_OpenAsset Projects","Thailand","15-0060","Thailand Creative & Design Center (TCDC)","code + name"
"dwp_Digital_Asset/_OpenAsset Projects/Thailand/15-0574 Hackett","30","_OpenAsset Projects","Thailand","15-0574","Hackett","code + name"
"dwp_Digital_Asset/_OpenAsset Projects/Thailand/TH-10-994 BBL Asset Management","30","_OpenAsset Projects","Thailand","TH-10-994","BBL Asset Management","code + name"
"dwp_Digital_Asset/_OpenAsset Projects/Thailand/THBKK-09-001 Bank of Ayudhya - New Branch","30","_OpenAsset Projects","Thailand","THBKK-09-001","Bank of Ayudhya - New Branch","code + name"
"dwp_Digital_Asset/3D Projects/20-0040 Chatrium Hotel Rawai Phuket","30","3D Projects","","20-0040","Chatrium Hotel Rawai Phuket","code + name"
"dwp_Digital_Asset/dwp Projects/Hong Kong/17-0432 Shrewsbury HK","30","dwp Projects","Hong Kong","17-0432","Shrewsbury HK","code + name"
"dwp_Digital_Asset/dwp Projects/Hong Kong/HKHKG-09-524 Banyan Tree Specialty Restaurant - Oyster Bar _ Variety Grill Restaurant, Macau","30","dwp Projects","Hong Kong","HKHKG-09-524","Banyan Tree Specialty Restaurant - Oyster Bar _ Variety Grill Restaurant, Macau","code + name"
"dwp_Digital_Asset/dwp Projects/SINGAPORE/17-65071 Capital Square","30","dwp Projects","SINGAPORE","17-65071","Capital Square","code + name"
"dwp_Digital_Asset/dwp Projects/SINGAPORE/SG-11-65054 Zafferanno","30","dwp Projects","SINGAPORE","SG-11-65054","Zafferanno","code + name"
"dwp_Digital_Asset/dwp Projects/UAE/Workplace/JET","30","dwp Projects","UAE","","Workplace","name only (unverified, no code)"
"dwp_Digital_Asset/_OpenAsset Projects/Australia/8478 - East Darling Harbour Design Competition","29","_OpenAsset Projects","Australia","8478","East Darling Harbour Design Competition","code + name"
"dwp_Digital_Asset/_OpenAsset Projects/Hong Kong/HKHKG-15-0307 The Parklane - Pullman","29","_OpenAsset Projects","Hong Kong","HKHKG-15-0307","The Parklane - Pullman","code + name"
"dwp_Digital_Asset/_OpenAsset Projects/Thailand/THBKK-13-0406 Mercedes Benz Office","29","_OpenAsset Projects","Thailand","THBKK-13-0406","Mercedes Benz Office","code + name"
"dwp_Digital_Asset/_OpenAsset Projects/Thailand/THBKK-15-0529-OP BMW Mini Showroom","29","_OpenAsset Projects","Thailand","THBKK-15-0529","OP BMW Mini Showroom","code + name"
"dwp_Digital_Asset/3D Projects/20-0401 Tribute","29","3D Projects","","20-0401","Tribute","code + name"
"dwp_Digital_Asset/3D Projects/23-0331 Hilton Hai Phong","29","3D Projects","","23-0331","Hilton Hai Phong","code + name"
"dwp_Digital_Asset/dwp Projects/Hong Kong/HKHKG-15-0307 The Parklane - Pullman","29","dwp Projects","Hong Kong","HKHKG-15-0307","The Parklane - Pullman","code + name"
"dwp_Digital_Asset/_OpenAsset Projects/Australia/8061 - Erina Community Centre","28","_OpenAsset Projects","Australia","8061","Erina Community Centre","code + name"
"dwp_Digital_Asset/_OpenAsset Projects/Australia/N22080 - Armidale Courthouse","28","_OpenAsset Projects","Australia","N22080","Armidale Courthouse","code + name"
"dwp_Digital_Asset/_OpenAsset Projects/Australia/N6992 - 670 Hunter Street","28","_OpenAsset Projects","Australia","N6992","670 Hunter Street","code + name"
"dwp_Digital_Asset/_OpenAsset Projects/Australia/S8323 - TAFE NSW New England Institute Library & Fine Arts Centre","28","_OpenAsset Projects","Australia","S8323","TAFE NSW New England Institute Library & Fine Arts Centre","code + name"
"dwp_Digital_Asset/_OpenAsset Projects/Thailand/13-1050 Sergio Rossi at Central Embassy","28","_OpenAsset Projects","Thailand","13-1050","Sergio Rossi at Central Embassy","code + name"
"dwp_Digital_Asset/_OpenAsset Projects/Thailand/THBKK-11-277 Shanghai Pangu - C","28","_OpenAsset Projects","Thailand","THBKK-11-277","Shanghai Pangu - C","code + name"
"dwp_Digital_Asset/_OpenAsset Projects/Thailand/THBKK-11-709 MONTBLANC Chidlom","28","_OpenAsset Projects","Thailand","THBKK-11-709","MONTBLANC Chidlom","code + name"
"dwp_Digital_Asset/_OpenAsset Projects/Thailand/THBKK-16-01369 Bangkok Airways L19","28","_OpenAsset Projects","Thailand","THBKK-16-01369","Bangkok Airways L19","code + name"
"dwp_Digital_Asset/dwp Projects/ARCHIVED/18-0247 MGallery by Sofitel Chadstone","28","dwp Projects","","18-0247","MGallery by Sofitel Chadstone","code + name"
"dwp_Digital_Asset/dwp Projects/THAILAND/Hospitality/23-0331 Hilton Legend Hai Phong","28","dwp Projects","THAILAND","23-0331","Hilton Legend Hai Phong","code + name"
"dwp_Digital_Asset/dwp Projects/THAILAND/Workplace/22-0395 Johnson & Johnson Thailand Office (Kenvue)","28","dwp Projects","THAILAND","22-0395","Johnson & Johnson Thailand Office (Kenvue)","code + name"
"dwp_Digital_Asset/dwp Projects/UAE/Workplace/TEC L28","28","dwp Projects","UAE","","Workplace","name only (unverified, no code)"
"dwp_Digital_Asset/_OpenAsset Projects/Australia/0306-04 Pacific Eye Centre/B1298 Cairns Hospital MRI","27","_OpenAsset Projects","Australia","0306-04","Pacific Eye Centre","code + name"
"dwp_Digital_Asset/_OpenAsset Projects/Australia/1143 Vantage","27","_OpenAsset Projects","Australia","1143","Vantage","code + name"
"dwp_Digital_Asset/_OpenAsset Projects/Thailand/11-054 Astra Zeneca/THBKK-12-318 Dentsu Thailand","27","_OpenAsset Projects","Thailand","THBKK-12-318","Dentsu Thailand","code + name"
"dwp_Digital_Asset/_OpenAsset Projects/Thailand/TH-00-000 Distil Bangkok","27","_OpenAsset Projects","Thailand","TH-00-000","Distil Bangkok","code + name"
"dwp_Digital_Asset/_OpenAsset Projects/Thailand/THBKK-09-118 Emporium","27","_OpenAsset Projects","Thailand","THBKK-09-118","Emporium","code + name"
"dwp_Digital_Asset/dwp Projects/THAILAND/Architecture/18-0546 SSUP Mixed Use Pattaya/SSUP Mixed Use Pattaya (Site Photos)","27","dwp Projects","THAILAND","18-0546","SSUP Mixed Use Pattaya","code + name"
"dwp_Digital_Asset/dwp Projects/THAILAND/Workplace/25-0295_PUUN Intelligent Office/MobileSnaps","27","dwp Projects","THAILAND","","Workplace","name only (unverified, no code)"
"dwp_Digital_Asset/dwp Projects/VIETNAM/Hospitality/17-0538 Vocco Da Nang","27","dwp Projects","VIETNAM","17-0538","Vocco Da Nang","code + name"
"dwp_Digital_Asset/_OpenAsset Projects/Australia/007639 - Yallambee Lodge","26","_OpenAsset Projects","Australia","007639","Yallambee Lodge","code + name"
"dwp_Digital_Asset/_OpenAsset Projects/Australia/8442 - National Art School","26","_OpenAsset Projects","Australia","8442","National Art School","code + name"
"dwp_Digital_Asset/_OpenAsset Projects/Australia/AUMEL18-0247 Hotel Chadstone Melbourne, MGallery by Sofitel","26","_OpenAsset Projects","Australia","","AUMEL18-0247 Hotel Chadstone Melbourne, MGallery by Sofitel","name only (unverified, no code)"
"dwp_Digital_Asset/_OpenAsset Projects/Australia/B10310 University of Queensland Boilerhouse Community Engagement Centre","26","_OpenAsset Projects","Australia","B10310","University of Queensland Boilerhouse Community Engagement Centre","code + name"
"dwp_Digital_Asset/_OpenAsset Projects/Thailand/THBKK-10-365 Halcrow Office","26","_OpenAsset Projects","Thailand","THBKK-10-365","Halcrow Office","code + name"
"dwp_Digital_Asset/3D Projects/16-0413 Esse 36","26","3D Projects","","16-0413","Esse 36","code + name"
"dwp_Digital_Asset/dwp Projects/ARCHIVED/FileCamp Library/COMPANY – sample folder/Shoes","26","dwp Projects","","","FileCamp Library","name only (unverified, no code)"
"dwp_Digital_Asset/dwp Projects/THAILAND/Hospitality/22-0420 Skyview Hotel/Low Res","26","dwp Projects","THAILAND","22-0420","Skyview Hotel","code + name"
"dwp_Digital_Asset/dwp Projects/UAE/F&B/1132 - Nando's Saudi Arabia","26","dwp Projects","UAE","1132","Nando's Saudi Arabia","code + name"
"dwp_Digital_Asset/_OpenAsset Projects/Australia/502612 - Swan Hill District Health Aged Care","25","_OpenAsset Projects","Australia","502612","Swan Hill District Health Aged Care","code + name"
"dwp_Digital_Asset/_OpenAsset Projects/Australia/B10021 Innisfail Hospital","25","_OpenAsset Projects","Australia","B10021","Innisfail Hospital","code + name"
"dwp_Digital_Asset/_OpenAsset Projects/Australia/B20362 Queensland University of Technology S Block","25","_OpenAsset Projects","Australia","B20362","Queensland University of Technology S Block","code + name"
"dwp_Digital_Asset/_OpenAsset Projects/Australia/N20342 - The Greater BS Cardiff","25","_OpenAsset Projects","Australia","N20342","The Greater BS Cardiff","code + name"
"dwp_Digital_Asset/_OpenAsset Projects/Singapore/15-65090 Nord LB","25","_OpenAsset Projects","Singapore","15-65090","Nord LB","code + name"
"dwp_Digital_Asset/_OpenAsset Projects/Singapore/17-65085 Yue Hwa Department Store","25","_OpenAsset Projects","Singapore","17-65085","Yue Hwa Department Store","code + name"
"dwp_Digital_Asset/_OpenAsset Projects/Thailand/19-0259 UOB Plaza Bangkok","25","_OpenAsset Projects","Thailand","19-0259","UOB Plaza Bangkok","code + name"
"dwp_Digital_Asset/_OpenAsset Projects/Thailand/THBKK-11-906 ERICSSON Office","25","_OpenAsset Projects","Thailand","THBKK-11-906","ERICSSON Office","code + name"
"dwp_Digital_Asset/3D Projects/17-1166 Park Thonglor","25","3D Projects","","17-1166","Park Thonglor","code + name"
"dwp_Digital_Asset/dwp Projects/SINGAPORE/15-65090 Nord LB","25","dwp Projects","SINGAPORE","15-65090","Nord LB","code + name"
"dwp_Digital_Asset/dwp Projects/SINGAPORE/17-65085 Yue Hwa Department Store","25","dwp Projects","SINGAPORE","17-65085","Yue Hwa Department Store","code + name"
"dwp_Digital_Asset/dwp Projects/UAE/Medusa Images/civic/The Brewery Gate plaza, Warsaw, PL","25","dwp Projects","UAE","","Medusa Images","name only (unverified, no code)"
"dwp_Digital_Asset/_OpenAsset Projects/Australia/10000 University of Newcastle Industrial Design Workshop","24","_OpenAsset Projects","Australia","10000","University of Newcastle Industrial Design Workshop","code + name"
"dwp_Digital_Asset/_OpenAsset Projects/Australia/4425 - Maribyrnong Sports Academy","24","_OpenAsset Projects","Australia","4425","Maribyrnong Sports Academy","code + name"
"dwp_Digital_Asset/_OpenAsset Projects/Australia/7994 Westpac Rescue Helicopter Base","24","_OpenAsset Projects","Australia","7994","Westpac Rescue Helicopter Base","code + name"
"dwp_Digital_Asset/_OpenAsset Projects/Australia/9100 - Muswellbrook Regional Arts","24","_OpenAsset Projects","Australia","9100","Muswellbrook Regional Arts","code + name"
"dwp_Digital_Asset/_OpenAsset Projects/Australia/N21234 - Fort Scratchley Multipurpose Centre Fitout","24","_OpenAsset Projects","Australia","N21234","Fort Scratchley Multipurpose Centre Fitout","code + name"
"dwp_Digital_Asset/_OpenAsset Projects/Australia/N6245 - Vie Apartments City Quarter","24","_OpenAsset Projects","Australia","N6245","Vie Apartments City Quarter","code + name"
"dwp_Digital_Asset/_OpenAsset Projects/Australia/N6245 Vie Apartments City Quarter","24","_OpenAsset Projects","Australia","N6245","Vie Apartments City Quarter","code + name"
"dwp_Digital_Asset/_OpenAsset Projects/Australia/N7998 - Apollo Motel Charlestown","24","_OpenAsset Projects","Australia","N7998","Apollo Motel Charlestown","code + name"
"dwp_Digital_Asset/_OpenAsset Projects/Australia/S8846 - Lindfield Rail Station","24","_OpenAsset Projects","Australia","S8846","Lindfield Rail Station","code + name"
"dwp_Digital_Asset/_OpenAsset Projects/Singapore/12-65072 Amara Element Cafe, Singapore","24","_OpenAsset Projects","Singapore","12-65072","Amara Element Cafe, Singapore","code + name"
"dwp_Digital_Asset/_OpenAsset Projects/Singapore/16-65016 Freehills D&B","24","_OpenAsset Projects","Singapore","16-65016","Freehills D&B","code + name"
"dwp_Digital_Asset/_OpenAsset Projects/Thailand/15-0060 Thailand Creative & Design Center (TCDC)/THBKK-08-479 Seiko Centre Emporium","24","_OpenAsset Projects","Thailand","15-0060","Thailand Creative & Design Center (TCDC)","code + name"
"dwp_Digital_Asset/_OpenAsset Projects/Thailand/15-0060 Thailand Creative & Design Center (TCDC)/THBKK-14-0077 Nescafe Dolce Gusto - Central Chidlom","24","_OpenAsset Projects","Thailand","15-0060","Thailand Creative & Design Center (TCDC)","code + name"
"dwp_Digital_Asset/_OpenAsset Projects/Thailand/Th-11-990 Emporium Suites","24","_OpenAsset Projects","Thailand","","Th-11-990 Emporium Suites","name only (unverified, no code)"
"dwp_Digital_Asset/_OpenAsset Projects/Thailand/THBKK-03-538 Emporium Suites Penthouse, Bangkok","24","_OpenAsset Projects","Thailand","THBKK-03-538","Emporium Suites Penthouse, Bangkok","code + name"
"dwp_Digital_Asset/_OpenAsset Projects/Thailand/THBKK-10-163 Gaff Residence","24","_OpenAsset Projects","Thailand","THBKK-10-163","Gaff Residence","code + name"
"dwp_Digital_Asset/_OpenAsset Projects/Thailand/THBKK-11-701 MONTBLANC Ladprao","24","_OpenAsset Projects","Thailand","THBKK-11-701","MONTBLANC Ladprao","code + name"
"dwp_Digital_Asset/_OpenAsset Projects/Thailand/THBKK-12-270 Takeda Thailand","24","_OpenAsset Projects","Thailand","THBKK-12-270","Takeda Thailand","code + name"
"dwp_Digital_Asset/_OpenAsset Projects/Thailand/THBKK-12-294 Prinsiri","24","_OpenAsset Projects","Thailand","THBKK-12-294","Prinsiri","code + name"
"dwp_Digital_Asset/_OpenAsset Projects/Thailand/THBKK-14-0547 Chanel Warehouse Renovation","24","_OpenAsset Projects","Thailand","THBKK-14-0547","Chanel Warehouse Renovation","code + name"
"dwp_Digital_Asset/_OpenAsset Projects/Vietnam/VN-11-799 Hotel Des Arts Saigon","24","_OpenAsset Projects","Vietnam","VN-11-799","Hotel Des Arts Saigon","code + name"
"dwp_Digital_Asset/3D Projects/17-0959 The NEST","24","3D Projects","","17-0959","The NEST","code + name"
"dwp_Digital_Asset/3D Projects/20-0425 Santiburi II","24","3D Projects","","20-0425","Santiburi II","code + name"
"dwp_Digital_Asset/dwp Projects/SINGAPORE/12-65072 Amara Element Cafe, Singapore","24","dwp Projects","SINGAPORE","12-65072","Amara Element Cafe, Singapore","code + name"
"dwp_Digital_Asset/dwp Projects/SINGAPORE/16-65016 Freehills D_B","24","dwp Projects","SINGAPORE","16-65016","Freehills D_B","code + name"
"dwp_Digital_Asset/dwp Projects/THAILAND/Architecture/23-0156 BMW & MINI Ayutthaya/BMW_HIRES","24","dwp Projects","THAILAND","23-0156","BMW & MINI Ayutthaya","code + name"
"dwp_Digital_Asset/dwp Projects/THAILAND/Architecture/23-0156 BMW & MINI Ayutthaya/BMW_RESIZE","24","dwp Projects","THAILAND","23-0156","BMW & MINI Ayutthaya","code + name"
"dwp_Digital_Asset/dwp Projects/THAILAND/Hospitality/23-0251 Coco Project","24","dwp Projects","THAILAND","23-0251","Coco Project","code + name"
"dwp_Digital_Asset/dwp Projects/THAILAND/Residential/22-0471 S28 Luxury Residence","24","dwp Projects","THAILAND","22-0471","S28 Luxury Residence","code + name"
"dwp_Digital_Asset/dwp Projects/THAILAND/Workplace/23-0164 Starbucks Office/LOWRES","24","dwp Projects","THAILAND","23-0164","Starbucks Office","code + name"
"dwp_Digital_Asset/dwp Projects/VIETNAM/Residential/22-0123 Hinode Suites","24","dwp Projects","VIETNAM","22-0123","Hinode Suites","code + name"
"dwp_Digital_Asset/dwp Projects/VIETNAM/Vietnam/VN-11-799 Hotel Des Arts Saigon","24","dwp Projects","VIETNAM","VN-11-799","Hotel Des Arts Saigon","code + name"
"dwp_Digital_Asset/_OpenAsset Projects/Australia/06026 Wyong Cancer Centre","23","_OpenAsset Projects","Australia","06026","Wyong Cancer Centre","code + name"
"dwp_Digital_Asset/_OpenAsset Projects/Australia/302397 - TAFE NSW Western Institute Orange Campus Aboriginal Learning Centre/medium","23","_OpenAsset Projects","Australia","302397","TAFE NSW Western Institute Orange Campus Aboriginal Learning Centre","code + name"
"dwp_Digital_Asset/_OpenAsset Projects/Australia/4314 -  Caroline Springs Stadium","23","_OpenAsset Projects","Australia","4314","Caroline Springs Stadium","code + name"
"dwp_Digital_Asset/_OpenAsset Projects/Australia/4866 - Green Hills Shopping Centre","23","_OpenAsset Projects","Australia","4866","Green Hills Shopping Centre","code + name"
"dwp_Digital_Asset/_OpenAsset Projects/Australia/502685 - Opal Cherrywood Grove","23","_OpenAsset Projects","Australia","502685","Opal Cherrywood Grove","code + name"
"dwp_Digital_Asset/_OpenAsset Projects/Australia/502786 - Bupa Templestowe","23","_OpenAsset Projects","Australia","502786","Bupa Templestowe","code + name"
"dwp_Digital_Asset/_OpenAsset Projects/Australia/M20204 Donvale Christian College Years 3-4","23","_OpenAsset Projects","Australia","M20204","Donvale Christian College Years 3-4","code + name"
"dwp_Digital_Asset/_OpenAsset Projects/Australia/S8516 - TAFE NSW Western Sydney Institute Equine Centre Richmond","23","_OpenAsset Projects","Australia","S8516","TAFE NSW Western Sydney Institute Equine Centre Richmond","code + name"
"dwp_Digital_Asset/_OpenAsset Projects/Singapore/16-65043 Tan Kok Quan Partnership","23","_OpenAsset Projects","Singapore","16-65043","Tan Kok Quan Partnership","code + name"
"dwp_Digital_Asset/_OpenAsset Projects/Thailand/15-0060 Thailand Creative & Design Center (TCDC)/THBKK-07-609 Curtis Residence","23","_OpenAsset Projects","Thailand","15-0060","Thailand Creative & Design Center (TCDC)","code + name"
"dwp_Digital_Asset/_OpenAsset Projects/Thailand/21-0404 BAIN & COMPANY New Office","23","_OpenAsset Projects","Thailand","21-0404","BAIN & COMPANY New Office","code + name"
"dwp_Digital_Asset/_OpenAsset Projects/Thailand/THBKK-04-036 Evason Earth Spa","23","_OpenAsset Projects","Thailand","THBKK-04-036","Evason Earth Spa","code + name"
"dwp_Digital_Asset/_OpenAsset Projects/Thailand/THBKK-07-035 Baraquda  - Dusit D2","23","_OpenAsset Projects","Thailand","THBKK-07-035","Baraquda  - Dusit D2","code + name"
"dwp_Digital_Asset/_OpenAsset Projects/Thailand/THBKK-07-104 Krungthai AXA","23","_OpenAsset Projects","Thailand","THBKK-07-104","Krungthai AXA","code + name"
"dwp_Digital_Asset/_OpenAsset Projects/Thailand/THBKK-10-641 Loft Building Plaza 19#","23","_OpenAsset Projects","Thailand","THBKK-10-641","Loft Building Plaza 19#","code + name"
"dwp_Digital_Asset/_OpenAsset Projects/Thailand/THBKK-11-339 Uawithya Saraburi","23","_OpenAsset Projects","Thailand","THBKK-11-339","Uawithya Saraburi","code + name"
"dwp_Digital_Asset/_OpenAsset Projects/Thailand/THBKK-12-675 The Royal Saladaeng","23","_OpenAsset Projects","Thailand","THBKK-12-675","The Royal Saladaeng","code + name"
"dwp_Digital_Asset/_OpenAsset Projects/Thailand/THBKK-15-0154 Seafresh Renovation","23","_OpenAsset Projects","Thailand","THBKK-15-0154","Seafresh Renovation","code + name"
"dwp_Digital_Asset/_OpenAsset Projects/Thailand/THBKK-15-0241 Worldquant Office","23","_OpenAsset Projects","Thailand","THBKK-15-0241","Worldquant Office","code + name"
"dwp_Digital_Asset/_OpenAsset Projects/UAE/AEDXB-10-612 Shams Voxel Tower","23","_OpenAsset Projects","UAE","AEDXB-10-612","Shams Voxel Tower","code + name"
"dwp_Digital_Asset/3D Projects/22-0047 Khao Yai Residence","23","3D Projects","","22-0047","Khao Yai Residence","code + name"
"dwp_Digital_Asset/dwp Projects/SINGAPORE/16-65043 Tan Kok Quan Partnership","23","dwp Projects","SINGAPORE","16-65043","Tan Kok Quan Partnership","code + name"
"dwp_Digital_Asset/dwp Projects/THAILAND/Health/22-0050 BI Building B L5 CCU Renovation/BRR_RESIZE","23","dwp Projects","THAILAND","22-0050","BI Building B L5 CCU Renovation","code + name"
"dwp_Digital_Asset/dwp Projects/UAE/Residential/512 - Shams Voxel Tower","23","dwp Projects","UAE","","Residential","name only (unverified, no code)"
"dwp_Digital_Asset/_OpenAsset Projects/Australia/303191 - Palmerston Regional Hospital","22","_OpenAsset Projects","Australia","303191","Palmerston Regional Hospital","code + name"
"dwp_Digital_Asset/_OpenAsset Projects/Australia/402872 - Queensland University of Technology Superlabs Q Block","22","_OpenAsset Projects","Australia","402872","Queensland University of Technology Superlabs Q Block","code + name"
"dwp_Digital_Asset/_OpenAsset Projects/Australia/4426 - Churchill Intergenerational Hub","22","_OpenAsset Projects","Australia","4426","Churchill Intergenerational Hub","code + name"
"dwp_Digital_Asset/_OpenAsset Projects/Australia/5466 - Toll Business Park Altona","22","_OpenAsset Projects","Australia","5466","Toll Business Park Altona","code + name"
"dwp_Digital_Asset/_OpenAsset Projects/Australia/AUMEL-13-0269 Cockburn Central West Regional Physical Activity and Education Centre","22","_OpenAsset Projects","Australia","AUMEL-13-0269","Cockburn Central West Regional Physical Activity and Education Centre","code + name"
"dwp_Digital_Asset/_OpenAsset Projects/Australia/M4011 - Beaconsfield Community Centre","22","_OpenAsset Projects","Australia","M4011","Beaconsfield Community Centre","code + name"
"dwp_Digital_Asset/_OpenAsset Projects/Thailand/21-0025 Muniq Sukhumvit 23","22","_OpenAsset Projects","Thailand","21-0025","Muniq Sukhumvit 23","code + name"
"dwp_Digital_Asset/_OpenAsset Projects/Thailand/THBKK-15-0377 Microsoft Renovation","22","_OpenAsset Projects","Thailand","THBKK-15-0377","Microsoft Renovation","code + name"
"dwp_Digital_Asset/_OpenAsset Projects/Thailand/THBKK-16-0257 lebua Alfresco 64 Whisky Bar","22","_OpenAsset Projects","Thailand","THBKK-16-0257","lebua Alfresco 64 Whisky Bar","code + name"
"dwp_Digital_Asset/dwp Projects/ARCHIVED/FileCamp Library/CORPORATE – sample folder/Public MediaBank/04. Cleantech","22","dwp Projects","","","FileCamp Library","name only (unverified, no code)"
"dwp_Digital_Asset/dwp Projects/THAILAND/Health/22-0050 BI Building B L5 CCU Renovation/BRR_HIRES","22","dwp Projects","THAILAND","22-0050","BI Building B L5 CCU Renovation","code + name"
"dwp_Digital_Asset/dwp Projects/THAILAND/Workplace/25-0158 Herbert Smith Freehills Kramer Thailand Office/Hi Res","22","dwp Projects","THAILAND","25-0158","Herbert Smith Freehills Kramer Thailand Office","code + name"
"dwp_Digital_Asset/dwp Projects/THAILAND/Workplace/25-0158 Herbert Smith Freehills Kramer Thailand Office/Low Res","22","dwp Projects","THAILAND","25-0158","Herbert Smith Freehills Kramer Thailand Office","code + name"
"dwp_Digital_Asset/_OpenAsset Projects/Australia/13014 - Blacktown Village Green","21","_OpenAsset Projects","Australia","13014","Blacktown Village Green","code + name"
"dwp_Digital_Asset/_OpenAsset Projects/Australia/502676 - Peninsula Private Hospital Cath Lab","21","_OpenAsset Projects","Australia","502676","Peninsula Private Hospital Cath Lab","code + name"
"dwp_Digital_Asset/_OpenAsset Projects/Australia/6947 - Newcastle Permanent BS HO","21","_OpenAsset Projects","Australia","6947","Newcastle Permanent BS HO","code + name"
"dwp_Digital_Asset/_OpenAsset Projects/Australia/7545 - Newcastle Permanent BS HO Fitout","21","_OpenAsset Projects","Australia","7545","Newcastle Permanent BS HO Fitout","code + name"
"dwp_Digital_Asset/_OpenAsset Projects/Australia/AUSYD-16-0152 Westmead Carpark","21","_OpenAsset Projects","Australia","AUSYD-16-0152","Westmead Carpark","code + name"
"dwp_Digital_Asset/_OpenAsset Projects/Australia/B10480 Brisbane Markets","21","_OpenAsset Projects","Australia","B10480","Brisbane Markets","code + name"
"dwp_Digital_Asset/_OpenAsset Projects/Australia/B21925 - St Joseph's College Treacy Centre","21","_OpenAsset Projects","Australia","B21925","St Joseph's College Treacy Centre","code + name"
"dwp_Digital_Asset/_OpenAsset Projects/Australia/M4131 -Cabravale Leisure Centre","21","_OpenAsset Projects","Australia","M4131","Cabravale Leisure Centre","code + name"
"dwp_Digital_Asset/_OpenAsset Projects/Australia/N4339 - Newcastle Private Hospital","21","_OpenAsset Projects","Australia","N4339","Newcastle Private Hospital","code + name"
"dwp_Digital_Asset/_OpenAsset Projects/Australia/N5922 Vintry Guest House","21","_OpenAsset Projects","Australia","N5922","Vintry Guest House","code + name"
"dwp_Digital_Asset/_OpenAsset Projects/Australia/S21203 - TAFE NSW Illawarra Institute Wollongong Block E&M","21","_OpenAsset Projects","Australia","S21203","TAFE NSW Illawarra Institute Wollongong Block E&M","code + name"
"dwp_Digital_Asset/_OpenAsset Projects/Australia/S8463 - Aldi Rutherford","21","_OpenAsset Projects","Australia","S8463","Aldi Rutherford","code + name"
"dwp_Digital_Asset/_OpenAsset Projects/China/13-0937 Master Plan SuZhou/CNSHA-15-0097 Zhengzhou Huiji Riverfront Village","21","_OpenAsset Projects","China","13-0937","Master Plan SuZhou","code + name"
"dwp_Digital_Asset/_OpenAsset Projects/Malaysia/MYKUL-11-091 Pan Pac KLIA","21","_OpenAsset Projects","Malaysia","MYKUL-11-091","Pan Pac KLIA","code + name"
"dwp_Digital_Asset/_OpenAsset Projects/Singapore/00-65173 Singapore Cricket Club","21","_OpenAsset Projects","Singapore","00-65173","Singapore Cricket Club","code + name"
"dwp_Digital_Asset/_OpenAsset Projects/Singapore/12-65139 Napoleon Bar, Singapore","21","_OpenAsset Projects","Singapore","12-65139","Napoleon Bar, Singapore","code + name"
"dwp_Digital_Asset/_OpenAsset Projects/Thailand/15-0060 Thailand Creative & Design Center (TCDC)/THBKK-10-160 Mercedes Benz Exhi","21","_OpenAsset Projects","Thailand","15-0060","Thailand Creative & Design Center (TCDC)","code + name"
"dwp_Digital_Asset/_OpenAsset Projects/Thailand/19-0073 PepsiCo Office","21","_OpenAsset Projects","Thailand","19-0073","PepsiCo Office","code + name"
"dwp_Digital_Asset/_OpenAsset Projects/Thailand/THBKK-07-021 Sukhothai Spa","21","_OpenAsset Projects","Thailand","THBKK-07-021","Sukhothai Spa","code + name"
"dwp_Digital_Asset/_OpenAsset Projects/Thailand/THBKK-09-783 Jumeirah Emirates Towers Guest Room Refurbishment, Rib room","21","_OpenAsset Projects","Thailand","THBKK-09-783","Jumeirah Emirates Towers Guest Room Refurbishment, Rib room","code + name"
"dwp_Digital_Asset/_OpenAsset Projects/Thailand/THBKK-15-0644 AIS Shop Prototype","21","_OpenAsset Projects","Thailand","THBKK-15-0644","AIS Shop Prototype","code + name"
"dwp_Digital_Asset/3D Projects/22-0047 Khaoyai","21","3D Projects","","22-0047","Khaoyai","code + name"
"dwp_Digital_Asset/3D Projects/23-0285 BIH soi 1","21","3D Projects","","23-0285","BIH soi 1","code + name"
"dwp_Digital_Asset/dwp Projects/SINGAPORE/00-65173 Singapore Cricket Club","21","dwp Projects","SINGAPORE","00-65173","Singapore Cricket Club","code + name"
"dwp_Digital_Asset/dwp Projects/SINGAPORE/12-65139 Napoleon Bar, Singapore","21","dwp Projects","SINGAPORE","12-65139","Napoleon Bar, Singapore","code + name"
"dwp_Digital_Asset/dwp Projects/THAILAND/Residential/22-0047 Khao Yai Residence","21","dwp Projects","THAILAND","22-0047","Khao Yai Residence","code + name"
"dwp_Digital_Asset/dwp Projects/THAILAND/Workplace/20-0401-4 Cloud 11 - Office","21","dwp Projects","THAILAND","20-0401","4 Cloud 11 - Office","code + name"
"dwp_Digital_Asset/dwp Projects/UAE/Medusa Images/residential/Fuzja - residential buildings, Lodz, PL","21","dwp Projects","UAE","","Medusa Images","name only (unverified, no code)"
"dwp_Digital_Asset/dwp Projects/UAE/Workplace/1195 - Siemens Pavilion Wasl Plaza Expo","21","dwp Projects","UAE","1195","Siemens Pavilion Wasl Plaza Expo","code + name"
"dwp_Digital_Asset/_OpenAsset Projects/Australia/1276 Cairns Hospital Emergency Department","20","_OpenAsset Projects","Australia","1276","Cairns Hospital Emergency Department","code + name"
"dwp_Digital_Asset/_OpenAsset Projects/Australia/502615 - WAIS High Performance Service Centre","20","_OpenAsset Projects","Australia","502615","WAIS High Performance Service Centre","code + name"
"dwp_Digital_Asset/_OpenAsset Projects/Australia/502615 WAIS High Performance Service Centre","20","_OpenAsset Projects","Australia","502615","WAIS High Performance Service Centre","code + name"
"dwp_Digital_Asset/_OpenAsset Projects/Australia/5135 - Bethania Gardens Nursing Home","20","_OpenAsset Projects","Australia","5135","Bethania Gardens Nursing Home","code + name"
"dwp_Digital_Asset/_OpenAsset Projects/Australia/B20304 - Suters Brisbane Office Fitout","20","_OpenAsset Projects","Australia","B20304","Suters Brisbane Office Fitout","code + name"
"dwp_Digital_Asset/_OpenAsset Projects/Australia/N21718 - Taree Courthouse","20","_OpenAsset Projects","Australia","N21718","Taree Courthouse","code + name"
"dwp_Digital_Asset/_OpenAsset Projects/China/13-0937 Master Plan SuZhou/CNSHA-09-103 Crowne Plaza Wanda Yichang","20","_OpenAsset Projects","China","13-0937","Master Plan SuZhou","code + name"
"dwp_Digital_Asset/_OpenAsset Projects/Thailand/15-0060 Thailand Creative & Design Center (TCDC)/THBKK-13-0504 Puteri Harbour Iskandar","20","_OpenAsset Projects","Thailand","15-0060","Thailand Creative & Design Center (TCDC)","code + name"
"dwp_Digital_Asset/_OpenAsset Projects/Thailand/15-0060 Thailand Creative & Design Center (TCDC)/THBKK-14-0428 Chungmuro Ibis Styles Hotel","20","_OpenAsset Projects","Thailand","15-0060","Thailand Creative & Design Center (TCDC)","code + name"
"dwp_Digital_Asset/_OpenAsset Projects/Thailand/21-0489 Primo Care Clinic - Silom Complex","20","_OpenAsset Projects","Thailand","21-0489","Primo Care Clinic - Silom Complex","code + name"
"dwp_Digital_Asset/_OpenAsset Projects/Thailand/THBKK-07-377 Baker & McKenzie","20","_OpenAsset Projects","Thailand","THBKK-07-377","Baker & McKenzie","code + name"
"dwp_Digital_Asset/3D Projects/22-0223 Lancaster/New folder (10) All Public Area","20","3D Projects","","22-0223","Lancaster","code + name"
"dwp_Digital_Asset/3D Projects/22-0223 Lancaster/Public Area","20","3D Projects","","22-0223","Lancaster","code + name"
"dwp_Digital_Asset/dwp Projects/THAILAND/Education/21-0055 Bangkok Patana School Canteen","20","dwp Projects","THAILAND","21-0055","Bangkok Patana School Canteen","code + name"
"dwp_Digital_Asset/dwp Projects/THAILAND/Workplace/22-0372 Nestle HQ","20","dwp Projects","THAILAND","22-0372","Nestle HQ","code + name"
"dwp_Digital_Asset/dwp Projects/UAE/F&B/535 - Centara Doha","20","dwp Projects","UAE","","F&B","name only (unverified, no code)"
"dwp_Digital_Asset/dwp Projects/UAE/Medusa Images/retail/Koszyki Market Hall. Warsaw, PL","20","dwp Projects","UAE","","Medusa Images","name only (unverified, no code)"
"dwp_Digital_Asset/dwp Projects/UAE/Residential/25-0109 PLOT N-06 Dubai Maritime City","20","dwp Projects","UAE","25-0109","PLOT N-06 Dubai Maritime City","code + name"
"dwp_Digital_Asset/dwp Projects/VIETNAM/Hospitality/24-0269 The May Legend Cat Ba","20","dwp Projects","VIETNAM","24-0269","The May Legend Cat Ba","code + name"
"dwp_Digital_Asset/dwp Projects/VIETNAM/Residential/24-0206-1 PMH CN8-2 Luxury Residence (ID Casa Luna)","20","dwp Projects","VIETNAM","24-0206","1 PMH CN8-2 Luxury Residence (ID Casa Luna)","code + name"
"dwp_Digital_Asset/_OpenAsset Projects/Australia/13066 Westpac Balgowlah","19","_OpenAsset Projects","Australia","13066","Westpac Balgowlah","code + name"
"dwp_Digital_Asset/_OpenAsset Projects/Australia/202751 - The Wren","19","_OpenAsset Projects","Australia","202751","The Wren","code + name"
"dwp_Digital_Asset/_OpenAsset Projects/Australia/303018 - AIHI Fitout Macquarie University","19","_OpenAsset Projects","Australia","303018","AIHI Fitout Macquarie University","code + name"
"dwp_Digital_Asset/_OpenAsset Projects/Australia/4401 - Maribyrnong Aquatic Centre","19","_OpenAsset Projects","Australia","4401","Maribyrnong Aquatic Centre","code + name"
"dwp_Digital_Asset/_OpenAsset Projects/Australia/M4103 - Bentleigh Secondary College","19","_OpenAsset Projects","Australia","M4103","Bentleigh Secondary College","code + name"
"dwp_Digital_Asset/_OpenAsset Projects/Australia/S21438 - Wyong Police Station","19","_OpenAsset Projects","Australia","S21438","Wyong Police Station","code + name"
"dwp_Digital_Asset/_OpenAsset Projects/Australia/S21934 Walgett Police Station","19","_OpenAsset Projects","Australia","S21934","Walgett Police Station","code + name"
"dwp_Digital_Asset/_OpenAsset Projects/dwp Videos","19","_OpenAsset Projects","","","dwp Videos","name only (unverified, no code)"
"dwp_Digital_Asset/_OpenAsset Projects/Malaysia/MYKUL-13-0730 IJM Sales Gallery, Pantai Sentral Park","19","_OpenAsset Projects","Malaysia","MYKUL-13-0730","IJM Sales Gallery, Pantai Sentral Park","code + name"
"dwp_Digital_Asset/_OpenAsset Projects/Singapore/11-65024 The Exchange, Singapore","19","_OpenAsset Projects","Singapore","11-65024","The Exchange, Singapore","code + name"
"dwp_Digital_Asset/_OpenAsset Projects/Singapore/12-65105 GEMS World Academy, Singapore","19","_OpenAsset Projects","Singapore","12-65105","GEMS World Academy, Singapore","code + name"
"dwp_Digital_Asset/_OpenAsset Projects/Singapore/14-65108 Novotel at Clarke Quay, Singapore","19","_OpenAsset Projects","Singapore","14-65108","Novotel at Clarke Quay, Singapore","code + name"
"dwp_Digital_Asset/_OpenAsset Projects/Singapore/16-65031 Amore Pacific ASEAN HQ","19","_OpenAsset Projects","Singapore","16-65031","Amore Pacific ASEAN HQ","code + name"
"dwp_Digital_Asset/_OpenAsset Projects/Thailand/15-0060 Thailand Creative & Design Center (TCDC)/THBKK-12-366 Dilavie Mega Bangna","19","_OpenAsset Projects","Thailand","15-0060","Thailand Creative & Design Center (TCDC)","code + name"
"dwp_Digital_Asset/_OpenAsset Projects/Thailand/THBKK-11-991 Chatrium Facility","19","_OpenAsset Projects","Thailand","THBKK-11-991","Chatrium Facility","code + name"
"dwp_Digital_Asset/_OpenAsset Projects/Thailand/THBKK-12-108 SCB Private Banking Entry","19","_OpenAsset Projects","Thailand","THBKK-12-108","SCB Private Banking Entry","code + name"
"dwp_Digital_Asset/_OpenAsset Projects/Thailand/THBKK-12-366 Dilavie Mega Bangna","19","_OpenAsset Projects","Thailand","THBKK-12-366","Dilavie Mega Bangna","code + name"
"dwp_Digital_Asset/_OpenAsset Projects/Thailand/THBKK-14-0051 HERE New Office","19","_OpenAsset Projects","Thailand","THBKK-14-0051","HERE New Office","code + name"
"dwp_Digital_Asset/dwp Projects/ARCHIVED/FileCamp Library/CORPORATE – sample folder","19","dwp Projects","","","FileCamp Library","name only (unverified, no code)"
"dwp_Digital_Asset/dwp Projects/ARCHIVED/FileCamp Library/CORPORATE – sample folder/Public MediaBank/03. Harbors","19","dwp Projects","","","FileCamp Library","name only (unverified, no code)"
"dwp_Digital_Asset/dwp Projects/SINGAPORE/11-65024 The Exchange, Singapore","19","dwp Projects","SINGAPORE","11-65024","The Exchange, Singapore","code + name"
"dwp_Digital_Asset/dwp Projects/SINGAPORE/12-65105 GEMS World Academy, Singapore","19","dwp Projects","SINGAPORE","12-65105","GEMS World Academy, Singapore","code + name"
"dwp_Digital_Asset/dwp Projects/SINGAPORE/14-65108 Novotel at Clarke Quay, Singapore","19","dwp Projects","SINGAPORE","14-65108","Novotel at Clarke Quay, Singapore","code + name"
"dwp_Digital_Asset/dwp Projects/SINGAPORE/16-65031 Amore Pacific ASEAN HQ","19","dwp Projects","SINGAPORE","16-65031","Amore Pacific ASEAN HQ","code + name"
"dwp_Digital_Asset/dwp Projects/THAILAND/Residential/21-0078 SIRANINN Residence/Size S","19","dwp Projects","THAILAND","21-0078","SIRANINN Residence","code + name"
"dwp_Digital_Asset/dwp Projects/THAILAND/Residential/22-0072 The Signature Terrace","19","dwp Projects","THAILAND","22-0072","The Signature Terrace","code + name"
"dwp_Digital_Asset/dwp Projects/THAILAND/Retail/22-0384  PREMIERA Siam Paragon/PREMIERA_HIRES","19","dwp Projects","THAILAND","22-0384","PREMIERA Siam Paragon","code + name"
"dwp_Digital_Asset/dwp Projects/THAILAND/Retail/22-0384  PREMIERA Siam Paragon/PREMIERA_RESIZE","19","dwp Projects","THAILAND","22-0384","PREMIERA Siam Paragon","code + name"
"dwp_Digital_Asset/dwp Projects/THAILAND/Workplace/23-0164 Starbucks Office/HIRES","19","dwp Projects","THAILAND","23-0164","Starbucks Office","code + name"
"dwp_Digital_Asset/dwp Projects/THAILAND/Workplace/23-0202 Siam Music Yamaha Office/SET 3/YAMAHA_3_HIRES","19","dwp Projects","THAILAND","23-0202","Siam Music Yamaha Office","code + name"
"dwp_Digital_Asset/dwp Projects/THAILAND/Workplace/23-0202 Siam Music Yamaha Office/SET 3/YAMAHA_3_RESIZE","19","dwp Projects","THAILAND","23-0202","Siam Music Yamaha Office","code + name"
"dwp_Digital_Asset/dwp Projects/UAE/Medusa Images/workplaces/TDJ, Warsaw, PL","19","dwp Projects","UAE","","Medusa Images","name only (unverified, no code)"
"dwp_Digital_Asset/_OpenAsset Projects/Australia/0306-04 Pacific Eye Centre/B21112 Forest Lake State School BER","18","_OpenAsset Projects","Australia","0306-04","Pacific Eye Centre","code + name"
"dwp_Digital_Asset/_OpenAsset Projects/Australia/4204 - Sacred Heart Primary School","18","_OpenAsset Projects","Australia","4204","Sacred Heart Primary School","code + name"
"dwp_Digital_Asset/_OpenAsset Projects/Australia/4387.2 - Manor Court Aged Care Redevelopment","18","_OpenAsset Projects","Australia","4387",".2 - Manor Court Aged Care Redevelopment","code + name"
"dwp_Digital_Asset/_OpenAsset Projects/Australia/4425.2 - Maribyrnong Sports Academy Sports Fields","18","_OpenAsset Projects","Australia","4425",".2 - Maribyrnong Sports Academy Sports Fields","code + name"
"dwp_Digital_Asset/_OpenAsset Projects/Australia/5783 - The Greater Building Society","18","_OpenAsset Projects","Australia","5783","The Greater Building Society","code + name"
"dwp_Digital_Asset/_OpenAsset Projects/Australia/S21276 - TAFE NSW Riverina Institute Wagga Wagga","18","_OpenAsset Projects","Australia","S21276","TAFE NSW Riverina Institute Wagga Wagga","code + name"
"dwp_Digital_Asset/_OpenAsset Projects/Thailand/19-0390 Shrewsbury Senior School DT Renovation","18","_OpenAsset Projects","Thailand","19-0390","Shrewsbury Senior School DT Renovation","code + name"
"dwp_Digital_Asset/_OpenAsset Projects/Thailand/20-0093 Terumo Office","18","_OpenAsset Projects","Thailand","20-0093","Terumo Office","code + name"
"dwp_Digital_Asset/_OpenAsset Projects/Thailand/21-0324 Oracle Office","18","_OpenAsset Projects","Thailand","21-0324","Oracle Office","code + name"
"dwp_Digital_Asset/_OpenAsset Projects/Thailand/21-0449 Cute Press The Mall Tha Pra","18","_OpenAsset Projects","Thailand","21-0449","Cute Press The Mall Tha Pra","code + name"
"dwp_Digital_Asset/_OpenAsset Projects/Thailand/THBKK-11-335 Royal Cliff Hotels","18","_OpenAsset Projects","Thailand","THBKK-11-335","Royal Cliff Hotels","code + name"
"dwp_Digital_Asset/_OpenAsset Projects/Thailand/THBKK-16-0456 Shrewsbury Pre-Prep","18","_OpenAsset Projects","Thailand","THBKK-16-0456","Shrewsbury Pre-Prep","code + name"
"dwp_Digital_Asset/dwp Projects/ARCHIVED/20-0093 Terumo Office","18","dwp Projects","","20-0093","Terumo Office","code + name"
"dwp_Digital_Asset/dwp Projects/THAILAND/Workplace/23-0202 Siam Music Yamaha Office/SET 1/YMH_HIRES","18","dwp Projects","THAILAND","23-0202","Siam Music Yamaha Office","code + name"
"dwp_Digital_Asset/dwp Projects/THAILAND/Workplace/23-0202 Siam Music Yamaha Office/SET 1/YMH_RESIZE","18","dwp Projects","THAILAND","23-0202","Siam Music Yamaha Office","code + name"
"dwp_Digital_Asset/dwp Projects/UAE/Medusa Images/commercial/Nowa Fabryczna, Lodz, PL","18","dwp Projects","UAE","","Medusa Images","name only (unverified, no code)"
"dwp_Digital_Asset/dwp Projects/UAE/Residential/One zaabeel/Photograpghs/Latest Photos","18","dwp Projects","UAE","","Residential","name only (unverified, no code)"
"dwp_Digital_Asset/dwp Projects/UAE/Workplace/22-0475 Buro Happold Riyadh Office/Photos","18","dwp Projects","UAE","22-0475","Buro Happold Riyadh Office","code + name"
"dwp_Digital_Asset/_OpenAsset Projects/Australia/17-0902 icare Medical & Wellness Suite","17","_OpenAsset Projects","Australia","17-0902","icare Medical & Wellness Suite","code + name"
"dwp_Digital_Asset/_OpenAsset Projects/Australia/302371 dwpsuters Sydney Studio Fitout","17","_OpenAsset Projects","Australia","302371","dwpsuters Sydney Studio Fitout","code + name"
"dwp_Digital_Asset/_OpenAsset Projects/Australia/403197 - dwpsuters Brisbane Studio Fitout/medium","17","_OpenAsset Projects","Australia","403197","dwpsuters Brisbane Studio Fitout","code + name"
"dwp_Digital_Asset/_OpenAsset Projects/Australia/4320 - Karingal Place","17","_OpenAsset Projects","Australia","4320","Karingal Place","code + name"
"dwp_Digital_Asset/_OpenAsset Projects/Australia/8978 - Hornsby Mental Health Unit","17","_OpenAsset Projects","Australia","8978","Hornsby Mental Health Unit","code + name"
"dwp_Digital_Asset/_OpenAsset Projects/Australia/B11160 King George Square Design Competition","17","_OpenAsset Projects","Australia","B11160","King George Square Design Competition","code + name"
"dwp_Digital_Asset/_OpenAsset Projects/Australia/M20277 Moe Early Learning Centre","17","_OpenAsset Projects","Australia","M20277","Moe Early Learning Centre","code + name"
"dwp_Digital_Asset/_OpenAsset Projects/Australia/M3711 - Cardinia Cultural Centre","17","_OpenAsset Projects","Australia","M3711","Cardinia Cultural Centre","code + name"
"dwp_Digital_Asset/_OpenAsset Projects/Australia/N7237 - Honeysuckle House Stage 2","17","_OpenAsset Projects","Australia","N7237","Honeysuckle House Stage 2","code + name"
"dwp_Digital_Asset/_OpenAsset Projects/Australia/S8791 - Queanbeyan Trade School","17","_OpenAsset Projects","Australia","S8791","Queanbeyan Trade School","code + name"
"dwp_Digital_Asset/_OpenAsset Projects/Singapore/15-65022 Fuji Xerox - Office","17","_OpenAsset Projects","Singapore","15-65022","Fuji Xerox - Office","code + name"
"dwp_Digital_Asset/_OpenAsset Projects/Thailand/13-423 Michelin Reception","17","_OpenAsset Projects","Thailand","","13-423 Michelin Reception","name only (unverified, no code)"
"dwp_Digital_Asset/_OpenAsset Projects/Thailand/14-0290 IDEO Q Siam Ratchathewi","17","_OpenAsset Projects","Thailand","14-0290","IDEO Q Siam Ratchathewi","code + name"
"dwp_Digital_Asset/_OpenAsset Projects/Thailand/17-1062 Santiburi The Residence","17","_OpenAsset Projects","Thailand","17-1062","Santiburi The Residence","code + name"
"dwp_Digital_Asset/_OpenAsset Projects/Thailand/dwp Gary Szillich - Gary Szillich","17","_OpenAsset Projects","Thailand","","dwp Gary Szillich - Gary Szillich","name only (unverified, no code)"
"dwp_Digital_Asset/_OpenAsset Projects/Thailand/THBKK-07-003 Breeze @ Lebua","17","_OpenAsset Projects","Thailand","THBKK-07-003","Breeze @ Lebua","code + name"
"dwp_Digital_Asset/_OpenAsset Projects/Thailand/THBKK-07-304 Firmenich","17","_OpenAsset Projects","Thailand","THBKK-07-304","Firmenich","code + name"
"dwp_Digital_Asset/_OpenAsset Projects/Thailand/THBKK-08-268 Microsoft @ Bumrungrad","17","_OpenAsset Projects","Thailand","THBKK-08-268","Microsoft @ Bumrungrad","code + name"
"dwp_Digital_Asset/_OpenAsset Projects/Thailand/THBKK-09-623 Mai Khao Dream Hotel - Façade","17","_OpenAsset Projects","Thailand","THBKK-09-623","Mai Khao Dream Hotel - Façade","code + name"
"dwp_Digital_Asset/3D Projects/17-0175 Dusit DHAKA","17","3D Projects","","17-0175","Dusit DHAKA","code + name"
"dwp_Digital_Asset/3D Projects/17-1062 Santiburi I","17","3D Projects","","17-1062","Santiburi I","code + name"
"dwp_Digital_Asset/3D Projects/17-1062 Singha Santiburi","17","3D Projects","","17-1062","Singha Santiburi","code + name"
"dwp_Digital_Asset/dwp Projects/SINGAPORE/15-65022 Fuji Xerox - Office","17","dwp Projects","SINGAPORE","15-65022","Fuji Xerox - Office","code + name"
"dwp_Digital_Asset/dwp Projects/THAILAND/Residential/23-0198 One Bangkok C3B - Show Unit","17","dwp Projects","THAILAND","23-0198","One Bangkok C3B - Show Unit","code + name"
"dwp_Digital_Asset/dwp Projects/UAE/Residential/870 - Tilal Al Ghaf, Dubai","17","dwp Projects","UAE","","Residential","name only (unverified, no code)"
"dwp_Digital_Asset/dwp Projects/UAE/Workplace/18-0304 ADIB Headquarters, Abu Dhabi-20260409T085003Z-3-001/18-0304 ADIB Headquarters, Abu Dhabi/878 - Department of Finance, Abu Dhabi","17","dwp Projects","UAE","18-0304","ADIB Headquarters, Abu Dhabi","code + name"
"dwp_Digital_Asset/dwp Projects/UAE/Workplace/878 - Department of Finance, Abu Dhabi","17","dwp Projects","UAE","","Workplace","name only (unverified, no code)"
"dwp_Digital_Asset/_OpenAsset Projects/Australia/M4294 - Lakeside Childrens Centre","16","_OpenAsset Projects","Australia","M4294","Lakeside Childrens Centre","code + name"
"dwp_Digital_Asset/_OpenAsset Projects/Australia/M5176 - Highgate Football Pavilion","16","_OpenAsset Projects","Australia","M5176","Highgate Football Pavilion","code + name"
"dwp_Digital_Asset/_OpenAsset Projects/Australia/S21210 University of Sydney Nepean Clinical School","16","_OpenAsset Projects","Australia","S21210","University of Sydney Nepean Clinical School","code + name"
"dwp_Digital_Asset/_OpenAsset Projects/Hong Kong/HKHKG-10-201 Discovery Bay Hotel","16","_OpenAsset Projects","Hong Kong","HKHKG-10-201","Discovery Bay Hotel","code + name"
"dwp_Digital_Asset/_OpenAsset Projects/Myanmar/dwp-minteriors peninsula Peninsula Sales Gallery","16","_OpenAsset Projects","Myanmar","","dwp-minteriors peninsula Peninsula Sales Gallery","name only (unverified, no code)"
"dwp_Digital_Asset/_OpenAsset Projects/Singapore/05-65047 Juniper Apartments","16","_OpenAsset Projects","Singapore","05-65047","Juniper Apartments","code + name"
"dwp_Digital_Asset/_OpenAsset Projects/Thailand/11-054 Astra Zeneca/THBKK-13-1094 Scotiabank New Office","16","_OpenAsset Projects","Thailand","THBKK-13-1094","Scotiabank New Office","code + name"
"dwp_Digital_Asset/_OpenAsset Projects/Thailand/15-0108 IDEO Watergate (Q Chidlom)","16","_OpenAsset Projects","Thailand","15-0108","IDEO Watergate (Q Chidlom)","code + name"
"dwp_Digital_Asset/_OpenAsset Projects/Thailand/TH09-213 SCB Training Centre","16","_OpenAsset Projects","Thailand","","TH09-213 SCB Training Centre","name only (unverified, no code)"
"dwp_Digital_Asset/_OpenAsset Projects/Thailand/THBKK-03-37-01 Mezzaluna, Lebua Hotel, Thailand","16","_OpenAsset Projects","Thailand","","THBKK-03-37-01 Mezzaluna, Lebua Hotel, Thailand","name only (unverified, no code)"
"dwp_Digital_Asset/_OpenAsset Projects/Thailand/THBKK-03-53 Thomson Reuters","16","_OpenAsset Projects","Thailand","","THBKK-03-53 Thomson Reuters","name only (unverified, no code)"
"dwp_Digital_Asset/_OpenAsset Projects/Thailand/THBKK-09-213 SCB","16","_OpenAsset Projects","Thailand","THBKK-09-213","SCB","code + name"
"dwp_Digital_Asset/_OpenAsset Projects/Thailand/THBKK-11-326 98 Wireless","16","_OpenAsset Projects","Thailand","THBKK-11-326","98 Wireless","code + name"
"dwp_Digital_Asset/_OpenAsset Projects/Thailand/THBKK-13-430 Swatch Mega Bangna","16","_OpenAsset Projects","Thailand","THBKK-13-430","Swatch Mega Bangna","code + name"
"dwp_Digital_Asset/3D Projects/18-0118 MOXY","16","3D Projects","","18-0118","MOXY","code + name"
"dwp_Digital_Asset/3D Projects/22-0223 Lancaster/New folder (9) All Typical Unit","16","3D Projects","","22-0223","Lancaster","code + name"
"dwp_Digital_Asset/3D Projects/25-0248 Avadina 17","16","3D Projects","","25-0248","Avadina 17","code + name"
"dwp_Digital_Asset/3D Projects/25-0280 Siriraj","16","3D Projects","","25-0280","Siriraj","code + name"
"dwp_Digital_Asset/dwp Projects/Hong Kong/HKHKG-10-201 Discovery Bay Hotel","16","dwp Projects","Hong Kong","HKHKG-10-201","Discovery Bay Hotel","code + name"
"dwp_Digital_Asset/dwp Projects/SINGAPORE/05-65047 Juniper Apartments","16","dwp Projects","SINGAPORE","05-65047","Juniper Apartments","code + name"
"dwp_Digital_Asset/dwp Projects/THAILAND/Architecture/20-0372 One City Centre","16","dwp Projects","THAILAND","20-0372","One City Centre","code + name"
"dwp_Digital_Asset/dwp Projects/THAILAND/Education/22-0052 Aster International School","16","dwp Projects","THAILAND","22-0052","Aster International School","code + name"
"dwp_Digital_Asset/dwp Projects/THAILAND/Hospitality/18-0195 Amari Vientiane Laos","16","dwp Projects","THAILAND","18-0195","Amari Vientiane Laos","code + name"
"dwp_Digital_Asset/dwp Projects/THAILAND/Residential/22-0251 Prachuap Khiri Khan Villa","16","dwp Projects","THAILAND","22-0251","Prachuap Khiri Khan Villa","code + name"
"dwp_Digital_Asset/dwp Projects/THAILAND/Workplace/23-0133 BBL Office FL19/HIRES","16","dwp Projects","THAILAND","23-0133","BBL Office FL19","code + name"
"dwp_Digital_Asset/dwp Projects/THAILAND/Workplace/23-0133 BBL Office FL19/RESIZE","16","dwp Projects","THAILAND","23-0133","BBL Office FL19","code + name"
"dwp_Digital_Asset/dwp Projects/THAILAND/Workplace/23-0202 Siam Music Yamaha Office/SET 2/YMH_SET2_HIRES","16","dwp Projects","THAILAND","23-0202","Siam Music Yamaha Office","code + name"
"dwp_Digital_Asset/dwp Projects/THAILAND/Workplace/23-0202 Siam Music Yamaha Office/SET 2/YMH_SET2_RESIZE","16","dwp Projects","THAILAND","23-0202","Siam Music Yamaha Office","code + name"
"dwp_Digital_Asset/dwp Projects/UAE/Medusa Images/hospitality/Nobu Hotel Warsaw, PL","16","dwp Projects","UAE","","Medusa Images","name only (unverified, no code)"
"dwp_Digital_Asset/dwp Projects/UAE/Medusa Images/workplaces/Q22, Warsaw, PL","16","dwp Projects","UAE","","Medusa Images","name only (unverified, no code)"
"dwp_Digital_Asset/dwp Projects/VIETNAM/Vietnam/VNHCM-07-104 JW Marriott Hanoi","16","dwp Projects","VIETNAM","VNHCM-07-104","JW Marriott Hanoi","code + name"
"dwp_Digital_Asset/_OpenAsset Projects/Australia/0306-04 Pacific Eye Centre/M21283 Richmond Football Club Punt Road Oval","15","_OpenAsset Projects","Australia","0306-04","Pacific Eye Centre","code + name"
"dwp_Digital_Asset/_OpenAsset Projects/Australia/203570 - Catholic High School Medowie Competition","15","_OpenAsset Projects","Australia","203570","Catholic High School Medowie Competition","code + name"
"dwp_Digital_Asset/_OpenAsset Projects/Australia/402393 University of Queensland Munro Childcare Centre","15","_OpenAsset Projects","Australia","402393","University of Queensland Munro Childcare Centre","code + name"
"dwp_Digital_Asset/_OpenAsset Projects/Australia/402861 University of Queensland Institute for Social Sciences Research/medium","15","_OpenAsset Projects","Australia","402861","University of Queensland Institute for Social Sciences Research","code + name"
"dwp_Digital_Asset/_OpenAsset Projects/Australia/40331 - JK Murray Library Extension & Refurbishment/medium","15","_OpenAsset Projects","Australia","40331","JK Murray Library Extension & Refurbishment","code + name"
"dwp_Digital_Asset/_OpenAsset Projects/Australia/4244 - Boroondara Sports Centre","15","_OpenAsset Projects","Australia","4244","Boroondara Sports Centre","code + name"
"dwp_Digital_Asset/_OpenAsset Projects/Australia/502484 - The Alfred Centre Stage 3","15","_OpenAsset Projects","Australia","502484","The Alfred Centre Stage 3","code + name"
"dwp_Digital_Asset/_OpenAsset Projects/Australia/5075 - BAE Systems Lead-in Fighter","15","_OpenAsset Projects","Australia","5075","BAE Systems Lead-in Fighter","code + name"
"dwp_Digital_Asset/_OpenAsset Projects/Australia/7986 - Taree Waterfront Masterplan","15","_OpenAsset Projects","Australia","7986","Taree Waterfront Masterplan","code + name"
"dwp_Digital_Asset/_OpenAsset Projects/Australia/B1279 Cairns Hospital Oncology & Cath Lab","15","_OpenAsset Projects","Australia","B1279","Cairns Hospital Oncology & Cath Lab","code + name"
"dwp_Digital_Asset/_OpenAsset Projects/Australia/B21279 - Cairns Hospital Catheter Laboratory","15","_OpenAsset Projects","Australia","B21279","Cairns Hospital Catheter Laboratory","code + name"
"dwp_Digital_Asset/_OpenAsset Projects/Australia/B21473 Park Lake State School BER","15","_OpenAsset Projects","Australia","B21473","Park Lake State School BER","code + name"
"dwp_Digital_Asset/_OpenAsset Projects/Australia/B21578 University of Southern Queensland Faculty of Sciences","15","_OpenAsset Projects","Australia","B21578","University of Southern Queensland Faculty of Sciences","code + name"
"dwp_Digital_Asset/_OpenAsset Projects/Australia/M4183 - Sunbury Aquatic Centre Gym","15","_OpenAsset Projects","Australia","M4183","Sunbury Aquatic Centre Gym","code + name"
"dwp_Digital_Asset/_OpenAsset Projects/Australia/S21687 University of Sydney Concord Medical Education Centre","15","_OpenAsset Projects","Australia","S21687","University of Sydney Concord Medical Education Centre","code + name"
"dwp_Digital_Asset/_OpenAsset Projects/Australia/S9159 University of NSW Sam Cracknell Pavilion","15","_OpenAsset Projects","Australia","S9159","University of NSW Sam Cracknell Pavilion","code + name"
"dwp_Digital_Asset/_OpenAsset Projects/Singapore/16-65112 King Living Singapore","15","_OpenAsset Projects","Singapore","16-65112","King Living Singapore","code + name"
"dwp_Digital_Asset/_OpenAsset Projects/Thailand/15-0060 Thailand Creative & Design Center (TCDC)/THBKK-12-737 Mercedes-Benz TTC Showroom","15","_OpenAsset Projects","Thailand","15-0060","Thailand Creative & Design Center (TCDC)","code + name"
"dwp_Digital_Asset/_OpenAsset Projects/Thailand/THBKK-04-094 Xavier","15","_OpenAsset Projects","Thailand","THBKK-04-094","Xavier","code + name"
"dwp_Digital_Asset/_OpenAsset Projects/Thailand/THBKK-08-25 Loft @ Laguna","15","_OpenAsset Projects","Thailand","","THBKK-08-25 Loft @ Laguna","name only (unverified, no code)"
"dwp_Digital_Asset/_OpenAsset Projects/Thailand/THBKK-12-564 Fitch Ratings","15","_OpenAsset Projects","Thailand","THBKK-12-564","Fitch Ratings","code + name"
"dwp_Digital_Asset/_OpenAsset Projects/Thailand/THBKK-17-0940 dwp New Office","15","_OpenAsset Projects","Thailand","THBKK-17-0940","dwp New Office","code + name"
"dwp_Digital_Asset/_OpenAsset Projects/UAE/AEDXB-09-170 Aabar Saraya Towers 1 & 2 Abu Dhabi","15","_OpenAsset Projects","UAE","AEDXB-09-170","Aabar Saraya Towers 1 & 2 Abu Dhabi","code + name"
"dwp_Digital_Asset/_OpenAsset Projects/UAE/AEDXB-16-0224 Smart Dubai Office in Dubai Design District","15","_OpenAsset Projects","UAE","AEDXB-16-0224","Smart Dubai Office in Dubai Design District","code + name"
"dwp_Digital_Asset/_OpenAsset Projects/Vietnam/VNHCM-07-104 JW Marriott Hanoi","15","_OpenAsset Projects","Vietnam","VNHCM-07-104","JW Marriott Hanoi","code + name"
"dwp_Digital_Asset/_OpenAsset Projects/Vietnam/VNHCM-10-038 Friesland Campina","15","_OpenAsset Projects","Vietnam","VNHCM-10-038","Friesland Campina","code + name"
"dwp_Digital_Asset/_OpenAsset Projects/Vietnam/VNHCM-13-0785 Bao Viet Life Office","15","_OpenAsset Projects","Vietnam","VNHCM-13-0785","Bao Viet Life Office","code + name"
"dwp_Digital_Asset/3D Projects/17-0820 MNQL","15","3D Projects","","17-0820","MNQL","code + name"
"dwp_Digital_Asset/3D Projects/18-0036 CN8","15","3D Projects","","18-0036","CN8","code + name"
"dwp_Digital_Asset/3D Projects/18-0133 Supalai","15","3D Projects","","18-0133","Supalai","code + name"
"dwp_Digital_Asset/dwp Projects/ARCHIVED/FileCamp Library/CORPORATE – sample folder/Public MediaBank/02. Fleet","15","dwp Projects","","","FileCamp Library","name only (unverified, no code)"
"dwp_Digital_Asset/dwp Projects/Proposal Library","15","dwp Projects","","","Proposal Library","name only (unverified, no code)"
"dwp_Digital_Asset/dwp Projects/SINGAPORE/16-65112 King Living Singapore","15","dwp Projects","SINGAPORE","16-65112","King Living Singapore","code + name"
"dwp_Digital_Asset/dwp Projects/THAILAND/Residential/17-0959 125 Sathorn Condo","15","dwp Projects","THAILAND","17-0959","125 Sathorn Condo","code + name"
"dwp_Digital_Asset/dwp Projects/THAILAND/Residential/21-0078 SIRANINN Residence/Size M","15","dwp Projects","THAILAND","21-0078","SIRANINN Residence","code + name"
"dwp_Digital_Asset/dwp Projects/THAILAND/Residential/22-0071 Ladawan Private Residence","15","dwp Projects","THAILAND","22-0071","Ladawan Private Residence","code + name"
"dwp_Digital_Asset/dwp Projects/UAE/Residential/517 - Aabar Saraya Towers 1 & 2 Abu Dhabi","15","dwp Projects","UAE","","Residential","name only (unverified, no code)"
"dwp_Digital_Asset/dwp Projects/UAE/Workplace/553 - Smart Dubai Office in Dubai Design District","15","dwp Projects","UAE","","Workplace","name only (unverified, no code)"
"dwp_Digital_Asset/dwp Projects/VIETNAM/Vietnam/VNHCM-10-038 Friesland Campina","15","dwp Projects","VIETNAM","VNHCM-10-038","Friesland Campina","code + name"
"dwp_Digital_Asset/dwp Projects/VIETNAM/Vietnam/VNHCM-13-0785 Bao Viet Life Office","15","dwp Projects","VIETNAM","VNHCM-13-0785","Bao Viet Life Office","code + name"
"dwp_Digital_Asset/_OpenAsset Projects/Australia/18-0179 USC Stadium Expansion","14","_OpenAsset Projects","Australia","18-0179","USC Stadium Expansion","code + name"
"dwp_Digital_Asset/_OpenAsset Projects/Australia/18-0519 Victorian State Netball and Hockey Centre","14","_OpenAsset Projects","Australia","18-0519","Victorian State Netball and Hockey Centre","code + name"
"dwp_Digital_Asset/_OpenAsset Projects/Australia/18-0519 Victorian State Netball and Hockey Centre (1)","14","_OpenAsset Projects","Australia","18-0519","Victorian State Netball and Hockey Centre (1)","code + name"
"dwp_Digital_Asset/_OpenAsset Projects/Australia/3755 - Clayton North Primary School","14","_OpenAsset Projects","Australia","3755","Clayton North Primary School","code + name"
"dwp_Digital_Asset/_OpenAsset Projects/Australia/3966 - Oaktowers Nursing Home","14","_OpenAsset Projects","Australia","3966","Oaktowers Nursing Home","code + name"
"dwp_Digital_Asset/_OpenAsset Projects/Australia/6364 - Honeysuckle House","14","_OpenAsset Projects","Australia","6364","Honeysuckle House","code + name"
"dwp_Digital_Asset/_OpenAsset Projects/Australia/B21795 Queensland University of Technology Auditorium Refurbishment","14","_OpenAsset Projects","Australia","B21795","Queensland University of Technology Auditorium Refurbishment","code + name"
"dwp_Digital_Asset/_OpenAsset Projects/Australia/M4098 - Cardinia Aquatic Centre","14","_OpenAsset Projects","Australia","M4098","Cardinia Aquatic Centre","code + name"
"dwp_Digital_Asset/_OpenAsset Projects/Australia/N21240 Waratah Highlands Retirement Community Centre","14","_OpenAsset Projects","Australia","N21240","Waratah Highlands Retirement Community Centre","code + name"
"dwp_Digital_Asset/_OpenAsset Projects/Australia/S8217 - Karitane Community Health Centre","14","_OpenAsset Projects","Australia","S8217","Karitane Community Health Centre","code + name"
"dwp_Digital_Asset/_OpenAsset Projects/China/13-0937 Master Plan SuZhou/HKHKG-12-374 Macau University Restaurant Training School","14","_OpenAsset Projects","China","13-0937","Master Plan SuZhou","code + name"
"dwp_Digital_Asset/_OpenAsset Projects/Singapore/09-65058 Societe Generale Private Banking","14","_OpenAsset Projects","Singapore","09-65058","Societe Generale Private Banking","code + name"
"dwp_Digital_Asset/_OpenAsset Projects/Singapore/SG-08-778 Meritus Mandarin Orchard, Singapore","14","_OpenAsset Projects","Singapore","SG-08-778","Meritus Mandarin Orchard, Singapore","code + name"
"dwp_Digital_Asset/_OpenAsset Projects/Thailand/09-636 Foodwave","14","_OpenAsset Projects","Thailand","","09-636 Foodwave","name only (unverified, no code)"
"dwp_Digital_Asset/_OpenAsset Projects/Thailand/12-543 The Room - Pan Road/THBKK-10-820 HSBC Thonglor","14","_OpenAsset Projects","Thailand","THBKK-10-820","HSBC Thonglor","code + name"
"dwp_Digital_Asset/_OpenAsset Projects/Thailand/13-0908 Christian Louboutin","14","_OpenAsset Projects","Thailand","13-0908","Christian Louboutin","code + name"
"dwp_Digital_Asset/_OpenAsset Projects/Thailand/THBKK-04-080 Nestle","14","_OpenAsset Projects","Thailand","THBKK-04-080","Nestle","code + name"
"dwp_Digital_Asset/_OpenAsset Projects/UAE/AEDXB-10-208 Maysan Towers Abu Dhabi","14","_OpenAsset Projects","UAE","AEDXB-10-208","Maysan Towers Abu Dhabi","code + name"
"dwp_Digital_Asset/_OpenAsset Projects/UAE/AEDXB-12-494 Prime Hospital Dubai","14","_OpenAsset Projects","UAE","AEDXB-12-494","Prime Hospital Dubai","code + name"
"dwp_Digital_Asset/3D Projects/16-0284 Celes","14","3D Projects","","16-0284","Celes","code + name"
"dwp_Digital_Asset/3D Projects/19-0566 Noble Wireless","14","3D Projects","","19-0566","Noble Wireless","code + name"
"dwp_Digital_Asset/3D Projects/23-0376 Siraninn Plokt 19","14","3D Projects","","23-0376","Siraninn Plokt 19","code + name"
"dwp_Digital_Asset/dwp Projects/_dwp Videos","14","dwp Projects","","","","no-project (content bucket)"
"dwp_Digital_Asset/dwp Projects/ARCHIVED/FileCamp Library/FILECAMP – sample folder/Imagery","14","dwp Projects","","","FileCamp Library","name only (unverified, no code)"
"dwp_Digital_Asset/dwp Projects/SINGAPORE/09-65058 Societe Generale Private Banking","14","dwp Projects","SINGAPORE","09-65058","Societe Generale Private Banking","code + name"
"dwp_Digital_Asset/dwp Projects/SINGAPORE/SG-08-778 Meritus Mandarin Orchard, Singapore","14","dwp Projects","SINGAPORE","SG-08-778","Meritus Mandarin Orchard, Singapore","code + name"
"dwp_Digital_Asset/dwp Projects/UAE/F&B/1182 - Nando's Dubai","14","dwp Projects","UAE","1182","Nando's Dubai","code + name"
"dwp_Digital_Asset/dwp Projects/UAE/Health/510 - Prime Hospital Dubai","14","dwp Projects","UAE","","Health","name only (unverified, no code)"
"dwp_Digital_Asset/dwp Projects/UAE/Medusa Images/civic/Akademeia High School, Warsaw, PL/interior","14","dwp Projects","UAE","","Medusa Images","name only (unverified, no code)"
"dwp_Digital_Asset/dwp Projects/UAE/Medusa Images/commercial/Nowy Rynek, Poznan, PL","14","dwp Projects","UAE","","Medusa Images","name only (unverified, no code)"
"dwp_Digital_Asset/dwp Projects/UAE/Residential/506 - Maysan Towers Abu Dhabi","14","dwp Projects","UAE","","Residential","name only (unverified, no code)"
"dwp_Digital_Asset/dwp Projects/UAE/Residential/946 - The Alef Residences","14","dwp Projects","UAE","","Residential","name only (unverified, no code)"
"dwp_Digital_Asset/dwp Projects/UAE/Residential/Sobha Hartland Villas","14","dwp Projects","UAE","","Residential","name only (unverified, no code)"
"dwp_Digital_Asset/dwp Projects/VIETNAM/Hospitality/19-0563 The grand Ho Tram strip-IHG conversation PIP","14","dwp Projects","VIETNAM","19-0563","The grand Ho Tram strip-IHG conversation PIP","code + name"
"dwp_Digital_Asset/_OpenAsset Projects/Australia/403008 - Brisbane Market Building G2","13","_OpenAsset Projects","Australia","403008","Brisbane Market Building G2","code + name"
"dwp_Digital_Asset/_OpenAsset Projects/Australia/403165 - Margaret Cribb Early Learning/medium","13","_OpenAsset Projects","Australia","403165","Margaret Cribb Early Learning","code + name"
"dwp_Digital_Asset/_OpenAsset Projects/Australia/4157 -Donvale Christian College Year 9 Environmental Centre","13","_OpenAsset Projects","Australia","4157","Donvale Christian College Year 9 Environmental Centre","code + name"
"dwp_Digital_Asset/_OpenAsset Projects/Australia/M20205 Westmeadows Primary School Hall","13","_OpenAsset Projects","Australia","M20205","Westmeadows Primary School Hall","code + name"
"dwp_Digital_Asset/_OpenAsset Projects/Australia/M4321 - Bentleigh Secondary College Stage 2","13","_OpenAsset Projects","Australia","M4321","Bentleigh Secondary College Stage 2","code + name"
"dwp_Digital_Asset/_OpenAsset Projects/Australia/N7125 - Azura Apartments","13","_OpenAsset Projects","Australia","N7125","Azura Apartments","code + name"
"dwp_Digital_Asset/_OpenAsset Projects/Malaysia/MYKUL-10-182 SD Property Office","13","_OpenAsset Projects","Malaysia","MYKUL-10-182","SD Property Office","code + name"
"dwp_Digital_Asset/_OpenAsset Projects/Singapore/10-65100 Commerzbank","13","_OpenAsset Projects","Singapore","10-65100","Commerzbank","code + name"
"dwp_Digital_Asset/_OpenAsset Projects/Thailand/15-0060 Thailand Creative & Design Center (TCDC)/THBKK-06-144 Louis Vuitton Starhill, Malaysia","13","_OpenAsset Projects","Thailand","15-0060","Thailand Creative & Design Center (TCDC)","code + name"
"dwp_Digital_Asset/_OpenAsset Projects/Thailand/16-0401 Chuan Chuen Golf Club","13","_OpenAsset Projects","Thailand","16-0401","Chuan Chuen Golf Club","code + name"
"dwp_Digital_Asset/_OpenAsset Projects/Thailand/18-0118 Moxy Hotel, Bangkok, Thailand","13","_OpenAsset Projects","Thailand","18-0118","Moxy Hotel, Bangkok, Thailand","code + name"
"dwp_Digital_Asset/_OpenAsset Projects/Thailand/THBKK-07-174 Royal Orchid Sheraton - F&B and Facade","13","_OpenAsset Projects","Thailand","THBKK-07-174","Royal Orchid Sheraton - F&B and Facade","code + name"
"dwp_Digital_Asset/_OpenAsset Projects/Thailand/THBKK-10-284 Hilton Pattaya - S","13","_OpenAsset Projects","Thailand","THBKK-10-284","Hilton Pattaya - S","code + name"
"dwp_Digital_Asset/_OpenAsset Projects/Thailand/THBKK-13-1076 OSHA Thai Restaurant","13","_OpenAsset Projects","Thailand","THBKK-13-1076","OSHA Thai Restaurant","code + name"
"dwp_Digital_Asset/_OpenAsset Projects/Thailand/THBKK-14-0153 TMB HQ Banking Hall Renovation","13","_OpenAsset Projects","Thailand","THBKK-14-0153","TMB HQ Banking Hall Renovation","code + name"
"dwp_Digital_Asset/_OpenAsset Projects/Thailand/THBKK-17-0037 Shrewsbury 6th Form","13","_OpenAsset Projects","Thailand","THBKK-17-0037","Shrewsbury 6th Form","code + name"
"dwp_Digital_Asset/_OpenAsset Projects/Thailand/THBKK-18-0272-2lebua Chef's Table","13","_OpenAsset Projects","Thailand","THBKK-18-0272","2lebua Chef's Table","code + name"
"dwp_Digital_Asset/_OpenAsset Projects/UAE/BH-10-255 Makkah Gateway Cultural Oasis","13","_OpenAsset Projects","UAE","BH-10-255","Makkah Gateway Cultural Oasis","code + name"
"dwp_Digital_Asset/_OpenAsset Projects/Vietnam/THBKK-10-359 Chill Saigon, Viet","13","_OpenAsset Projects","Vietnam","THBKK-10-359","Chill Saigon, Viet","code + name"
"dwp_Digital_Asset/_OpenAsset Projects/Vietnam/VN-08-379 Le Méridien Saigon, HCMC, Vietnam","13","_OpenAsset Projects","Vietnam","VN-08-379","Le Méridien Saigon, HCMC, Vietnam","code + name"
"dwp_Digital_Asset/_OpenAsset Projects/Vietnam/VNHCM-08-364 M Gallery","13","_OpenAsset Projects","Vietnam","VNHCM-08-364","M Gallery","code + name"
"dwp_Digital_Asset/3D Projects/19-0566 WIRELESS FINAL PERSPECTIVE","13","3D Projects","","19-0566","WIRELESS FINAL PERSPECTIVE","code + name"
"dwp_Digital_Asset/3D Projects/23-0346 OneBKK Penthouse","13","3D Projects","","23-0346","OneBKK Penthouse","code + name"
"dwp_Digital_Asset/dwp Projects/SINGAPORE/10-65100 Commerzbank","13","dwp Projects","SINGAPORE","10-65100","Commerzbank","code + name"
"dwp_Digital_Asset/dwp Projects/THAILAND/Workplace/24-0091 Richmont Office/HIRES","13","dwp Projects","THAILAND","24-0091","Richmont Office","code + name"
"dwp_Digital_Asset/dwp Projects/THAILAND/Workplace/24-0091 Richmont Office/RESIZE","13","dwp Projects","THAILAND","24-0091","Richmont Office","code + name"
"dwp_Digital_Asset/dwp Projects/THAILAND/Workplace/25-0054 Richemont TH Office Expansion/RICHEMONT_HIRES","13","dwp Projects","THAILAND","25-0054","Richemont TH Office Expansion","code + name"
"dwp_Digital_Asset/dwp Projects/THAILAND/Workplace/25-0054 Richemont TH Office Expansion/RICHEMONT_RESIZE","13","dwp Projects","THAILAND","25-0054","Richemont TH Office Expansion","code + name"
"dwp_Digital_Asset/dwp Projects/UAE/Medusa Images/commercial/Brama Miasta (City Gate), Lodz, PL","13","dwp Projects","UAE","","Medusa Images","name only (unverified, no code)"
"dwp_Digital_Asset/dwp Projects/UAE/Medusa Images/hospitality/Wroclaw Hotel, PL","13","dwp Projects","UAE","","Medusa Images","name only (unverified, no code)"
"dwp_Digital_Asset/dwp Projects/UAE/Residential/24-0053 Ciel Tower VIP floors","13","dwp Projects","UAE","24-0053","Ciel Tower VIP floors","code + name"
"dwp_Digital_Asset/dwp Projects/VIETNAM/Vietnam/THBKK-10-359 Chill Saigon, Viet","13","dwp Projects","VIETNAM","THBKK-10-359","Chill Saigon, Viet","code + name"
"dwp_Digital_Asset/dwp Projects/VIETNAM/Vietnam/VN-08-379 Le Méridien Saigon, HCMC, Vietnam","13","dwp Projects","VIETNAM","VN-08-379","Le Méridien Saigon, HCMC, Vietnam","code + name"
"dwp_Digital_Asset/dwp Projects/VIETNAM/Vietnam/VNHCM-08-364 M Gallery","13","dwp Projects","VIETNAM","VNHCM-08-364","M Gallery","code + name"
"dwp_Digital_Asset/_OpenAsset Projects/Australia/16-0303 Next Gen Health Club Doncaster","12","_OpenAsset Projects","Australia","16-0303","Next Gen Health Club Doncaster","code + name"
"dwp_Digital_Asset/_OpenAsset Projects/Australia/17-0186 NSW Rural Fire Services Headquarters Fitout","12","_OpenAsset Projects","Australia","17-0186","NSW Rural Fire Services Headquarters Fitout","code + name"
"dwp_Digital_Asset/_OpenAsset Projects/Australia/202408-Riverside Park Office Tower","12","_OpenAsset Projects","Australia","202408","Riverside Park Office Tower","code + name"
"dwp_Digital_Asset/_OpenAsset Projects/Australia/4430 - Altona Sports Centre","12","_OpenAsset Projects","Australia","4430","Altona Sports Centre","code + name"
"dwp_Digital_Asset/_OpenAsset Projects/Australia/8618 - Turramurra Rail Station","12","_OpenAsset Projects","Australia","8618","Turramurra Rail Station","code + name"
"dwp_Digital_Asset/_OpenAsset Projects/Australia/B1259 -Taringa Transit Oriented Development","12","_OpenAsset Projects","Australia","B1259","Taringa Transit Oriented Development","code + name"
"dwp_Digital_Asset/_OpenAsset Projects/Australia/B21544 Queensland University of Technology H Block","12","_OpenAsset Projects","Australia","B21544","Queensland University of Technology H Block","code + name"
"dwp_Digital_Asset/_OpenAsset Projects/Australia/C5673 - Cairns City Library","12","_OpenAsset Projects","Australia","C5673","Cairns City Library","code + name"
"dwp_Digital_Asset/_OpenAsset Projects/Australia/M20166 - St Francis Xavier Primary School","12","_OpenAsset Projects","Australia","M20166","St Francis Xavier Primary School","code + name"
"dwp_Digital_Asset/_OpenAsset Projects/Australia/N6329 - Altro Apartments City Quarter","12","_OpenAsset Projects","Australia","N6329","Altro Apartments City Quarter","code + name"
"dwp_Digital_Asset/_OpenAsset Projects/Australia/N7574 - TAFE NSW Hunter Institute Front Room Gallery","12","_OpenAsset Projects","Australia","N7574","TAFE NSW Hunter Institute Front Room Gallery","code + name"
"dwp_Digital_Asset/_OpenAsset Projects/Australia/N7620 - Sky Central","12","_OpenAsset Projects","Australia","N7620","Sky Central","code + name"
"dwp_Digital_Asset/_OpenAsset Projects/Hong Kong/HK11-541 Tseun Wan Adventist Hospital","12","_OpenAsset Projects","Hong Kong","","HK11-541 Tseun Wan Adventist Hospital","name only (unverified, no code)"
"dwp_Digital_Asset/_OpenAsset Projects/Singapore/13-65017 Foodfare, Kallang Singapore","12","_OpenAsset Projects","Singapore","13-65017","Foodfare, Kallang Singapore","code + name"
"dwp_Digital_Asset/_OpenAsset Projects/Singapore/14-65065 Artisan Boulangerie Co - Killiney Road","12","_OpenAsset Projects","Singapore","14-65065","Artisan Boulangerie Co - Killiney Road","code + name"
"dwp_Digital_Asset/_OpenAsset Projects/Thailand/THBKK-06-111 BMW New Office","12","_OpenAsset Projects","Thailand","THBKK-06-111","BMW New Office","code + name"
"dwp_Digital_Asset/_OpenAsset Projects/Thailand/THBKK-08-413 Ponds Shanghai","12","_OpenAsset Projects","Thailand","THBKK-08-413","Ponds Shanghai","code + name"
"dwp_Digital_Asset/_OpenAsset Projects/Thailand/THBKK-11-1156 Thailand Future","12","_OpenAsset Projects","Thailand","THBKK-11-1156","Thailand Future","code + name"
"dwp_Digital_Asset/_OpenAsset Projects/Thailand/THBKK-14-0221 DHL Office - Thailand","12","_OpenAsset Projects","Thailand","THBKK-14-0221","DHL Office - Thailand","code + name"
"dwp_Digital_Asset/3D Projects/22-0471 S28/Manor","12","3D Projects","","22-0471","S28","code + name"
"dwp_Digital_Asset/3D Projects/25-0052 Proton","12","3D Projects","","25-0052","Proton","code + name"
"dwp_Digital_Asset/dwp Projects/ARCHIVED/FileCamp Library/CORPORATE – sample folder/Public MediaBank/01. Oil rigs","12","dwp Projects","","","FileCamp Library","name only (unverified, no code)"
"dwp_Digital_Asset/dwp Projects/Hong Kong/HK11-541 Tseun Wan Adventist Hospital","12","dwp Projects","Hong Kong","","HK11-541 Tseun Wan Adventist Hospital","name only (unverified, no code)"
"dwp_Digital_Asset/dwp Projects/SINGAPORE/13-65017 Foodfare, Kallang Singapore","12","dwp Projects","SINGAPORE","13-65017","Foodfare, Kallang Singapore","code + name"
"dwp_Digital_Asset/dwp Projects/SINGAPORE/14-65065 Artisan Boulangerie Co - Killiney Road","12","dwp Projects","SINGAPORE","14-65065","Artisan Boulangerie Co - Killiney Road","code + name"
"dwp_Digital_Asset/dwp Projects/UAE/Medusa Images/commercial/Wadowicka 3, Cracow, PL","12","dwp Projects","UAE","","Medusa Images","name only (unverified, no code)"
"dwp_Digital_Asset/dwp Projects/UAE/Medusa Images/hospitality/Aquart Hotel, Swinoujscie, PL","12","dwp Projects","UAE","","Medusa Images","name only (unverified, no code)"
"dwp_Digital_Asset/_OpenAsset Projects/Australia/0306-04 Pacific Eye Centre/N20244 Newcastle Endoscopy Centre","11","_OpenAsset Projects","Australia","0306-04","Pacific Eye Centre","code + name"
"dwp_Digital_Asset/_OpenAsset Projects/Australia/1034-2 Alphapharm Distribution Centre","11","_OpenAsset Projects","Australia","1034","2 Alphapharm Distribution Centre","code + name"
"dwp_Digital_Asset/_OpenAsset Projects/Australia/13130 University of Sydney Centre for Carbon Water and Food","11","_OpenAsset Projects","Australia","13130","University of Sydney Centre for Carbon Water and Food","code + name"
"dwp_Digital_Asset/_OpenAsset Projects/Australia/3699 - Simpson Eyecare Centre","11","_OpenAsset Projects","Australia","3699","Simpson Eyecare Centre","code + name"
"dwp_Digital_Asset/_OpenAsset Projects/Australia/403402- -Brisbane Private Hospital Inpatient Unit","11","_OpenAsset Projects","Australia","403402","Brisbane Private Hospital Inpatient Unit","code + name"
"dwp_Digital_Asset/_OpenAsset Projects/Australia/4431 - Annette Kellerman Aquatic Centre","11","_OpenAsset Projects","Australia","4431","Annette Kellerman Aquatic Centre","code + name"
"dwp_Digital_Asset/_OpenAsset Projects/Australia/8951 - Nambucca High School TTF","11","_OpenAsset Projects","Australia","8951","Nambucca High School TTF","code + name"
"dwp_Digital_Asset/_OpenAsset Projects/Australia/M21845 - Shirley Burke Theatre","11","_OpenAsset Projects","Australia","M21845","Shirley Burke Theatre","code + name"
"dwp_Digital_Asset/_OpenAsset Projects/Australia/M5205 - Patterson Lakes Community Centre","11","_OpenAsset Projects","Australia","M5205","Patterson Lakes Community Centre","code + name"
"dwp_Digital_Asset/_OpenAsset Projects/Australia/N20341 - The Greater BS Branch Concepts","11","_OpenAsset Projects","Australia","N20341","The Greater BS Branch Concepts","code + name"
"dwp_Digital_Asset/_OpenAsset Projects/Hong Kong/HKHKG-08-066 Holiday Inn Golden Mile, Hong Kong","11","_OpenAsset Projects","Hong Kong","HKHKG-08-066","Holiday Inn Golden Mile, Hong Kong","code + name"
"dwp_Digital_Asset/_OpenAsset Projects/Hong Kong/HKHKG-09-991 Spice Garden, Reta","11","_OpenAsset Projects","Hong Kong","HKHKG-09-991","Spice Garden, Reta","code + name"
"dwp_Digital_Asset/_OpenAsset Projects/Myanmar/18-0447 Westin Hotel, Yangon, Myanmar","11","_OpenAsset Projects","Myanmar","18-0447","Westin Hotel, Yangon, Myanmar","code + name"
"dwp_Digital_Asset/_OpenAsset Projects/Singapore/11-65013 Deloitte Singapore","11","_OpenAsset Projects","Singapore","11-65013","Deloitte Singapore","code + name"
"dwp_Digital_Asset/_OpenAsset Projects/Singapore/14-65130 City House","11","_OpenAsset Projects","Singapore","14-65130","City House","code + name"
"dwp_Digital_Asset/_OpenAsset Projects/Thailand/15-0060 Thailand Creative & Design Center (TCDC)/THBKK-13-0514 The Peninsula Bangkok - Feasibility Study of Upgrade Work","11","_OpenAsset Projects","Thailand","15-0060","Thailand Creative & Design Center (TCDC)","code + name"
"dwp_Digital_Asset/_OpenAsset Projects/Thailand/THBKK-04-004 BMW Showroom","11","_OpenAsset Projects","Thailand","THBKK-04-004","BMW Showroom","code + name"
"dwp_Digital_Asset/3D Projects/16-0247 Thanoon","11","3D Projects","","16-0247","Thanoon","code + name"
"dwp_Digital_Asset/3D Projects/20-0401 Yotel Rooftop","11","3D Projects","","20-0401","Yotel Rooftop","code + name"
"dwp_Digital_Asset/3D Projects/22-0010 Phuket","11","3D Projects","","22-0010","Phuket","code + name"
"dwp_Digital_Asset/3D Projects/22-0010 Phuket Private Residence Avadina 11","11","3D Projects","","22-0010","Phuket Private Residence Avadina 11","code + name"
"dwp_Digital_Asset/3D Projects/22-0223 Lancaster/Typical Unit","11","3D Projects","","22-0223","Lancaster","code + name"
"dwp_Digital_Asset/3D Projects/23-0198 C3B - One Bangkok Penthouse","11","3D Projects","","23-0198","C3B - One Bangkok Penthouse","code + name"
"dwp_Digital_Asset/dwp Projects/ARCHIVED/FileCamp Library/COMPANY – sample folder/Bikes","11","dwp Projects","","","FileCamp Library","name only (unverified, no code)"
"dwp_Digital_Asset/dwp Projects/ARCHIVED/FileCamp Library/COMPANY – sample folder/Watches","11","dwp Projects","","","FileCamp Library","name only (unverified, no code)"
"dwp_Digital_Asset/dwp Projects/Hong Kong/HKHKG-08-066 Holiday Inn Golden Mile, Hong Kong","11","dwp Projects","Hong Kong","HKHKG-08-066","Holiday Inn Golden Mile, Hong Kong","code + name"
"dwp_Digital_Asset/dwp Projects/Hong Kong/HKHKG-09-991 Spice Garden, Reta","11","dwp Projects","Hong Kong","HKHKG-09-991","Spice Garden, Reta","code + name"
"dwp_Digital_Asset/dwp Projects/SINGAPORE/11-65013 Deloitte Singapore","11","dwp Projects","SINGAPORE","11-65013","Deloitte Singapore","code + name"
"dwp_Digital_Asset/dwp Projects/SINGAPORE/14-65130 City House","11","dwp Projects","SINGAPORE","14-65130","City House","code + name"
"dwp_Digital_Asset/dwp Projects/THAILAND/Hospitality/21-0284 One Bangkok - H1 Hotel in Zone 1  Fraser","11","dwp Projects","THAILAND","21-0284","One Bangkok - H1 Hotel in Zone 1  Fraser","code + name"
"dwp_Digital_Asset/dwp Projects/UAE/Medusa Images/workplaces/TDJ, Katowice, PL","11","dwp Projects","UAE","","Medusa Images","name only (unverified, no code)"
"dwp_Digital_Asset/dwp Projects/UAE/Workplace/864 - Meraas Sales Boutique, Dubai","11","dwp Projects","UAE","","Workplace","name only (unverified, no code)"
"dwp_Digital_Asset/_OpenAsset Projects/Australia/0306-04 Pacific Eye Centre/202336 Reliance GP Super Clinic Gosford","10","_OpenAsset Projects","Australia","0306-04","Pacific Eye Centre","code + name"
"dwp_Digital_Asset/_OpenAsset Projects/Australia/0306-04 Pacific Eye Centre/B1324 Queensland Institute of Technology Confucius Institute","10","_OpenAsset Projects","Australia","0306-04","Pacific Eye Centre","code + name"
"dwp_Digital_Asset/_OpenAsset Projects/Australia/15-0201 Blue Care Star of the Sea Masterplan","10","_OpenAsset Projects","Australia","15-0201","Blue Care Star of the Sea Masterplan","code + name"
"dwp_Digital_Asset/_OpenAsset Projects/Australia/21-0030 Vision for the North - Compas School","10","_OpenAsset Projects","Australia","21-0030","Vision for the North - Compas School","code + name"
"dwp_Digital_Asset/_OpenAsset Projects/Australia/2544 - -University NSW Science Theatre","10","_OpenAsset Projects","Australia","2544","University NSW Science Theatre","code + name"
"dwp_Digital_Asset/_OpenAsset Projects/Australia/302586 - Eastgate Shopping Centre Redevelopment","10","_OpenAsset Projects","Australia","302586","Eastgate Shopping Centre Redevelopment","code + name"
"dwp_Digital_Asset/_OpenAsset Projects/Australia/3680 - Civic Theatre Refurbishment","10","_OpenAsset Projects","Australia","3680","Civic Theatre Refurbishment","code + name"
"dwp_Digital_Asset/_OpenAsset Projects/Australia/4789 - Singleton Aquatic Centre","10","_OpenAsset Projects","Australia","4789","Singleton Aquatic Centre","code + name"
"dwp_Digital_Asset/_OpenAsset Projects/Australia/502222 - Devonport Aquatic Centre","10","_OpenAsset Projects","Australia","502222","Devonport Aquatic Centre","code + name"
"dwp_Digital_Asset/_OpenAsset Projects/Australia/502860 - Swinburne University Masterplan","10","_OpenAsset Projects","Australia","502860","Swinburne University Masterplan","code + name"
"dwp_Digital_Asset/_OpenAsset Projects/Australia/5055 - Mother of God Primary School","10","_OpenAsset Projects","Australia","5055","Mother of God Primary School","code + name"
"dwp_Digital_Asset/_OpenAsset Projects/Australia/5166 - Chisholm Institute of Technology Sports","10","_OpenAsset Projects","Australia","5166","Chisholm Institute of Technology Sports","code + name"
"dwp_Digital_Asset/_OpenAsset Projects/Australia/602349 - Innisfail Customer Service Centre Department of Transport","10","_OpenAsset Projects","Australia","602349","Innisfail Customer Service Centre Department of Transport","code + name"
"dwp_Digital_Asset/_OpenAsset Projects/Australia/8062 - Marrickville Health Centre","10","_OpenAsset Projects","Australia","8062","Marrickville Health Centre","code + name"
"dwp_Digital_Asset/_OpenAsset Projects/Australia/AUBNE-12-0189 Avenues Early Learning Centre Paddington","10","_OpenAsset Projects","Australia","AUBNE-12-0189","Avenues Early Learning Centre Paddington","code + name"
"dwp_Digital_Asset/_OpenAsset Projects/Australia/B21146 - Tully Multipurpose Centre","10","_OpenAsset Projects","Australia","B21146","Tully Multipurpose Centre","code + name"
"dwp_Digital_Asset/_OpenAsset Projects/Australia/C5799 - Barron Gorge Adminstration and Visitors Centre","10","_OpenAsset Projects","Australia","C5799","Barron Gorge Adminstration and Visitors Centre","code + name"
"dwp_Digital_Asset/_OpenAsset Projects/Australia/M21536 Kew Recreation Centre","10","_OpenAsset Projects","Australia","M21536","Kew Recreation Centre","code + name"
"dwp_Digital_Asset/_OpenAsset Projects/Australia/N5763 - Etage Apartments City Quarter","10","_OpenAsset Projects","Australia","N5763","Etage Apartments City Quarter","code + name"
"dwp_Digital_Asset/_OpenAsset Projects/Australia/S20100 - TAFE NSW Northern Sydney Institute, Health, Welfare, Sport & Recreation","10","_OpenAsset Projects","Australia","S20100","TAFE NSW Northern Sydney Institute, Health, Welfare, Sport & Recreation","code + name"
"dwp_Digital_Asset/_OpenAsset Projects/Bahrain/BH-08-673 Amwaj Gateway Apartment","10","_OpenAsset Projects","Bahrain","BH-08-673","Amwaj Gateway Apartment","code + name"
"dwp_Digital_Asset/_OpenAsset Projects/Malaysia/MYKUL-16-0229 SJMC Lobby Refurbishment","10","_OpenAsset Projects","Malaysia","MYKUL-16-0229","SJMC Lobby Refurbishment","code + name"
"dwp_Digital_Asset/_OpenAsset Projects/Singapore/11-65012 Fuji Xerox","10","_OpenAsset Projects","Singapore","11-65012","Fuji Xerox","code + name"
"dwp_Digital_Asset/_OpenAsset Projects/Singapore/12-65058 JP Morgan, Singapore","10","_OpenAsset Projects","Singapore","12-65058","JP Morgan, Singapore","code + name"
"dwp_Digital_Asset/_OpenAsset Projects/Singapore/13-65036 Artisan Boulangerie Co - Asia Square","10","_OpenAsset Projects","Singapore","13-65036","Artisan Boulangerie Co - Asia Square","code + name"
"dwp_Digital_Asset/_OpenAsset Projects/Singapore/14-65019 ALT Pizza - Suntec","10","_OpenAsset Projects","Singapore","14-65019","ALT Pizza - Suntec","code + name"
"dwp_Digital_Asset/_OpenAsset Projects/Thailand/THBKK-05-224 Naraya","10","_OpenAsset Projects","Thailand","THBKK-05-224","Naraya","code + name"
"dwp_Digital_Asset/_OpenAsset Projects/Thailand/THBKK-06-079 Le Bayburi Villas","10","_OpenAsset Projects","Thailand","THBKK-06-079","Le Bayburi Villas","code + name"
"dwp_Digital_Asset/_OpenAsset Projects/Thailand/THBKK-11-162 Quattro by Sansiri, Bangkok","10","_OpenAsset Projects","Thailand","THBKK-11-162","Quattro by Sansiri, Bangkok","code + name"
"dwp_Digital_Asset/_OpenAsset Projects/Vietnam/VN08-488 ACE Insurance","10","_OpenAsset Projects","Vietnam","","VN08-488 ACE Insurance","name only (unverified, no code)"
"dwp_Digital_Asset/3D Projects/24-0249 Sirocco","10","3D Projects","","24-0249","Sirocco","code + name"
"dwp_Digital_Asset/3D Projects/25-0341 BDMS","10","3D Projects","","25-0341","BDMS","code + name"
"dwp_Digital_Asset/dwp Projects/ARCHIVED/FileCamp Library","10","dwp Projects","","","FileCamp Library","name only (unverified, no code)"
"dwp_Digital_Asset/dwp Projects/SINGAPORE/11-65012 Fuji Xerox","10","dwp Projects","SINGAPORE","11-65012","Fuji Xerox","code + name"
"dwp_Digital_Asset/dwp Projects/SINGAPORE/12-65058 JP Morgan, Singapore","10","dwp Projects","SINGAPORE","12-65058","JP Morgan, Singapore","code + name"
"dwp_Digital_Asset/dwp Projects/SINGAPORE/13-65036 Artisan Boulangerie Co - Asia Square","10","dwp Projects","SINGAPORE","13-65036","Artisan Boulangerie Co - Asia Square","code + name"
"dwp_Digital_Asset/dwp Projects/SINGAPORE/14-65019 ALT Pizza - Suntec","10","dwp Projects","SINGAPORE","14-65019","ALT Pizza - Suntec","code + name"
"dwp_Digital_Asset/dwp Projects/THAILAND/Education/22-0052 Aster International School/From School Website","10","dwp Projects","THAILAND","22-0052","Aster International School","code + name"
"dwp_Digital_Asset/dwp Projects/THAILAND/Hospitality/20-0401-7 Cloud 11 - Yotel","10","dwp Projects","THAILAND","20-0401","7 Cloud 11 - Yotel","code + name"
"dwp_Digital_Asset/dwp Projects/THAILAND/Residential/22-0010 Phuket Private Residence","10","dwp Projects","THAILAND","22-0010","Phuket Private Residence","code + name"
"dwp_Digital_Asset/dwp Projects/THAILAND/Workplace/17-0063 McKinsey Office","10","dwp Projects","THAILAND","17-0063","McKinsey Office","code + name"
"dwp_Digital_Asset/dwp Projects/THAILAND/Workplace/22-0307 Christian Dior","10","dwp Projects","THAILAND","22-0307","Christian Dior","code + name"
"dwp_Digital_Asset/dwp Projects/THAILAND/Workplace/25-0195 United Airlines Office/High Res","10","dwp Projects","THAILAND","25-0195","United Airlines Office","code + name"
"dwp_Digital_Asset/dwp Projects/THAILAND/Workplace/25-0195 United Airlines Office/Low Res","10","dwp Projects","THAILAND","25-0195","United Airlines Office","code + name"
"dwp_Digital_Asset/dwp Projects/UAE/Medusa Images/civic/Smart Innovation School, Dhaka, Bangladesh","10","dwp Projects","UAE","","Medusa Images","name only (unverified, no code)"
"dwp_Digital_Asset/dwp Projects/UAE/Medusa Images/commercial/Silesia Business Park, Katowice, PL","10","dwp Projects","UAE","","Medusa Images","name only (unverified, no code)"
"dwp_Digital_Asset/dwp Projects/UAE/Medusa Images/residential/First District Estate, Katowice, PL","10","dwp Projects","UAE","","Medusa Images","name only (unverified, no code)"
"dwp_Digital_Asset/dwp Projects/UAE/Medusa Images/residential/Fuzja - Lofts residential buildings, Lodz, PL","10","dwp Projects","UAE","","Medusa Images","name only (unverified, no code)"
"dwp_Digital_Asset/dwp Projects/UAE/Medusa Images/retail/Katowicka Gallery, Katowice, PL","10","dwp Projects","UAE","","Medusa Images","name only (unverified, no code)"
"dwp_Digital_Asset/dwp Projects/UAE/Medusa Images/urban & masterplan/Cement Works, Jaworzno, PL","10","dwp Projects","UAE","","Medusa Images","name only (unverified, no code)"
"dwp_Digital_Asset/dwp Projects/UAE/Medusa Images/workplaces/Brama Miasta (City Gate), Lodz, PL","10","dwp Projects","UAE","","Medusa Images","name only (unverified, no code)"
"dwp_Digital_Asset/dwp Projects/VIETNAM/Vietnam/VN08-488 ACE Insurance","10","dwp Projects","VIETNAM","","Vietnam","name only (unverified, no code)"
"dwp_Digital_Asset/Marketing Hub/Marketing Requests/2XAHU6 - Beauty, workspace and connection converge.","10","Marketing Hub","","","","no-project (by design)"
"dwp_Digital_Asset/Marketing Hub/Marketing Requests/ARC84Q - Open House at dwp Bangkok Studio","10","Marketing Hub","","","","no-project (by design)"
"dwp_Digital_Asset/_OpenAsset Projects/Australia/0306-04 Pacific Eye Centre/202901 Lakeside Gardens","9","_OpenAsset Projects","Australia","0306-04","Pacific Eye Centre","code + name"
"dwp_Digital_Asset/_OpenAsset Projects/Australia/13-0114 De La Salle College Multipurpose Hall","9","_OpenAsset Projects","Australia","13-0114","De La Salle College Multipurpose Hall","code + name"
"dwp_Digital_Asset/_OpenAsset Projects/Australia/303223 - Hillsong Church Workplace","9","_OpenAsset Projects","Australia","303223","Hillsong Church Workplace","code + name"
"dwp_Digital_Asset/_OpenAsset Projects/Australia/3110 - Calvary Mater Hospice","9","_OpenAsset Projects","Australia","3110","Calvary Mater Hospice","code + name"
"dwp_Digital_Asset/_OpenAsset Projects/Australia/5489 - Cazalys Football Club Cairns","9","_OpenAsset Projects","Australia","5489","Cazalys Football Club Cairns","code + name"
"dwp_Digital_Asset/_OpenAsset Projects/Australia/6736 - Newcastle Permanent BS HO Concept","9","_OpenAsset Projects","Australia","6736","Newcastle Permanent BS HO Concept","code + name"
"dwp_Digital_Asset/_OpenAsset Projects/Australia/8757 - Queanbeyan Hospital","9","_OpenAsset Projects","Australia","8757","Queanbeyan Hospital","code + name"
"dwp_Digital_Asset/_OpenAsset Projects/Australia/N7682 - Coal Services Speers Point","9","_OpenAsset Projects","Australia","N7682","Coal Services Speers Point","code + name"
"dwp_Digital_Asset/_OpenAsset Projects/Australia/S8749 - Sutherland Mental Health Unit","9","_OpenAsset Projects","Australia","S8749","Sutherland Mental Health Unit","code + name"
"dwp_Digital_Asset/_OpenAsset Projects/Bahrain/BH-06-06 InterContinental Hotel, Bahrain","9","_OpenAsset Projects","Bahrain","","BH-06-06 InterContinental Hotel, Bahrain","name only (unverified, no code)"
"dwp_Digital_Asset/_OpenAsset Projects/China/14-0708 Westin Chaoyang","9","_OpenAsset Projects","China","14-0708","Westin Chaoyang","code + name"
"dwp_Digital_Asset/_OpenAsset Projects/China/CNSHA-15-0383 Qingdao Oriental Modern Center","9","_OpenAsset Projects","China","CNSHA-15-0383","Qingdao Oriental Modern Center","code + name"
"dwp_Digital_Asset/_OpenAsset Projects/Malaysia/15-65070 Nando's Melaka","9","_OpenAsset Projects","Malaysia","15-65070","Nando's Melaka","code + name"
"dwp_Digital_Asset/_OpenAsset Projects/Singapore/11-65001 Toby's Estate","9","_OpenAsset Projects","Singapore","11-65001","Toby's Estate","code + name"
"dwp_Digital_Asset/_OpenAsset Projects/Singapore/11-65022 Cafe Melba","9","_OpenAsset Projects","Singapore","11-65022","Cafe Melba","code + name"
"dwp_Digital_Asset/_OpenAsset Projects/Singapore/14-65029 Brewerkz - Orchard Parade","9","_OpenAsset Projects","Singapore","14-65029","Brewerkz - Orchard Parade","code + name"
"dwp_Digital_Asset/_OpenAsset Projects/Thailand/15-0060 Thailand Creative & Design Center (TCDC)/THBKK-08-428 German Standard","9","_OpenAsset Projects","Thailand","15-0060","Thailand Creative & Design Center (TCDC)","code + name"
"dwp_Digital_Asset/_OpenAsset Projects/Thailand/19-0438 KBank Neo Classic Ratchadamnoen","9","_OpenAsset Projects","Thailand","19-0438","KBank Neo Classic Ratchadamnoen","code + name"
"dwp_Digital_Asset/_OpenAsset Projects/Thailand/Th-09-635 Mai Khao Spas","9","_OpenAsset Projects","Thailand","","Th-09-635 Mai Khao Spas","name only (unverified, no code)"
"dwp_Digital_Asset/_OpenAsset Projects/Thailand/THBKK-08-146 Marriot Courtyard Patong","9","_OpenAsset Projects","Thailand","THBKK-08-146","Marriot Courtyard Patong","code + name"
"dwp_Digital_Asset/_OpenAsset Projects/Thailand/THBKK-14-0187 Mandarin Oriental Hotel","9","_OpenAsset Projects","Thailand","THBKK-14-0187","Mandarin Oriental Hotel","code + name"
"dwp_Digital_Asset/_OpenAsset Projects/Thailand/THBKK-14-0429 Ronnefeldt Tea Lounge","9","_OpenAsset Projects","Thailand","THBKK-14-0429","Ronnefeldt Tea Lounge","code + name"
"dwp_Digital_Asset/_OpenAsset Projects/Thailand/THBKK-18-0272 lebua Pink Bar","9","_OpenAsset Projects","Thailand","THBKK-18-0272","lebua Pink Bar","code + name"
"dwp_Digital_Asset/_OpenAsset Projects/UAE/19-0381 Al Forsan Fitness Resort","9","_OpenAsset Projects","UAE","19-0381","Al Forsan Fitness Resort","code + name"
"dwp_Digital_Asset/_OpenAsset Projects/Vietnam/VN-11-872 Manna Resort","9","_OpenAsset Projects","Vietnam","VN-11-872","Manna Resort","code + name"
"dwp_Digital_Asset/3D Projects/16-0413 SINGHA","9","3D Projects","","16-0413","SINGHA","code + name"
"dwp_Digital_Asset/3D Projects/17-0937 Sora Japanese","9","3D Projects","","17-0937","Sora Japanese","code + name"
"dwp_Digital_Asset/3D Projects/17-1062 Santiburi","9","3D Projects","","17-1062","Santiburi","code + name"
"dwp_Digital_Asset/3D Projects/21-0141 Baan Turtle","9","3D Projects","","21-0141","Baan Turtle","code + name"
"dwp_Digital_Asset/3D Projects/21-0409 Santiburi 88-10","9","3D Projects","","21-0409","Santiburi 88-10","code + name"
"dwp_Digital_Asset/3D Projects/22-0047 Khaoyai/New folder","9","3D Projects","","22-0047","Khaoyai","code + name"
"dwp_Digital_Asset/dwp Projects/ARCHIVED/FileCamp Library/FILECAMP – sample folder","9","dwp Projects","","","FileCamp Library","name only (unverified, no code)"
"dwp_Digital_Asset/dwp Projects/SINGAPORE/11-65001 Toby_s Estate","9","dwp Projects","SINGAPORE","11-65001","Toby_s Estate","code + name"
"dwp_Digital_Asset/dwp Projects/SINGAPORE/11-65022 Cafe Melba","9","dwp Projects","SINGAPORE","11-65022","Cafe Melba","code + name"
"dwp_Digital_Asset/dwp Projects/SINGAPORE/14-65029 Brewerkz - Orchard Parade","9","dwp Projects","SINGAPORE","14-65029","Brewerkz - Orchard Parade","code + name"
"dwp_Digital_Asset/dwp Projects/THAILAND/Hospitality/17-1126 Ascott Embassy Sathorn","9","dwp Projects","THAILAND","17-1126","Ascott Embassy Sathorn","code + name"
"dwp_Digital_Asset/dwp Projects/THAILAND/Residential/21-0078 SIRANINN Residence/Size L","9","dwp Projects","THAILAND","21-0078","SIRANINN Residence","code + name"
"dwp_Digital_Asset/dwp Projects/THAILAND/Workplace/22-0337 Chanel Malaysia Office","9","dwp Projects","THAILAND","22-0337","Chanel Malaysia Office","code + name"
"dwp_Digital_Asset/dwp Projects/UAE/Medusa Images/civic/Piekary Sports Complex, PL","9","dwp Projects","UAE","","Medusa Images","name only (unverified, no code)"
"dwp_Digital_Asset/dwp Projects/UAE/Medusa Images/food & bewerage/Jassmine, Warsaw, PL","9","dwp Projects","UAE","","Medusa Images","name only (unverified, no code)"
"dwp_Digital_Asset/dwp Projects/UAE/Medusa Images/hospitality/Piekary Sports Complex, PL","9","dwp Projects","UAE","","Medusa Images","name only (unverified, no code)"
"dwp_Digital_Asset/dwp Projects/UAE/Medusa Images/residential/Sarnie Estate, Bielsko-Biala, PL","9","dwp Projects","UAE","","Medusa Images","name only (unverified, no code)"
"dwp_Digital_Asset/dwp Projects/UAE/Medusa Images/retail/Makrum Gallery, Bydgoszcz, PL","9","dwp Projects","UAE","","Medusa Images","name only (unverified, no code)"
"dwp_Digital_Asset/dwp Projects/UAE/Medusa Images/workplaces/City Space, Katowice, PL","9","dwp Projects","UAE","","Medusa Images","name only (unverified, no code)"
"dwp_Digital_Asset/dwp Projects/UAE/Medusa Images/workplaces/ING Bank HQ, Warsaw, PL","9","dwp Projects","UAE","","Medusa Images","name only (unverified, no code)"
"dwp_Digital_Asset/dwp Projects/VIETNAM/Vietnam/VN-11-872 Manna Resort","9","dwp Projects","VIETNAM","VN-11-872","Manna Resort","code + name"
"dwp_Digital_Asset/Marketing Hub/Marketing Requests/M260209 - What Remains Unchanged","9","Marketing Hub","","","","no-project (by design)"
"dwp_Digital_Asset/Marketing Hub/Marketing Requests/M260421 - Design is entering a different phase.","9","Marketing Hub","","","","no-project (by design)"
"dwp_Digital_Asset/Marketing Hub/Marketing Requests/M260831 - dwp.projects _ Three Ways of Living at EI8HTEEN SEVEN at ONE89 Wireless","9","Marketing Hub","","","","no-project (by design)"
"dwp_Digital_Asset/Marketing Hub/Marketing Requests/M260936 - dwp.awards _ Club Med Hangzhou Longwu Resort wins Platinum","9","Marketing Hub","","","","no-project (by design)"
"dwp_Digital_Asset/_OpenAsset Projects/Australia/1317 - Thursday Island Helipad","8","_OpenAsset Projects","Australia","1317","Thursday Island Helipad","code + name"
"dwp_Digital_Asset/_OpenAsset Projects/Australia/4251 - Yarra Junction Aquatic Centre","8","_OpenAsset Projects","Australia","4251","Yarra Junction Aquatic Centre","code + name"
"dwp_Digital_Asset/_OpenAsset Projects/Australia/502239 - Kelaston Aged Care Redevelopment","8","_OpenAsset Projects","Australia","502239","Kelaston Aged Care Redevelopment","code + name"
"dwp_Digital_Asset/_OpenAsset Projects/Australia/502376 - Gungahlin Leisure Centre","8","_OpenAsset Projects","Australia","502376","Gungahlin Leisure Centre","code + name"
"dwp_Digital_Asset/_OpenAsset Projects/Australia/503187 - BlueCross Scotchmans Creek Aged Care","8","_OpenAsset Projects","Australia","503187","BlueCross Scotchmans Creek Aged Care","code + name"
"dwp_Digital_Asset/_OpenAsset Projects/Australia/505 - Newcastle City Hall","8","_OpenAsset Projects","Australia","","505 - Newcastle City Hall","name only (unverified, no code)"
"dwp_Digital_Asset/_OpenAsset Projects/Australia/7036 - Royal Theatre Refurbishment","8","_OpenAsset Projects","Australia","7036","Royal Theatre Refurbishment","code + name"
"dwp_Digital_Asset/_OpenAsset Projects/Australia/7259 - CSIRO Tower","8","_OpenAsset Projects","Australia","7259","CSIRO Tower","code + name"
"dwp_Digital_Asset/_OpenAsset Projects/Australia/7780 - The Lock-up Museum","8","_OpenAsset Projects","Australia","7780","The Lock-up Museum","code + name"
"dwp_Digital_Asset/_OpenAsset Projects/Australia/7967 - The Atrium","8","_OpenAsset Projects","Australia","7967","The Atrium","code + name"
"dwp_Digital_Asset/_OpenAsset Projects/Australia/835 CRA Laboratory","8","_OpenAsset Projects","Australia","","835 CRA Laboratory","name only (unverified, no code)"
"dwp_Digital_Asset/_OpenAsset Projects/Australia/874 - Newcastle Regional Museum","8","_OpenAsset Projects","Australia","","874 - Newcastle Regional Museum","name only (unverified, no code)"
"dwp_Digital_Asset/_OpenAsset Projects/Australia/AEDXB-15-0087 Devonport Community,Tasmania","8","_OpenAsset Projects","Australia","AEDXB-15-0087","Devonport Community,Tasmania","code + name"
"dwp_Digital_Asset/_OpenAsset Projects/Australia/C5670 - James Cook University Library","8","_OpenAsset Projects","Australia","C5670","James Cook University Library","code + name"
"dwp_Digital_Asset/_OpenAsset Projects/Australia/N21981 Kingston Building Head Office","8","_OpenAsset Projects","Australia","N21981","Kingston Building Head Office","code + name"
"dwp_Digital_Asset/_OpenAsset Projects/Australia/S21466 Westpac Bondi Junction","8","_OpenAsset Projects","Australia","S21466","Westpac Bondi Junction","code + name"
"dwp_Digital_Asset/_OpenAsset Projects/Hong Kong/HK-08-066 Holiday Inn Golden Mile, Hong Kong (F&B)","8","_OpenAsset Projects","Hong Kong","HK-08-066","Holiday Inn Golden Mile, Hong Kong (F&B)","code + name"
"dwp_Digital_Asset/_OpenAsset Projects/Malaysia/MYKUL-14-0087 UEM Almas - Show Units","8","_OpenAsset Projects","Malaysia","MYKUL-14-0087","UEM Almas - Show Units","code + name"
"dwp_Digital_Asset/_OpenAsset Projects/Singapore/13-65094 Artisan Boulangerie Co - Great World City","8","_OpenAsset Projects","Singapore","13-65094","Artisan Boulangerie Co - Great World City","code + name"
"dwp_Digital_Asset/_OpenAsset Projects/Singapore/14-65036 Artisan Boulangerie Co - Katong","8","_OpenAsset Projects","Singapore","14-65036","Artisan Boulangerie Co - Katong","code + name"
"dwp_Digital_Asset/_OpenAsset Projects/Singapore/14-65100 Tung Centre","8","_OpenAsset Projects","Singapore","14-65100","Tung Centre","code + name"
"dwp_Digital_Asset/_OpenAsset Projects/Thailand/12-543 The Room - Pan Road/THBKK-08-692 Seven Hills Hospital","8","_OpenAsset Projects","Thailand","THBKK-08-692","Seven Hills Hospital","code + name"
"dwp_Digital_Asset/_OpenAsset Projects/Thailand/THBKK-05-016 Brite Smile","8","_OpenAsset Projects","Thailand","THBKK-05-016","Brite Smile","code + name"
"dwp_Digital_Asset/_OpenAsset Projects/Thailand/THBKK-18-0028 lebua No.3","8","_OpenAsset Projects","Thailand","THBKK-18-0028","lebua No.3","code + name"
"dwp_Digital_Asset/_OpenAsset Projects/UAE/AEDXB-09-661 Tamouh Office Towers","8","_OpenAsset Projects","UAE","AEDXB-09-661","Tamouh Office Towers","code + name"
"dwp_Digital_Asset/3D Projects/16-0208 Marriott Pattaya","8","3D Projects","","16-0208","Marriott Pattaya","code + name"
"dwp_Digital_Asset/3D Projects/16-0255 Chatrium","8","3D Projects","","16-0255","Chatrium","code + name"
"dwp_Digital_Asset/3D Projects/16-0491 Pattana Golf Club","8","3D Projects","","16-0491","Pattana Golf Club","code + name"
"dwp_Digital_Asset/3D Projects/17-0913 Bang Kra Chao","8","3D Projects","","17-0913","Bang Kra Chao","code + name"
"dwp_Digital_Asset/3D Projects/17-1126 RB Ascott","8","3D Projects","","17-1126","RB Ascott","code + name"
"dwp_Digital_Asset/3D Projects/21-0078 DH3","8","3D Projects","","21-0078","DH3","code + name"
"dwp_Digital_Asset/3D Projects/21-0078 DH3 L/New folder","8","3D Projects","","21-0078","DH3 L","code + name"
"dwp_Digital_Asset/3D Projects/22-0471 S28/Mansion","8","3D Projects","","22-0471","S28","code + name"
"dwp_Digital_Asset/dwp Projects/ARCHIVED/FileCamp Library/COMPANY – sample folder/T-shirts","8","dwp Projects","","","FileCamp Library","name only (unverified, no code)"
"dwp_Digital_Asset/dwp Projects/Hong Kong/HK-08-066 Holiday Inn Golden Mile, Hong Kong (F_B)","8","dwp Projects","Hong Kong","HK-08-066","Holiday Inn Golden Mile, Hong Kong (F_B)","code + name"
"dwp_Digital_Asset/dwp Projects/SINGAPORE/13-65094 Artisan Boulangerie Co - Great World City","8","dwp Projects","SINGAPORE","13-65094","Artisan Boulangerie Co - Great World City","code + name"
"dwp_Digital_Asset/dwp Projects/SINGAPORE/14-65036 Artisan Boulangerie Co - Katong","8","dwp Projects","SINGAPORE","14-65036","Artisan Boulangerie Co - Katong","code + name"
"dwp_Digital_Asset/dwp Projects/SINGAPORE/14-65100 Tung Centre","8","dwp Projects","SINGAPORE","14-65100","Tung Centre","code + name"
"dwp_Digital_Asset/dwp Projects/THAILAND/Hospitality/TH-24-0192 Tin Baron Phuket/TH-24-0192 Tin Baron Phuket","8","dwp Projects","THAILAND","TH-24-0192","Tin Baron Phuket","code + name"
"dwp_Digital_Asset/dwp Projects/THAILAND/Workplace/18-0177 S Sukhumvit Office Building (66 Tower)","8","dwp Projects","THAILAND","18-0177","S Sukhumvit Office Building (66 Tower)","code + name"
"dwp_Digital_Asset/dwp Projects/UAE/Medusa Images/civic/Akademeia High School, Warsaw, PL/exterior","8","dwp Projects","UAE","","Medusa Images","name only (unverified, no code)"
"dwp_Digital_Asset/dwp Projects/UAE/Medusa Images/commercial/Dominikanski, Wroclaw, PL","8","dwp Projects","UAE","","Medusa Images","name only (unverified, no code)"
"dwp_Digital_Asset/dwp Projects/UAE/Medusa Images/commercial/Wave, Gdansk, PL","8","dwp Projects","UAE","","Medusa Images","name only (unverified, no code)"
"dwp_Digital_Asset/dwp Projects/UAE/Medusa Images/hospitality/Hotel The Bridge Wroclaw - MGallery, PL","8","dwp Projects","UAE","","Medusa Images","name only (unverified, no code)"
"dwp_Digital_Asset/dwp Projects/UAE/Medusa Images/residential/House in Lesser Poland, PL","8","dwp Projects","UAE","","Medusa Images","name only (unverified, no code)"
"dwp_Digital_Asset/dwp Projects/UAE/Medusa Images/residential/Polish Hook estate, Gdansk, PL","8","dwp Projects","UAE","","Medusa Images","name only (unverified, no code)"
"dwp_Digital_Asset/dwp Projects/UAE/Medusa Images/urban & masterplan/Wawer district, Warsaw, PL","8","dwp Projects","UAE","","Medusa Images","name only (unverified, no code)"
"dwp_Digital_Asset/dwp Projects/UAE/Medusa Images/workplaces/CU Office, Wroclaw, PL","8","dwp Projects","UAE","","Medusa Images","name only (unverified, no code)"
"dwp_Digital_Asset/dwp Projects/UAE/Medusa Images/workplaces/Warsaw Brewery, PL","8","dwp Projects","UAE","","Medusa Images","name only (unverified, no code)"
"dwp_Digital_Asset/dwp Projects/UAE/Residential/22-0370 Zed West Silversands Residential Tower","8","dwp Projects","UAE","22-0370","Zed West Silversands Residential Tower","code + name"
"dwp_Digital_Asset/dwp Projects/UAE/Workplace/538 - Tamouh Office Towers","8","dwp Projects","UAE","","Workplace","name only (unverified, no code)"
"dwp_Digital_Asset/dwp Projects/UAE/Workplace/877 - National Bank of Bahrain Headquarters, Bahrain","8","dwp Projects","UAE","","Workplace","name only (unverified, no code)"
"dwp_Digital_Asset/dwp Projects/VIETNAM/Vietnam/VN-11-047 Bao Dai resort","8","dwp Projects","VIETNAM","VN-11-047","Bao Dai resort","code + name"
"dwp_Digital_Asset/Marketing Hub/Marketing Requests/M260416 - Award recognition _ COCO Koh Lon","8","Marketing Hub","","","","no-project (by design)"
"dwp_Digital_Asset/Marketing Hub/Marketing Requests/M260418 - Award recognition _ Sato San Rooftop Bar","8","Marketing Hub","","","","no-project (by design)"
"dwp_Digital_Asset/Marketing Hub/Marketing Requests/M260523 - dwp.shares _ Crafting Contemporary Thai Hospitality at Hospitality Thailand Conf","8","Marketing Hub","","","","no-project (by design)"
"dwp_Digital_Asset/Marketing Hub/Marketing Requests/M260715 - dwp.awards _ Vikasa Evolution Retreat Recognised at the DNA Paris Design Awards","8","Marketing Hub","","","","no-project (by design)"
"dwp_Digital_Asset/Marketing Hub/Marketing Requests/M260913 - dwp.projects _ Handing Over CDG Group's Workplace","8","Marketing Hub","","","","no-project (by design)"
"dwp_Digital_Asset/_OpenAsset Projects/Australia","7","_OpenAsset Projects","Australia","","","NO PROJECT"
"dwp_Digital_Asset/_OpenAsset Projects/Australia/20273 Qantas Club Lounge Cairns","7","_OpenAsset Projects","Australia","20273","Qantas Club Lounge Cairns","code + name"
"dwp_Digital_Asset/_OpenAsset Projects/Australia/203529 - St Mary's High School Gateshead Redevelopment","7","_OpenAsset Projects","Australia","203529","St Mary's High School Gateshead Redevelopment","code + name"
"dwp_Digital_Asset/_OpenAsset Projects/Australia/302911 - TAFE NSW Sydney Institute Ultimo Building W","7","_OpenAsset Projects","Australia","302911","TAFE NSW Sydney Institute Ultimo Building W","code + name"
"dwp_Digital_Asset/_OpenAsset Projects/Australia/4283.1 - Box Forest Secondary College","7","_OpenAsset Projects","Australia","4283",".1 - Box Forest Secondary College","code + name"
"dwp_Digital_Asset/_OpenAsset Projects/Australia/AUNCL - Killarney Court","7","_OpenAsset Projects","Australia","","AUNCL - Killarney Court","name only (unverified, no code)"
"dwp_Digital_Asset/_OpenAsset Projects/Australia/N22065 - Moorebank Intermodal Masterplan","7","_OpenAsset Projects","Australia","N22065","Moorebank Intermodal Masterplan","code + name"
"dwp_Digital_Asset/_OpenAsset Projects/Malaysia/MYKUL-11-772 Doubletree Malacca","7","_OpenAsset Projects","Malaysia","MYKUL-11-772","Doubletree Malacca","code + name"
"dwp_Digital_Asset/_OpenAsset Projects/Myanmar/Kanbawza Hall + Academic Square Parami University","7","_OpenAsset Projects","Myanmar","","Kanbawza Hall + Academic Square Parami University","name only (unverified, no code)"
"dwp_Digital_Asset/_OpenAsset Projects/Singapore/11-65075 Manchester United - The Atrium Shop at MBS","7","_OpenAsset Projects","Singapore","11-65075","Manchester United - The Atrium Shop at MBS","code + name"
"dwp_Digital_Asset/_OpenAsset Projects/Thailand/TH04-031 Singapore Tourism Board","7","_OpenAsset Projects","Thailand","","TH04-031 Singapore Tourism Board","name only (unverified, no code)"
"dwp_Digital_Asset/_OpenAsset Projects/Thailand/THBKK-02-12 Early Learning Center","7","_OpenAsset Projects","Thailand","","THBKK-02-12 Early Learning Center","name only (unverified, no code)"
"dwp_Digital_Asset/_OpenAsset Projects/Thailand/THBKK-08-653 Zuk Bar","7","_OpenAsset Projects","Thailand","THBKK-08-653","Zuk Bar","code + name"
"dwp_Digital_Asset/_OpenAsset Projects/Thailand/THBKK-09-755 HSBC Green Library","7","_OpenAsset Projects","Thailand","THBKK-09-755","HSBC Green Library","code + name"
"dwp_Digital_Asset/_OpenAsset Projects/Thailand/THBKK-17-0028 Sukhothai Business Center","7","_OpenAsset Projects","Thailand","THBKK-17-0028","Sukhothai Business Center","code + name"
"dwp_Digital_Asset/_OpenAsset Projects/UAE/AEDXB-13-0867 Marriott Hotel","7","_OpenAsset Projects","UAE","AEDXB-13-0867","Marriott Hotel","code + name"
"dwp_Digital_Asset/3D Projects/17-0133 Ideo Q36","7","3D Projects","","17-0133","Ideo Q36","code + name"
"dwp_Digital_Asset/3D Projects/17-0846 Whizdom the Forestias/T1","7","3D Projects","","17-0846","Whizdom the Forestias","code + name"
"dwp_Digital_Asset/3D Projects/17-0846 Whizdom the Forestias/T3","7","3D Projects","","17-0846","Whizdom the Forestias","code + name"
"dwp_Digital_Asset/3D Projects/20-0478 Centara UDON","7","3D Projects","","20-0478","Centara UDON","code + name"
"dwp_Digital_Asset/3D Projects/22-0046 GTYT","7","3D Projects","","22-0046","GTYT","code + name"
"dwp_Digital_Asset/3D Projects/22-0071 LDW","7","3D Projects","","22-0071","LDW","code + name"
"dwp_Digital_Asset/3D Projects/23-0139 Albriscias","7","3D Projects","","23-0139","Albriscias","code + name"
"dwp_Digital_Asset/3D Projects/23-0170 Chatrium Mai Khao","7","3D Projects","","23-0170","Chatrium Mai Khao","code + name"
"dwp_Digital_Asset/3D Projects/25-0252 Private Residence K'Chali House","7","3D Projects","","25-0252","Private Residence K'Chali House","code + name"
"dwp_Digital_Asset/dwp Projects/SINGAPORE/11-65075 Manchester United - The Atrium Shop at MBS","7","dwp Projects","SINGAPORE","11-65075","Manchester United - The Atrium Shop at MBS","code + name"
"dwp_Digital_Asset/dwp Projects/THAILAND/Architecture/21-0252 BMW Nelsons's Autohaus Rayong Feasibility Study","7","dwp Projects","THAILAND","21-0252","BMW Nelsons's Autohaus Rayong Feasibility Study","code + name"
"dwp_Digital_Asset/dwp Projects/UAE/Medusa Images/commercial/CU Office, Wroclaw, PL","7","dwp Projects","UAE","","Medusa Images","name only (unverified, no code)"
"dwp_Digital_Asset/dwp Projects/UAE/Medusa Images/commercial/Upper One, Warsaw, PL","7","dwp Projects","UAE","","Medusa Images","name only (unverified, no code)"
"dwp_Digital_Asset/dwp Projects/UAE/Medusa Images/food & bewerage/Tuna, Warsaw, PL","7","dwp Projects","UAE","","Medusa Images","name only (unverified, no code)"
"dwp_Digital_Asset/dwp Projects/UAE/Medusa Images/hospitality/Hotel Kolobrzeg, PL","7","dwp Projects","UAE","","Medusa Images","name only (unverified, no code)"
"dwp_Digital_Asset/dwp Projects/UAE/Medusa Images/hospitality/Hotel Pionki, PL","7","dwp Projects","UAE","","Medusa Images","name only (unverified, no code)"
"dwp_Digital_Asset/dwp Projects/UAE/Medusa Images/workplaces/Koszyki Offices, Warsaw, PL","7","dwp Projects","UAE","","Medusa Images","name only (unverified, no code)"
"dwp_Digital_Asset/dwp Projects/VIETNAM/Vietnam/18-0036 CN8-2 PMH Luxury Residential","7","dwp Projects","VIETNAM","18-0036","CN8-2 PMH Luxury Residential","code + name"
"dwp_Digital_Asset/Marketing Hub/Marketing Requests/ARCQKV - Khun Kik’s Message from Milan Design week","7","Marketing Hub","","","","no-project (by design)"
"dwp_Digital_Asset/Marketing Hub/Marketing Requests/M260307 - A destination shaped by thoughtful design.","7","Marketing Hub","","","","no-project (by design)"
"dwp_Digital_Asset/Marketing Hub/Marketing Requests/M260501 - Designing for the Creator Economy","7","Marketing Hub","","","","no-project (by design)"
"dwp_Digital_Asset/Marketing Hub/Marketing Requests/M260503 - Designing for Curious Minds","7","Marketing Hub","","","","no-project (by design)"
"dwp_Digital_Asset/Marketing Hub/Marketing Requests/M260542 - dwp.projects _ Chatrium Phuket Rawai_ Inspection","7","Marketing Hub","","","","no-project (by design)"
"dwp_Digital_Asset/Marketing Hub/Marketing Requests/M260637 - dwp.shares _ Exploring the Influence of Culture on Contemporary Design","7","Marketing Hub","","","","no-project (by design)"
"dwp_Digital_Asset/Marketing Hub/Marketing Requests/M260806 - dwp.shares _ Casa Luna (CN8)'s Design Story","7","Marketing Hub","","","","no-project (by design)"
"dwp_Digital_Asset/_OpenAsset Projects/Australia/008572 - Wollongong Hospital Mental Hea","6","_OpenAsset Projects","Australia","008572","Wollongong Hospital Mental Hea","code + name"
"dwp_Digital_Asset/_OpenAsset Projects/Australia/4409 - Aquadome Redevelopment","6","_OpenAsset Projects","Australia","4409","Aquadome Redevelopment","code + name"
"dwp_Digital_Asset/_OpenAsset Projects/Australia/5004 - NIB Dental & Eye","6","_OpenAsset Projects","Australia","5004","NIB Dental & Eye","code + name"
"dwp_Digital_Asset/_OpenAsset Projects/Australia/5040 - Kyneton Sports and Aquatic Centre","6","_OpenAsset Projects","Australia","5040","Kyneton Sports and Aquatic Centre","code + name"
"dwp_Digital_Asset/_OpenAsset Projects/Australia/8040 - Family Health Centre","6","_OpenAsset Projects","Australia","8040","Family Health Centre","code + name"
"dwp_Digital_Asset/_OpenAsset Projects/Australia/M20022 West Gippsland Hospital Masterplan","6","_OpenAsset Projects","Australia","M20022","West Gippsland Hospital Masterplan","code + name"
"dwp_Digital_Asset/_OpenAsset Projects/Australia/S21337 Westpac Menai","6","_OpenAsset Projects","Australia","S21337","Westpac Menai","code + name"
"dwp_Digital_Asset/_OpenAsset Projects/Australia/S21421 Westpac Burwood","6","_OpenAsset Projects","Australia","S21421","Westpac Burwood","code + name"
"dwp_Digital_Asset/_OpenAsset Projects/Australia/S8964 - Gosford Hospital Mental Health Unit","6","_OpenAsset Projects","Australia","S8964","Gosford Hospital Mental Health Unit","code + name"
"dwp_Digital_Asset/_OpenAsset Projects/China/15-0412 Palau resort China","6","_OpenAsset Projects","China","15-0412","Palau resort China","code + name"
"dwp_Digital_Asset/_OpenAsset Projects/Malaysia/MYKUL-16-0416 BAT Project Optimus","6","_OpenAsset Projects","Malaysia","MYKUL-16-0416","BAT Project Optimus","code + name"
"dwp_Digital_Asset/_OpenAsset Projects/Myanmar/dwp-minteriors rau ram Rau Ram Restaurant","6","_OpenAsset Projects","Myanmar","","dwp-minteriors rau ram Rau Ram Restaurant","name only (unverified, no code)"
"dwp_Digital_Asset/_OpenAsset Projects/Myanmar/The Office Shed Capstone Education Consulting","6","_OpenAsset Projects","Myanmar","","The Office Shed Capstone Education Consulting","name only (unverified, no code)"
"dwp_Digital_Asset/_OpenAsset Projects/Myanmar/The Visitor Center @Parami University","6","_OpenAsset Projects","Myanmar","","The Visitor Center @Parami University","name only (unverified, no code)"
"dwp_Digital_Asset/_OpenAsset Projects/Myanmar/Yadanar Nantaw Jewelry Store","6","_OpenAsset Projects","Myanmar","","Yadanar Nantaw Jewelry Store","name only (unverified, no code)"
"dwp_Digital_Asset/_OpenAsset Projects/Singapore/11-65003 Palais Renaissance","6","_OpenAsset Projects","Singapore","11-65003","Palais Renaissance","code + name"
"dwp_Digital_Asset/_OpenAsset Projects/Singapore/18-65025 Leclair Patisserie","6","_OpenAsset Projects","Singapore","18-65025","Leclair Patisserie","code + name"
"dwp_Digital_Asset/_OpenAsset Projects/Thailand/20-0405 Tyson Foods Office","6","_OpenAsset Projects","Thailand","20-0405","Tyson Foods Office","code + name"
"dwp_Digital_Asset/_OpenAsset Projects/Thailand/98-26 Allen and Overy","6","_OpenAsset Projects","Thailand","","98-26 Allen and Overy","name only (unverified, no code)"
"dwp_Digital_Asset/_OpenAsset Projects/Thailand/P303395 - Samitivej Childrens Hospital","6","_OpenAsset Projects","Thailand","P303395","Samitivej Childrens Hospital","code + name"
"dwp_Digital_Asset/_OpenAsset Projects/Thailand/TH-06-1152 Bumrungrad International Hospital, Women's Centre","6","_OpenAsset Projects","Thailand","TH-06-1152","Bumrungrad International Hospital, Women's Centre","code + name"
"dwp_Digital_Asset/_OpenAsset Projects/Thailand/TH-12-395 McCann Offices Thailand","6","_OpenAsset Projects","Thailand","TH-12-395","McCann Offices Thailand","code + name"
"dwp_Digital_Asset/_OpenAsset Projects/Thailand/THBKK-03-65 Private Residence on Saladaeng","6","_OpenAsset Projects","Thailand","","THBKK-03-65 Private Residence on Saladaeng","name only (unverified, no code)"
"dwp_Digital_Asset/_OpenAsset Projects/Thailand/THBKK-16-0379 Rawai Residence Phuket","6","_OpenAsset Projects","Thailand","THBKK-16-0379","Rawai Residence Phuket","code + name"
"dwp_Digital_Asset/_OpenAsset Projects/Thailand/THBKK-17-0064 Parkland Petchkasem","6","_OpenAsset Projects","Thailand","THBKK-17-0064","Parkland Petchkasem","code + name"
"dwp_Digital_Asset/_OpenAsset Projects/UAE/BH-09-782 Jumeirah Emirates Tower Hotel, Dubai, UAE","6","_OpenAsset Projects","UAE","BH-09-782","Jumeirah Emirates Tower Hotel, Dubai, UAE","code + name"
"dwp_Digital_Asset/_OpenAsset Projects/Vietnam/18-0036 CN8-2 PMH Luxury Residential 18-0036 CN8-2 PMH Luxury Residential","6","_OpenAsset Projects","Vietnam","18-0036","CN8-2 PMH Luxury Residential 18-0036 CN8-2 PMH Luxury Residential","code + name"
"dwp_Digital_Asset/_OpenAsset Projects/Vietnam/VNHCM-15-0036 Marie Curie ID","6","_OpenAsset Projects","Vietnam","VNHCM-15-0036","Marie Curie ID","code + name"
"dwp_Digital_Asset/3D Projects/17-0064 Parkland","6","3D Projects","","17-0064","Parkland","code + name"
"dwp_Digital_Asset/3D Projects/20-0425 Santiburi V","6","3D Projects","","20-0425","Santiburi V","code + name"
"dwp_Digital_Asset/3D Projects/21-0439 BDMS Ballroom","6","3D Projects","","21-0439","BDMS Ballroom","code + name"
"dwp_Digital_Asset/3D Projects/25-0248 Avadina 14_s Part Room at JMO_s","6","3D Projects","","25-0248","Avadina 14_s Part Room at JMO_s","code + name"
"dwp_Digital_Asset/dwp Projects/ARCHIVED/20-0405 Tyson Foods Office","6","dwp Projects","","20-0405","Tyson Foods Office","code + name"
"dwp_Digital_Asset/dwp Projects/SINGAPORE/11-65003 Palais Renaissance","6","dwp Projects","SINGAPORE","11-65003","Palais Renaissance","code + name"
"dwp_Digital_Asset/dwp Projects/SINGAPORE/18-65025 Leclair Patisserie","6","dwp Projects","SINGAPORE","18-65025","Leclair Patisserie","code + name"
"dwp_Digital_Asset/dwp Projects/THAILAND/Architecture/21-0238 The Forest Patong","6","dwp Projects","THAILAND","21-0238","The Forest Patong","code + name"
"dwp_Digital_Asset/dwp Projects/THAILAND/Health/22-0050 BI Building B L5 CCU Renovation","6","dwp Projects","THAILAND","22-0050","BI Building B L5 CCU Renovation","code + name"
"dwp_Digital_Asset/dwp Projects/THAILAND/Residential/22-0046 GTYT Show House","6","dwp Projects","THAILAND","22-0046","GTYT Show House","code + name"
"dwp_Digital_Asset/dwp Projects/THAILAND/Residential/23-0346 One Bangkok C3B Penthouse/L44","6","dwp Projects","THAILAND","23-0346","One Bangkok C3B Penthouse","code + name"
"dwp_Digital_Asset/dwp Projects/THAILAND/Residential/23-0346 One Bangkok C3B Penthouse/L55","6","dwp Projects","THAILAND","23-0346","One Bangkok C3B Penthouse","code + name"
"dwp_Digital_Asset/dwp Projects/THAILAND/Workplace/21-0167 Krungthai-Axa Office L27","6","dwp Projects","THAILAND","21-0167","Krungthai-Axa Office L27","code + name"
"dwp_Digital_Asset/dwp Projects/UAE/Medusa Images/commercial/Water Towers, Budapest, HU","6","dwp Projects","UAE","","Medusa Images","name only (unverified, no code)"
"dwp_Digital_Asset/dwp Projects/UAE/Medusa Images/food & bewerage/Hotel The Bridge Wroclaw - MGallery, Wroclaw, PL","6","dwp Projects","UAE","","Medusa Images","name only (unverified, no code)"
"dwp_Digital_Asset/dwp Projects/UAE/Medusa Images/food & bewerage/Koszyki Market Hall, Warsaw, PL","6","dwp Projects","UAE","","Medusa Images","name only (unverified, no code)"
"dwp_Digital_Asset/dwp Projects/UAE/Medusa Images/residential/Infinity Pool, Jamaica","6","dwp Projects","UAE","","Medusa Images","name only (unverified, no code)"
"dwp_Digital_Asset/dwp Projects/UAE/Medusa Images/residential/Origami House, Torun, PL","6","dwp Projects","UAE","","Medusa Images","name only (unverified, no code)"
"dwp_Digital_Asset/dwp Projects/UAE/Medusa Images/residential/Stacja Wola Estate, Warsaw, PL","6","dwp Projects","UAE","","Medusa Images","name only (unverified, no code)"
"dwp_Digital_Asset/dwp Projects/UAE/Medusa Images/retail/Czerniakowski Harbour, Warsaw, PL","6","dwp Projects","UAE","","Medusa Images","name only (unverified, no code)"
"dwp_Digital_Asset/dwp Projects/UAE/Medusa Images/urban & masterplan/Tarnow Brewery, PL","6","dwp Projects","UAE","","Medusa Images","name only (unverified, no code)"
"dwp_Digital_Asset/dwp Projects/UAE/Residential/1025 - Marassi Al Bahrain (Phase 1 Plots 7-10)","6","dwp Projects","UAE","1025","Marassi Al Bahrain (Phase 1 Plots 7-10)","code + name"
"dwp_Digital_Asset/dwp Projects/UAE/Residential/24-0025 Omniyat Discovery Centre","6","dwp Projects","UAE","24-0025","Omniyat Discovery Centre","code + name"
"dwp_Digital_Asset/dwp Projects/UAE/Residential/714 - The Address, The BLVD, Dubai, UAE","6","dwp Projects","UAE","","Residential","name only (unverified, no code)"
"dwp_Digital_Asset/dwp Projects/UAE/Residential/Sensai by Beyond","6","dwp Projects","UAE","","Residential","name only (unverified, no code)"
"dwp_Digital_Asset/dwp Projects/UAE/Workplace/22-0080 GFG Office Fitout Sydney-20260409T085041Z-3-001/22-0080 GFG Office Fitout Sydney/1176 - Allen and Overy","6","dwp Projects","UAE","22-0080","GFG Office Fitout Sydney","code + name"
"dwp_Digital_Asset/dwp Projects/UAE/Workplace/22-0080 GFG Office Fitout Sydney/1176 - Allen and Overy","6","dwp Projects","UAE","22-0080","GFG Office Fitout Sydney","code + name"
"dwp_Digital_Asset/dwp Projects/UAE/Workplace/22-0475 Buro Happold Riyadh Office/Renders","6","dwp Projects","UAE","22-0475","Buro Happold Riyadh Office","code + name"
"dwp_Digital_Asset/dwp Projects/UAE/Workplace/23-0126 Informa Office Bahrain-20260409T084946Z-3-001/23-0126 Informa Office Bahrain/Reduced File Size - for award submission","6","dwp Projects","UAE","23-0126","Informa Office Bahrain","code + name"
"dwp_Digital_Asset/dwp Projects/VIETNAM/Vietnam/VNHCM-15-0036 Marie Curie ID","6","dwp Projects","VIETNAM","VNHCM-15-0036","Marie Curie ID","code + name"
"dwp_Digital_Asset/Marketing Hub/Marketing Requests/3JEJ4Z - Island Intel_ The Phuket Greenprint","6","Marketing Hub","","","","no-project (by design)"
"dwp_Digital_Asset/Marketing Hub/Marketing Requests/M260526 - dwp.shares _ From Brand DNA to Guest Experience at Hospitality Thailand Conferen","6","Marketing Hub","","","","no-project (by design)"
"dwp_Digital_Asset/Marketing Hub/Marketing Requests/M260530 - dwp.shares _ Exploring Innovation and Spanish Design Culture with ICEX","6","Marketing Hub","","","","no-project (by design)"
"dwp_Digital_Asset/Marketing Hub/Marketing Requests/M260539 - dwp.shares _ Experience-Led Hospitality with Sato San Rooftop Bar","6","Marketing Hub","","","","no-project (by design)"
"dwp_Digital_Asset/Marketing Hub/Marketing Requests/M260618 - dwp.shares _ dwp. Bangkok hosts AMCHAM career camp","6","Marketing Hub","","","","no-project (by design)"
"dwp_Digital_Asset/Marketing Hub/Marketing Requests/M260624 - dwp.shares _ K. Sarinrath Leads Panel on Redefining Value in Hospitality Design","6","Marketing Hub","","","","no-project (by design)"
"dwp_Digital_Asset/Marketing Hub/Marketing Requests/M260634 - dwp.shares _ Celebrating FY26 Q2 Success at dwp. Thailand","6","Marketing Hub","","","","no-project (by design)"
"dwp_Digital_Asset/Marketing Hub/Marketing Requests/M260643 - dwp.projects _ Bringing the KCG Workplace Vision to Life","6","Marketing Hub","","","","no-project (by design)"
"dwp_Digital_Asset/Marketing Hub/Marketing Requests/M260809 - dwp.projects _ A Look Inside the Conrad Bangkok Sukhumvit Queen's Park","6","Marketing Hub","","","","no-project (by design)"
"dwp_Digital_Asset/Marketing Hub/Marketing Requests/M260812 - dwp.projects _ YOTEL Bangkok_ Unveiling Thailand's First Smart Hotel","6","Marketing Hub","","","","no-project (by design)"
"dwp_Digital_Asset/Marketing Hub/Marketing Requests/M260813 - dwp.projects _ CDG Group_ Completion","6","Marketing Hub","","","","no-project (by design)"
"dwp_Digital_Asset/Marketing Hub/Marketing Requests/M260902 - dwp.shares _ Lunch and Learn with Practika","6","Marketing Hub","","","","no-project (by design)"
"dwp_Digital_Asset/Marketing Hub/Marketing Requests/M260916 - dwp.perspectives _ Luxury Has Not Lost Its Soul, but It May Have Lost Its Sense","6","Marketing Hub","","","","no-project (by design)"
"dwp_Digital_Asset/Marketing Hub/Marketing Requests/M260917 - dwp.perspectives _ Why Great Workplaces Are Designed Around Choice_","6","Marketing Hub","","","","no-project (by design)"
"dwp_Digital_Asset/Marketing Hub/Marketing Requests/M260925 - dwp.projects _ The Future of Work is More Than Desks at the PUNN Intelligent Off","6","Marketing Hub","","","","no-project (by design)"
"dwp_Digital_Asset/_OpenAsset Projects/Australia/0306-04 Pacific Eye Centre/N20123 Mildura Riverfront Masterplan","5","_OpenAsset Projects","Australia","0306-04","Pacific Eye Centre","code + name"
"dwp_Digital_Asset/_OpenAsset Projects/Australia/18-0179 USC Stadium Expansion/N21970 Newcastle Private Hospital Hybrid Theatre","5","_OpenAsset Projects","Australia","18-0179","USC Stadium Expansion","code + name"
"dwp_Digital_Asset/_OpenAsset Projects/Australia/202783 - Christophorus House Retirement Village","5","_OpenAsset Projects","Australia","202783","Christophorus House Retirement Village","code + name"
"dwp_Digital_Asset/_OpenAsset Projects/Australia/402863 - Hilton Hotel Pool Upgrade","5","_OpenAsset Projects","Australia","402863","Hilton Hotel Pool Upgrade","code + name"
"dwp_Digital_Asset/_OpenAsset Projects/Australia/4050 - Alphapharm Administration Building","5","_OpenAsset Projects","Australia","4050","Alphapharm Administration Building","code + name"
"dwp_Digital_Asset/_OpenAsset Projects/Australia/503396 - The Brickworks Living Building Challenge","5","_OpenAsset Projects","Australia","503396","The Brickworks Living Building Challenge","code + name"
"dwp_Digital_Asset/_OpenAsset Projects/Australia/867 - Newcastle Conservatorium","5","_OpenAsset Projects","Australia","","867 - Newcastle Conservatorium","name only (unverified, no code)"
"dwp_Digital_Asset/_OpenAsset Projects/Australia/8790 - TAFE NSW North Coast Coffs Harbour","5","_OpenAsset Projects","Australia","8790","TAFE NSW North Coast Coffs Harbour","code + name"
"dwp_Digital_Asset/_OpenAsset Projects/Australia/AUBNE17-0262 Mercedes-Benz North Lakes","5","_OpenAsset Projects","Australia","","AUBNE17-0262 Mercedes-Benz North Lakes","name only (unverified, no code)"
"dwp_Digital_Asset/_OpenAsset Projects/Australia/AUMEL-16-0296 TriCare Williams Landing","5","_OpenAsset Projects","Australia","AUMEL-16-0296","TriCare Williams Landing","code + name"
"dwp_Digital_Asset/_OpenAsset Projects/Australia/M21381 - Laverton Community Hub","5","_OpenAsset Projects","Australia","M21381","Laverton Community Hub","code + name"
"dwp_Digital_Asset/_OpenAsset Projects/Australia/M21881 Warragul Hospital Emergency Department","5","_OpenAsset Projects","Australia","M21881","Warragul Hospital Emergency Department","code + name"
"dwp_Digital_Asset/_OpenAsset Projects/China/13-0937 Master Plan SuZhou","5","_OpenAsset Projects","China","13-0937","Master Plan SuZhou","code + name"
"dwp_Digital_Asset/_OpenAsset Projects/Malaysia/MYKUL-15-0236 Cyystal Jade - Roll out (Takashimaya L4)","5","_OpenAsset Projects","Malaysia","MYKUL-15-0236","Cyystal Jade - Roll out (Takashimaya L4)","code + name"
"dwp_Digital_Asset/_OpenAsset Projects/Malaysia/MYKUL-15-0251 Masteron Four Points, Petaling Street, Kuala Lumpur","5","_OpenAsset Projects","Malaysia","MYKUL-15-0251","Masteron Four Points, Petaling Street, Kuala Lumpur","code + name"
"dwp_Digital_Asset/_OpenAsset Projects/Malaysia/MYKUL-15-0459 Crystal Jade Great Wall City","5","_OpenAsset Projects","Malaysia","MYKUL-15-0459","Crystal Jade Great Wall City","code + name"
"dwp_Digital_Asset/_OpenAsset Projects/Myanmar/dwp-minteriors tea factory Tea Factory","5","_OpenAsset Projects","Myanmar","","dwp-minteriors tea factory Tea Factory","name only (unverified, no code)"
"dwp_Digital_Asset/_OpenAsset Projects/Singapore/04-65022 Allen & Overy, Singapore","5","_OpenAsset Projects","Singapore","04-65022","Allen & Overy, Singapore","code + name"
"dwp_Digital_Asset/_OpenAsset Projects/Singapore/11-65060 IG Market","5","_OpenAsset Projects","Singapore","11-65060","IG Market","code + name"
"dwp_Digital_Asset/_OpenAsset Projects/Singapore/11-65091 Central Mall","5","_OpenAsset Projects","Singapore","11-65091","Central Mall","code + name"
"dwp_Digital_Asset/_OpenAsset Projects/Singapore/13-65076 Artisan Boulangerie Co - Metropolis","5","_OpenAsset Projects","Singapore","13-65076","Artisan Boulangerie Co - Metropolis","code + name"
"dwp_Digital_Asset/_OpenAsset Projects/Singapore/SG-07-184 Citi Sindora Campus","5","_OpenAsset Projects","Singapore","SG-07-184","Citi Sindora Campus","code + name"
"dwp_Digital_Asset/_OpenAsset Projects/Singapore/SG-08-481 New Asia Bar, Singapore","5","_OpenAsset Projects","Singapore","SG-08-481","New Asia Bar, Singapore","code + name"
"dwp_Digital_Asset/_OpenAsset Projects/Thailand/06-200 Hunton & Williams","5","_OpenAsset Projects","Thailand","","06-200 Hunton & Williams","name only (unverified, no code)"
"dwp_Digital_Asset/_OpenAsset Projects/Thailand/20-0323 Santiburi - The Residence V","5","_OpenAsset Projects","Thailand","20-0323","Santiburi - The Residence V","code + name"
"dwp_Digital_Asset/_OpenAsset Projects/Thailand/THBKK-06-107 Mozu CafÃ©","5","_OpenAsset Projects","Thailand","THBKK-06-107","Mozu CafÃ©","code + name"
"dwp_Digital_Asset/_OpenAsset Projects/Thailand/THBKK-06-165 Sripatum University","5","_OpenAsset Projects","Thailand","THBKK-06-165","Sripatum University","code + name"
"dwp_Digital_Asset/_OpenAsset Projects/Thailand/THBKK-07-344 39 by Sansiri","5","_OpenAsset Projects","Thailand","THBKK-07-344","39 by Sansiri","code + name"
"dwp_Digital_Asset/_OpenAsset Projects/Thailand/THBKK-08-826 L'oriel","5","_OpenAsset Projects","Thailand","THBKK-08-826","L'oriel","code + name"
"dwp_Digital_Asset/_OpenAsset Projects/Thailand/THBKK-16-0164 Sky4 Condo Sriracha","5","_OpenAsset Projects","Thailand","THBKK-16-0164","Sky4 Condo Sriracha","code + name"
"dwp_Digital_Asset/_OpenAsset Projects/UAE/303185  - Abu Dhabi Education Council School Design Competition","5","_OpenAsset Projects","UAE","303185","Abu Dhabi Education Council School Design Competition","code + name"
"dwp_Digital_Asset/_OpenAsset Projects/Vietnam/VNHCM-10-578 Majestic Hotel","5","_OpenAsset Projects","Vietnam","VNHCM-10-578","Majestic Hotel","code + name"
"dwp_Digital_Asset/3D Projects/16-0164 SKY 4","5","3D Projects","","16-0164","SKY 4","code + name"
"dwp_Digital_Asset/3D Projects/16-0313 True 888","5","3D Projects","","16-0313","True 888","code + name"
"dwp_Digital_Asset/3D Projects/21-0078 DH3 S","5","3D Projects","","21-0078","DH3 S","code + name"
"dwp_Digital_Asset/dwp Projects/ARCHIVED/FileCamp Library/CORPORATE – sample folder/Public MediaBank/06. Videos","5","dwp Projects","","","FileCamp Library","name only (unverified, no code)"
"dwp_Digital_Asset/dwp Projects/ARCHIVED/Mercedes Benz Showroom Damascus, Syria","5","dwp Projects","","","Mercedes Benz Showroom Damascus, Syria","name only (unverified, no code)"
"dwp_Digital_Asset/dwp Projects/CHINA/Architecture/Calxon City Center Mixed-use","5","dwp Projects","CHINA","","Architecture","name only (unverified, no code)"
"dwp_Digital_Asset/dwp Projects/SINGAPORE/04-65022 Allen _ Overy, Singapore","5","dwp Projects","SINGAPORE","04-65022","Allen _ Overy, Singapore","code + name"
"dwp_Digital_Asset/dwp Projects/SINGAPORE/11-65060 IG Market","5","dwp Projects","SINGAPORE","11-65060","IG Market","code + name"
"dwp_Digital_Asset/dwp Projects/SINGAPORE/11-65091 Central Mall","5","dwp Projects","SINGAPORE","11-65091","Central Mall","code + name"
"dwp_Digital_Asset/dwp Projects/SINGAPORE/13-65076 Artisan Boulangerie Co - Metropolis","5","dwp Projects","SINGAPORE","13-65076","Artisan Boulangerie Co - Metropolis","code + name"
"dwp_Digital_Asset/dwp Projects/SINGAPORE/SG-07-184 Citi Sindora Campus","5","dwp Projects","SINGAPORE","SG-07-184","Citi Sindora Campus","code + name"
"dwp_Digital_Asset/dwp Projects/SINGAPORE/SG-08-481 New Asia Bar, Singapore","5","dwp Projects","SINGAPORE","SG-08-481","New Asia Bar, Singapore","code + name"
"dwp_Digital_Asset/dwp Projects/THAILAND/Health/21-0533 Bangpakok 1 Hospital","5","dwp Projects","THAILAND","21-0533","Bangpakok 1 Hospital","code + name"
"dwp_Digital_Asset/dwp Projects/THAILAND/Hospitality/22-0404 Dusit Thani Maldives Renovation","5","dwp Projects","THAILAND","22-0404","Dusit Thani Maldives Renovation","code + name"
"dwp_Digital_Asset/dwp Projects/UAE/Education/443 - Abu Dhabi Education Council School Design Competition","5","dwp Projects","UAE","","Education","name only (unverified, no code)"
"dwp_Digital_Asset/dwp Projects/UAE/Medusa Images/food & bewerage/Akademeia High School, Warsaw, PL","5","dwp Projects","UAE","","Medusa Images","name only (unverified, no code)"
"dwp_Digital_Asset/dwp Projects/UAE/Medusa Images/food & bewerage/Jazz Cafe, Chorzow, PL","5","dwp Projects","UAE","","Medusa Images","name only (unverified, no code)"
"dwp_Digital_Asset/dwp Projects/UAE/Medusa Images/food & bewerage/Nobu Hotel Warsaw, PL","5","dwp Projects","UAE","","Medusa Images","name only (unverified, no code)"
"dwp_Digital_Asset/dwp Projects/UAE/Medusa Images/food & bewerage/Wroclaw Hotel, PL","5","dwp Projects","UAE","","Medusa Images","name only (unverified, no code)"
"dwp_Digital_Asset/dwp Projects/UAE/Medusa Images/residential/Imkan Renderings/RENDERINGS","5","dwp Projects","UAE","","Medusa Images","name only (unverified, no code)"
"dwp_Digital_Asset/dwp Projects/UAE/Medusa Images/residential/Zawiszy Czarnego Estate, Katowice, PL","5","dwp Projects","UAE","","Medusa Images","name only (unverified, no code)"
"dwp_Digital_Asset/dwp Projects/UAE/Medusa Images/urban & masterplan/Halda, Katowice, PL","5","dwp Projects","UAE","","Medusa Images","name only (unverified, no code)"
"dwp_Digital_Asset/dwp Projects/UAE/Medusa Images/workplaces/SKANSKA Office, Warsaw, PL","5","dwp Projects","UAE","","Medusa Images","name only (unverified, no code)"
"dwp_Digital_Asset/dwp Projects/UAE/Workplace/2Four54","5","dwp Projects","UAE","","Workplace","name only (unverified, no code)"
"dwp_Digital_Asset/dwp Projects/UAE/Workplace/875 - Hilton Worldwide Regional Headquarters, Dubai","5","dwp Projects","UAE","","Workplace","name only (unverified, no code)"
"dwp_Digital_Asset/dwp Projects/VIETNAM/Vietnam/VNHCM-10-578 Majestic Hotel","5","dwp Projects","VIETNAM","VNHCM-10-578","Majestic Hotel","code + name"
"dwp_Digital_Asset/Marketing Hub/Marketing Requests/0TB2N2 - Award Bound _ International Design Awards","5","Marketing Hub","","","","no-project (by design)"
"dwp_Digital_Asset/Marketing Hub/Marketing Requests/45OHOU - Architecture in motion.","5","Marketing Hub","","","","no-project (by design)"
"dwp_Digital_Asset/Marketing Hub/Marketing Requests/ARCO3B - Technology Update # 6 Update - Google Workspce _ Slides laser pointer","5","Marketing Hub","","","","no-project (by design)"
"dwp_Digital_Asset/Marketing Hub/Marketing Requests/FV7QYR - Where precision meets presence.","5","Marketing Hub","","","","no-project (by design)"
"dwp_Digital_Asset/Marketing Hub/Marketing Requests/G1HWG5 - Introducing a new paradigm in workplace ecology.","5","Marketing Hub","","","","no-project (by design)"
"dwp_Digital_Asset/Marketing Hub/Marketing Requests/M260308 - Award Recognition for VOCO Hotel Zhoushan","5","Marketing Hub","","","","no-project (by design)"
"dwp_Digital_Asset/Marketing Hub/Marketing Requests/M260518 - dwp.shares _ Crafting Bangkok’s Upcoming Boldest Rooftop Escape","5","Marketing Hub","","","","no-project (by design)"
"dwp_Digital_Asset/Marketing Hub/Marketing Requests/M260630 - dwp.shares _ Learning Through Design and Cultural Exchange in Hangzhou","5","Marketing Hub","","","","no-project (by design)"
"dwp_Digital_Asset/Marketing Hub/Marketing Requests/M260639 - dwp.shares _ Learning from Roca's Latest Bathroom Solutions","5","Marketing Hub","","","","no-project (by design)"
"dwp_Digital_Asset/Marketing Hub/Marketing Requests/M260705 - dwp.projects _ Delivering the PUNN Intelligence Headquarters","5","Marketing Hub","","","","no-project (by design)"
"dwp_Digital_Asset/Marketing Hub/Marketing Requests/M260802 - dwp.shares _ Exploring Material Innovation with Greenlam","5","Marketing Hub","","","","no-project (by design)"
"dwp_Digital_Asset/Marketing Hub/Marketing Requests/M260810 - dwp.projects _ Krungthai Global Office_ A Living Flow System","5","Marketing Hub","","","","no-project (by design)"
"dwp_Digital_Asset/Marketing Hub/Marketing Requests/XPTK7V - Designing workplaces for people, progress, and purpose.","5","Marketing Hub","","","","no-project (by design)"
"dwp_Digital_Asset/Proposal/Thailand","5","Proposal","","","","no-project (by design)"
"dwp_Digital_Asset/_OpenAsset Projects/Australia/1190 - Alphapharm R&D Laboratory","4","_OpenAsset Projects","Australia","1190","Alphapharm R&D Laboratory","code + name"
"dwp_Digital_Asset/_OpenAsset Projects/Australia/1190 - Alphapharm R&D Laboratory/402810 - Avenues Early Learning Centre Camp Hill","4","_OpenAsset Projects","Australia","1190","Alphapharm R&D Laboratory","code + name"
"dwp_Digital_Asset/_OpenAsset Projects/Australia/402810 - Avenues Early Learning Centre Camp Hill","4","_OpenAsset Projects","Australia","402810","Avenues Early Learning Centre Camp Hill","code + name"
"dwp_Digital_Asset/_OpenAsset Projects/Australia/403123 - Logan Hospital ENT","4","_OpenAsset Projects","Australia","403123","Logan Hospital ENT","code + name"
"dwp_Digital_Asset/_OpenAsset Projects/Australia/403227 - Piazza Apartments, Hotel & Retail","4","_OpenAsset Projects","Australia","403227","Piazza Apartments, Hotel & Retail","code + name"
"dwp_Digital_Asset/_OpenAsset Projects/Australia/5461 - Tulloch Winery Barrelhall","4","_OpenAsset Projects","Australia","5461","Tulloch Winery Barrelhall","code + name"
"dwp_Digital_Asset/_OpenAsset Projects/Australia/5744 - NIB Dental & Eye Care Sydney","4","_OpenAsset Projects","Australia","5744","NIB Dental & Eye Care Sydney","code + name"
"dwp_Digital_Asset/_OpenAsset Projects/Australia/5893 - James Cook University Tropical Medicine Mosquito Research Facility","4","_OpenAsset Projects","Australia","5893","James Cook University Tropical Medicine Mosquito Research Facility","code + name"
"dwp_Digital_Asset/_OpenAsset Projects/Australia/P203472 - Museum & Art Gallery of Northern Territory (MAGNT)","4","_OpenAsset Projects","Australia","P203472","Museum & Art Gallery of Northern Territory (MAGNT)","code + name"
"dwp_Digital_Asset/_OpenAsset Projects/Hong Kong/HKHKG-07-63 Shangri-la Thai Restaurant","4","_OpenAsset Projects","Hong Kong","","HKHKG-07-63 Shangri-la Thai Restaurant","name only (unverified, no code)"
"dwp_Digital_Asset/_OpenAsset Projects/Malaysia/MYKUL-16-0124-OP UEM Desaru North Ar","4","_OpenAsset Projects","Malaysia","MYKUL-16-0124","OP UEM Desaru North Ar","code + name"
"dwp_Digital_Asset/_OpenAsset Projects/Malaysia/MYKUL-16-0376-OP Green Valley Residence","4","_OpenAsset Projects","Malaysia","MYKUL-16-0376","OP Green Valley Residence","code + name"
"dwp_Digital_Asset/_OpenAsset Projects/New Zealand/Norman Kirk Memorial Pool Redevelopment","4","_OpenAsset Projects","New Zealand","","Norman Kirk Memorial Pool Redevelopment","name only (unverified, no code)"
"dwp_Digital_Asset/_OpenAsset Projects/Singapore/09-65035 Food Garden","4","_OpenAsset Projects","Singapore","09-65035","Food Garden","code + name"
"dwp_Digital_Asset/_OpenAsset Projects/Singapore/12-65021 Allen & Gledhill, Singapore","4","_OpenAsset Projects","Singapore","12-65021","Allen & Gledhill, Singapore","code + name"
"dwp_Digital_Asset/_OpenAsset Projects/Singapore/14-65054 Artisan Boulangerie Co - Chevron","4","_OpenAsset Projects","Singapore","14-65054","Artisan Boulangerie Co - Chevron","code + name"
"dwp_Digital_Asset/_OpenAsset Projects/Singapore/15-65115 Tower Club - Straits Bar","4","_OpenAsset Projects","Singapore","15-65115","Tower Club - Straits Bar","code + name"
"dwp_Digital_Asset/_OpenAsset Projects/Singapore/MYKUL-16-0004 Crytal Jade Accent Terminal 1 Singapore Changi Airport","4","_OpenAsset Projects","Singapore","MYKUL-16-0004","Crytal Jade Accent Terminal 1 Singapore Changi Airport","code + name"
"dwp_Digital_Asset/_OpenAsset Projects/Thailand/15-0060 Thailand Creative & Design Center (TCDC)","4","_OpenAsset Projects","Thailand","15-0060","Thailand Creative & Design Center (TCDC)","code + name"
"dwp_Digital_Asset/_OpenAsset Projects/Thailand/19-0044 Sale Lounge and Gallery at Singha Complex","4","_OpenAsset Projects","Thailand","19-0044","Sale Lounge and Gallery at Singha Complex","code + name"
"dwp_Digital_Asset/_OpenAsset Projects/Thailand/THBKK-07-173 Nokia Siemens Network","4","_OpenAsset Projects","Thailand","THBKK-07-173","Nokia Siemens Network","code + name"
"dwp_Digital_Asset/_OpenAsset Projects/Thailand/THBKK-11-1214 CHANEL Office","4","_OpenAsset Projects","Thailand","THBKK-11-1214","CHANEL Office","code + name"
"dwp_Digital_Asset/_OpenAsset Projects/UAE/AEDXB-07-12 Zero Five Five","4","_OpenAsset Projects","UAE","","AEDXB-07-12 Zero Five Five","name only (unverified, no code)"
"dwp_Digital_Asset/_OpenAsset Projects/Vietnam/VN-11-047 Bao Dai resort","4","_OpenAsset Projects","Vietnam","VN-11-047","Bao Dai resort","code + name"
"dwp_Digital_Asset/_OpenAsset Projects/Vietnam/VN-13-0068 Laguna Langco","4","_OpenAsset Projects","Vietnam","VN-13-0068","Laguna Langco","code + name"
"dwp_Digital_Asset/3D Projects/17-0570 Ideo RN","4","3D Projects","","17-0570","Ideo RN","code + name"
"dwp_Digital_Asset/3D Projects/17-0643 Ideo EKK","4","3D Projects","","17-0643","Ideo EKK","code + name"
"dwp_Digital_Asset/3D Projects/19-0142 LAVIQ","4","3D Projects","","19-0142","LAVIQ","code + name"
"dwp_Digital_Asset/3D Projects/21-0391 Nirvana","4","3D Projects","","21-0391","Nirvana","code + name"
"dwp_Digital_Asset/3D Projects/23-0068 BBL","4","3D Projects","","23-0068","BBL","code + name"
"dwp_Digital_Asset/3D Projects/23-0161 Siraninn Private Residence","4","3D Projects","","23-0161","Siraninn Private Residence","code + name"
"dwp_Digital_Asset/3D Projects/25-0149 East meet West","4","3D Projects","","25-0149","East meet West","code + name"
"dwp_Digital_Asset/3D Projects/25-0284 Artale RAMA 9","4","3D Projects","","25-0284","Artale RAMA 9","code + name"
"dwp_Digital_Asset/dwp Projects/_dwp Videos/dwp Videos for TV Screen","4","dwp Projects","","","","no-project (content bucket)"
"dwp_Digital_Asset/dwp Projects/ARCHIVED/FileCamp Library/CORPORATE – sample folder/Public MediaBank/05. Management","4","dwp Projects","","","FileCamp Library","name only (unverified, no code)"
"dwp_Digital_Asset/dwp Projects/ARCHIVED/FileCamp Library/FILECAMP – sample folder/Videos","4","dwp Projects","","","FileCamp Library","name only (unverified, no code)"
"dwp_Digital_Asset/dwp Projects/AUS_ARCHIVED/Australian National University Hanna Neumann Building","4","dwp Projects","AUS_ARCHIVED","","Australian National University Hanna Neumann Building","name only (unverified, no code)"
"dwp_Digital_Asset/dwp Projects/AUS_ARCHIVED/M22019 Rathdowne Place Aged Care","4","dwp Projects","AUS_ARCHIVED","M22019","Rathdowne Place Aged Care","code + name"
"dwp_Digital_Asset/dwp Projects/AUS_ARCHIVED/Southern Cross University Allied Health","4","dwp Projects","AUS_ARCHIVED","","Southern Cross University Allied Health","name only (unverified, no code)"
"dwp_Digital_Asset/dwp Projects/CHINA/Hospitality/22-0456 Club Med Hangzhou","4","dwp Projects","CHINA","22-0456","Club Med Hangzhou","code + name"
"dwp_Digital_Asset/dwp Projects/Hong Kong/HKHKG-07-63 Shangri-la Thai Restaurant","4","dwp Projects","Hong Kong","","HKHKG-07-63 Shangri-la Thai Restaurant","name only (unverified, no code)"
"dwp_Digital_Asset/dwp Projects/SINGAPORE/09-65035 Food Garden","4","dwp Projects","SINGAPORE","09-65035","Food Garden","code + name"
"dwp_Digital_Asset/dwp Projects/SINGAPORE/12-65021 Allen _ Gledhill, Singapore","4","dwp Projects","SINGAPORE","12-65021","Allen _ Gledhill, Singapore","code + name"
"dwp_Digital_Asset/dwp Projects/SINGAPORE/14-65054 Artisan Boulangerie Co - Chevron","4","dwp Projects","SINGAPORE","14-65054","Artisan Boulangerie Co - Chevron","code + name"
"dwp_Digital_Asset/dwp Projects/SINGAPORE/15-65115 Tower Club - Straits Bar","4","dwp Projects","SINGAPORE","15-65115","Tower Club - Straits Bar","code + name"
"dwp_Digital_Asset/dwp Projects/SINGAPORE/MYKUL-16-0004 Crytal Jade Accent Terminal 1 Singapore Changi Airport","4","dwp Projects","SINGAPORE","MYKUL-16-0004","Crytal Jade Accent Terminal 1 Singapore Changi Airport","code + name"
"dwp_Digital_Asset/dwp Projects/THAILAND/Architecture/18-0546 SSUP Mixed Use Pattaya/SSUP Mixed Use Pattaya (AI Images by Jordy)","4","dwp Projects","THAILAND","18-0546","SSUP Mixed Use Pattaya","code + name"
"dwp_Digital_Asset/dwp Projects/THAILAND/Health/21-0320 BNH Medical Ward and Surgical Ward","4","dwp Projects","THAILAND","21-0320","BNH Medical Ward and Surgical Ward","code + name"
"dwp_Digital_Asset/dwp Projects/THAILAND/Hospitality/18-0012 Mandarin Oriental - The Veranda & The Riverside Terrace","4","dwp Projects","THAILAND","18-0012","Mandarin Oriental - The Veranda & The Riverside Terrace","code + name"
"dwp_Digital_Asset/dwp Projects/THAILAND/Residential/20-0449 COCO PARC ASHTON RAMA 4","4","dwp Projects","THAILAND","20-0449","COCO PARC ASHTON RAMA 4","code + name"
"dwp_Digital_Asset/dwp Projects/THAILAND/Residential/21-0078 SIRANINN Residence/Clubhouse","4","dwp Projects","THAILAND","21-0078","SIRANINN Residence","code + name"
"dwp_Digital_Asset/dwp Projects/UAE/Medusa Images/civic/Campus Bemke, Klecza Dolna, PL","4","dwp Projects","UAE","","Medusa Images","name only (unverified, no code)"
"dwp_Digital_Asset/dwp Projects/UAE/Medusa Images/civic/National Center for Ice Sports, Katowice, PL","4","dwp Projects","UAE","","Medusa Images","name only (unverified, no code)"
"dwp_Digital_Asset/dwp Projects/UAE/Medusa Images/civic/Wayside shrine, Cracow, PL","4","dwp Projects","UAE","","Medusa Images","name only (unverified, no code)"
"dwp_Digital_Asset/dwp Projects/UAE/Medusa Images/commercial/Cuprum Square, Wroclaw, PL","4","dwp Projects","UAE","","Medusa Images","name only (unverified, no code)"
"dwp_Digital_Asset/dwp Projects/UAE/Medusa Images/commercial/KGHM, Wroclaw, PL","4","dwp Projects","UAE","","Medusa Images","name only (unverified, no code)"
"dwp_Digital_Asset/dwp Projects/UAE/Medusa Images/hospitality/Golf Hotel, Rajszew, PL","4","dwp Projects","UAE","","Medusa Images","name only (unverified, no code)"
"dwp_Digital_Asset/dwp Projects/UAE/Medusa Images/hospitality/Hotel Zakopane, PL","4","dwp Projects","UAE","","Medusa Images","name only (unverified, no code)"
"dwp_Digital_Asset/dwp Projects/UAE/Medusa Images/hospitality/National Center for Ice Sports, Katowice, PL","4","dwp Projects","UAE","","Medusa Images","name only (unverified, no code)"
"dwp_Digital_Asset/dwp Projects/UAE/Medusa Images/residential/House in Jozefoslaw, PL","4","dwp Projects","UAE","","Medusa Images","name only (unverified, no code)"
"dwp_Digital_Asset/dwp Projects/UAE/Medusa Images/workplaces/Wave, Gdansk, PL","4","dwp Projects","UAE","","Medusa Images","name only (unverified, no code)"
"dwp_Digital_Asset/dwp Projects/UAE/Residential/480 - Zero Five Five","4","dwp Projects","UAE","","Residential","name only (unverified, no code)"
"dwp_Digital_Asset/dwp Projects/UAE/Residential/609 - Arabian Ranches","4","dwp Projects","UAE","","Residential","name only (unverified, no code)"
"dwp_Digital_Asset/dwp Projects/UAE/Residential/Housing Project, Dubai","4","dwp Projects","UAE","","Residential","name only (unverified, no code)"
"dwp_Digital_Asset/dwp Projects/UAE/Workplace/23-0126 Informa Office Bahrain-20260409T084946Z-3-001/23-0126 Informa Office Bahrain/Photos From Leena","4","dwp Projects","UAE","23-0126","Informa Office Bahrain","code + name"
"dwp_Digital_Asset/dwp Projects/UAE/Workplace/FTI Consulting","4","dwp Projects","UAE","","Workplace","name only (unverified, no code)"
"dwp_Digital_Asset/dwp Projects/UAE/Workplace/Informa Dubai Offices","4","dwp Projects","UAE","","Workplace","name only (unverified, no code)"
"dwp_Digital_Asset/dwp Projects/VIETNAM/Vietnam/VN-13-0068 Laguna Langco","4","dwp Projects","VIETNAM","VN-13-0068","Laguna Langco","code + name"
"dwp_Digital_Asset/Marketing Hub/Marketing Requests/3AL94P - Where Design Vision Meets Commercial Reality (POST 3)","4","Marketing Hub","","","","no-project (by design)"
"dwp_Digital_Asset/Marketing Hub/Marketing Requests/7E1TM5 - Total Design Is Not a Look — It's a Way of Thinking (POST 2)","4","Marketing Hub","","","","no-project (by design)"
"dwp_Digital_Asset/Marketing Hub/Marketing Requests/942UGQ - An Evening of Connection Ahead of IDA","4","Marketing Hub","","","","no-project (by design)"
"dwp_Digital_Asset/Marketing Hub/Marketing Requests/9TCNYW - The China House_ A Celebration of Craft and Collaboration","4","Marketing Hub","","","","no-project (by design)"
"dwp_Digital_Asset/Marketing Hub/Marketing Requests/ARCJUY - From Render to Reality","4","Marketing Hub","","","","no-project (by design)"
"dwp_Digital_Asset/Marketing Hub/Marketing Requests/ARCYLL - Technology Update #7 Google Workpace - Slide Mark Up","4","Marketing Hub","","","","no-project (by design)"
"dwp_Digital_Asset/Marketing Hub/Marketing Requests/BDBDKE - Total Design_ Why It Matters Again (POST 1)","4","Marketing Hub","","","","no-project (by design)"
"dwp_Digital_Asset/Marketing Hub/Marketing Requests/CX3FPQ - BMW & MINI Ayutthaya_ Automotive Retail Design in Thailand’s Historic Capital","4","Marketing Hub","","","","no-project (by design)"
"dwp_Digital_Asset/Marketing Hub/Marketing Requests/M260208 - Infrastructure, Not Add-On","4","Marketing Hub","","","","no-project (by design)"
"dwp_Digital_Asset/Marketing Hub/Marketing Requests/M260312 - Shanghai Supplier Visit_ Insights from Polilam","4","Marketing Hub","","","","no-project (by design)"
"dwp_Digital_Asset/Marketing Hub/Marketing Requests/M260422 - Salone del Mobile & Fuori Salone 2026 _ Italy","4","Marketing Hub","","","","no-project (by design)"
"dwp_Digital_Asset/Marketing Hub/Marketing Requests/M260423 - Global vision meets Italian craftsmanship.","4","Marketing Hub","","","","no-project (by design)"
"dwp_Digital_Asset/Marketing Hub/Marketing Requests/M260522 - dwp.shares _ Designing the Workplace for Connection with Euro Creations","4","Marketing Hub","","","","no-project (by design)"
"dwp_Digital_Asset/Marketing Hub/Marketing Requests/M260535 - dwp.shares _ Hospitality Design Insights at Hospitality Thailand Conference 2026","4","Marketing Hub","","","","no-project (by design)"
"dwp_Digital_Asset/Marketing Hub/Marketing Requests/M260607 - dwp.shares _ Experiential Hospitality and Asset Value_ Insights from HoSkar Nigh","4","Marketing Hub","","","","no-project (by design)"
"dwp_Digital_Asset/Marketing Hub/Marketing Requests/M260621 - dwp.shares _ Bangkok studio Lunch and Learn","4","Marketing Hub","","","","no-project (by design)"
"dwp_Digital_Asset/Marketing Hub/Marketing Requests/M260628 - dwp.shares _ Welcoming AMCHAM Scholars to dwp Thailand","4","Marketing Hub","","","","no-project (by design)"
"dwp_Digital_Asset/Marketing Hub/Marketing Requests/M260633 - dwp.shares _ Expanding Our Lighting Knowledge with Ligman Lighting","4","Marketing Hub","","","","no-project (by design)"
"dwp_Digital_Asset/Marketing Hub/Marketing Requests/M260638 - dwp.shares _ Exploring Smart Home Technologies with Somfy","4","Marketing Hub","","","","no-project (by design)"
"dwp_Digital_Asset/Marketing Hub/Marketing Requests/M260640 - dwp.shares _ Sharing Design Practice with NIST International School Students","4","Marketing Hub","","","","no-project (by design)"
"dwp_Digital_Asset/Marketing Hub/Marketing Requests/M260702 - dwp.projects _ Central Watson Office_ Translating the Watsons Brand into a New W","4","Marketing Hub","","","","no-project (by design)"
"dwp_Digital_Asset/Marketing Hub/Marketing Requests/M260704 - dwp.projects _ Radisson RED Diriyah Reaches Construction Milestone","4","Marketing Hub","","","","no-project (by design)"
"dwp_Digital_Asset/Marketing Hub/Marketing Requests/M260706 - dwp.shares _ Exploring Opportunities at Cosmoprof CBE ASEAN","4","Marketing Hub","","","","no-project (by design)"
"dwp_Digital_Asset/Marketing Hub/Marketing Requests/M260723 - dwp.shares _ Celebrating the Launch of Cloud 11","4","Marketing Hub","","","","no-project (by design)"
"dwp_Digital_Asset/Marketing Hub/Marketing Requests/M260732 - dwp.shares _ Shaping the Future of Hospitality Through Industry Dialogue","4","Marketing Hub","","","","no-project (by design)"
"dwp_Digital_Asset/Marketing Hub/Marketing Requests/M260733 - dwp.shares _ The Art of Knowing What Not to Change","4","Marketing Hub","","","","no-project (by design)"
"dwp_Digital_Asset/Marketing Hub/Marketing Requests/M260738 - dwp.projects _ Shangri-La Bangkok_ Exploring Craftsmanship & Site Conditions","4","Marketing Hub","","","","no-project (by design)"
"dwp_Digital_Asset/Marketing Hub/Marketing Requests/M260801 - dwp.projects _ Bangkok Hospital's Proton Therapy Centre_ Visualizations","4","Marketing Hub","","","","no-project (by design)"
"dwp_Digital_Asset/Marketing Hub/Marketing Requests/M260904 - dwp.shares _ Shaping the Future of Boutique Hospitality at The Boutique Assembly","4","Marketing Hub","","","","no-project (by design)"
"dwp_Digital_Asset/Marketing Hub/Marketing Requests/M260907 - dwp.projects _ A Journey Towards Recovery at Samitivej Sriracha Hospital","4","Marketing Hub","","","","no-project (by design)"
"dwp_Digital_Asset/Marketing Hub/Marketing Requests/NX0ITK - A year of progress, clarity and momentum.","4","Marketing Hub","","","","no-project (by design)"
"dwp_Digital_Asset/Marketing Hub/Marketing Requests/P8TGZD - Celebrating Design Excellence in Bangkok","4","Marketing Hub","","","","no-project (by design)"
"dwp_Digital_Asset/Marketing Hub/Marketing Requests/SGLAZM - Timelessness Is the Ultimate Sustainability Strategy (POST 5)","4","Marketing Hub","","","","no-project (by design)"
"dwp_Digital_Asset/Marketing Hub/Marketing Requests/USIESN - BMW Performance Motor, Ayutthaya","4","Marketing Hub","","","","no-project (by design)"
"dwp_Digital_Asset/_OpenAsset Projects/Australia/21974 - Queensland University of Technology Z Block","3","_OpenAsset Projects","Australia","21974","Queensland University of Technology Z Block","code + name"
"dwp_Digital_Asset/_OpenAsset Projects/Australia/302474 - Palmerston Community Hospital","3","_OpenAsset Projects","Australia","302474","Palmerston Community Hospital","code + name"
"dwp_Digital_Asset/_OpenAsset Projects/Australia/302943 - Connected Communities Walgett Community College","3","_OpenAsset Projects","Australia","302943","Connected Communities Walgett Community College","code + name"
"dwp_Digital_Asset/_OpenAsset Projects/Australia/302944 - Connected Communities Brewarrina Central School","3","_OpenAsset Projects","Australia","302944","Connected Communities Brewarrina Central School","code + name"
"dwp_Digital_Asset/_OpenAsset Projects/Australia/303082 - Lend Lease Macarthur Square Western Mall Expansion","3","_OpenAsset Projects","Australia","303082","Lend Lease Macarthur Square Western Mall Expansion","code + name"
"dwp_Digital_Asset/_OpenAsset Projects/Australia/402892 - Southern Cross University Regional Primary Care Research & Education Centre","3","_OpenAsset Projects","Australia","402892","Southern Cross University Regional Primary Care Research & Education Centre","code + name"
"dwp_Digital_Asset/_OpenAsset Projects/Australia/5002779 - Opal Hillside Residential Aged Care Facility","3","_OpenAsset Projects","Australia","5002779","Opal Hillside Residential Aged Care Facility","code + name"
"dwp_Digital_Asset/_OpenAsset Projects/Australia/503440 - Parramatta Aquatic Recreation Concept","3","_OpenAsset Projects","Australia","503440","Parramatta Aquatic Recreation Concept","code + name"
"dwp_Digital_Asset/_OpenAsset Projects/Australia/602757 - Blue Care Westcourt","3","_OpenAsset Projects","Australia","602757","Blue Care Westcourt","code + name"
"dwp_Digital_Asset/_OpenAsset Projects/Australia/M4738 - Marcellin College Sports Hall","3","_OpenAsset Projects","Australia","M4738","Marcellin College Sports Hall","code + name"
"dwp_Digital_Asset/_OpenAsset Projects/China/15-0035 Calxon Henglin","3","_OpenAsset Projects","China","15-0035","Calxon Henglin","code + name"
"dwp_Digital_Asset/_OpenAsset Projects/China/15-0070 Calxon Zhitang","3","_OpenAsset Projects","China","15-0070","Calxon Zhitang","code + name"
"dwp_Digital_Asset/_OpenAsset Projects/China/15-0173 Chateau Cuiping ID","3","_OpenAsset Projects","China","15-0173","Chateau Cuiping ID","code + name"
"dwp_Digital_Asset/_OpenAsset Projects/Malaysia/MYKUL-16-0398 Teega Customer One Stop Centre","3","_OpenAsset Projects","Malaysia","MYKUL-16-0398","Teega Customer One Stop Centre","code + name"
"dwp_Digital_Asset/_OpenAsset Projects/Malaysia/MYKUL-17-0144 AFC House KL","3","_OpenAsset Projects","Malaysia","MYKUL-17-0144","AFC House KL","code + name"
"dwp_Digital_Asset/_OpenAsset Projects/Philippines/12-776 Dusit Thani Manila","3","_OpenAsset Projects","Philippines","","12-776 Dusit Thani Manila","name only (unverified, no code)"
"dwp_Digital_Asset/_OpenAsset Projects/Singapore/18-65036 NUS School of Computing","3","_OpenAsset Projects","Singapore","18-65036","NUS School of Computing","code + name"
"dwp_Digital_Asset/_OpenAsset Projects/Thailand/12-543 The Room - Pan Road/THBKK-11-154 QSMC","3","_OpenAsset Projects","Thailand","THBKK-11-154","QSMC","code + name"
"dwp_Digital_Asset/_OpenAsset Projects/Thailand/17-0570 Mobi RN (Ideo Mobi Rangnam)","3","_OpenAsset Projects","Thailand","17-0570","Mobi RN (Ideo Mobi Rangnam)","code + name"
"dwp_Digital_Asset/_OpenAsset Projects/Thailand/THBKK-07-390 HSBC, Hanoi Branch","3","_OpenAsset Projects","Thailand","THBKK-07-390","HSBC, Hanoi Branch","code + name"
"dwp_Digital_Asset/_OpenAsset Projects/Thailand/THBKK-08-139 Wella Trading","3","_OpenAsset Projects","Thailand","THBKK-08-139","Wella Trading","code + name"
"dwp_Digital_Asset/_OpenAsset Projects/Thailand/THBKK-13-0035 Hafele Office","3","_OpenAsset Projects","Thailand","THBKK-13-0035","Hafele Office","code + name"
"dwp_Digital_Asset/_OpenAsset Projects/Vietnam/VNHCM-07-032 Conic Riverside","3","_OpenAsset Projects","Vietnam","VNHCM-07-032","Conic Riverside","code + name"
"dwp_Digital_Asset/3D Projects/21-0078 DH3 L","3","3D Projects","","21-0078","DH3 L","code + name"
"dwp_Digital_Asset/3D Projects/22-0511 KTC","3","3D Projects","","22-0511","KTC","code + name"
"dwp_Digital_Asset/3D Projects/23-0340 BIHP","3","3D Projects","","23-0340","BIHP","code + name"
"dwp_Digital_Asset/dwp Projects/_dwp Videos/dwp Website","3","dwp Projects","","","","no-project (content bucket)"
"dwp_Digital_Asset/dwp Projects/ARCHIVED/17-0106 Mercedes-Benz Northlakes","3","dwp Projects","","17-0106","Mercedes-Benz Northlakes","code + name"
"dwp_Digital_Asset/dwp Projects/ARCHIVED/Café Claire","3","dwp Projects","","","Café Claire","name only (unverified, no code)"
"dwp_Digital_Asset/dwp Projects/ARCHIVED/Eco Island Masterplan - dwp_Jordy Fu","3","dwp Projects","","","Eco Island Masterplan - dwp_Jordy Fu","name only (unverified, no code)"
"dwp_Digital_Asset/dwp Projects/ARCHIVED/FileCamp Library/COMPANY – sample folder/Public Upload Folder","3","dwp Projects","","","FileCamp Library","name only (unverified, no code)"
"dwp_Digital_Asset/dwp Projects/ARCHIVED/Flight of Freedom","3","dwp Projects","","","Flight of Freedom","name only (unverified, no code)"
"dwp_Digital_Asset/dwp Projects/ARCHIVED/Hamptons Property. Watermill, New York. USA","3","dwp Projects","","","Hamptons Property. Watermill, New York. USA","name only (unverified, no code)"
"dwp_Digital_Asset/dwp Projects/ARCHIVED/Le Meridien","3","dwp Projects","","","Le Meridien","name only (unverified, no code)"
"dwp_Digital_Asset/dwp Projects/ARCHIVED/Park Avenue Apartment,  New York City, USA","3","dwp Projects","","","Park Avenue Apartment,  New York City, USA","name only (unverified, no code)"
"dwp_Digital_Asset/dwp Projects/ARCHIVED/Soaring Skies","3","dwp Projects","","","Soaring Skies","name only (unverified, no code)"
"dwp_Digital_Asset/dwp Projects/AUS_ARCHIVED/17-1131 The Star Integrated Resort","3","dwp Projects","AUS_ARCHIVED","17-1131","The Star Integrated Resort","code + name"
"dwp_Digital_Asset/dwp Projects/AUS_ARCHIVED/Blue Cross Mt Waverley","3","dwp Projects","AUS_ARCHIVED","","Blue Cross Mt Waverley","name only (unverified, no code)"
"dwp_Digital_Asset/dwp Projects/AUS_ARCHIVED/Edition Apartments","3","dwp Projects","AUS_ARCHIVED","","Edition Apartments","name only (unverified, no code)"
"dwp_Digital_Asset/dwp Projects/AUS_ARCHIVED/Torquay Children’s Services Hub","3","dwp Projects","AUS_ARCHIVED","","Torquay Children’s Services Hub","name only (unverified, no code)"
"dwp_Digital_Asset/dwp Projects/CHINA/Architecture/Bohai Bay Urban Design","3","dwp Projects","CHINA","","Architecture","name only (unverified, no code)"
"dwp_Digital_Asset/dwp Projects/Manila/12-776 Dusit Thani Manila","3","dwp Projects","Manila","","12-776 Dusit Thani Manila","name only (unverified, no code)"
"dwp_Digital_Asset/dwp Projects/PHILIPPINES/Hospitality/17-1128 Copeton Baysuites","3","dwp Projects","PHILIPPINES","17-1128","Copeton Baysuites","code + name"
"dwp_Digital_Asset/dwp Projects/SINGAPORE/18-65036 NUS School of Computing","3","dwp Projects","SINGAPORE","18-65036","NUS School of Computing","code + name"
"dwp_Digital_Asset/dwp Projects/Staff Photo 2026/717","3","dwp Projects","","","Staff Photo 2026","name only (unverified, no code)"
"dwp_Digital_Asset/dwp Projects/THAILAND/Architecture/18-0546 SSUP Mixed Use Pattaya/3D Perspective","3","dwp Projects","THAILAND","18-0546","SSUP Mixed Use Pattaya","code + name"
"dwp_Digital_Asset/dwp Projects/THAILAND/Architecture/21-0263 Trifecta Master Plan","3","dwp Projects","THAILAND","21-0263","Trifecta Master Plan","code + name"
"dwp_Digital_Asset/dwp Projects/THAILAND/Architecture/21-0559 Benchasiri Property - Facade","3","dwp Projects","THAILAND","21-0559","Benchasiri Property - Facade","code + name"
"dwp_Digital_Asset/dwp Projects/THAILAND/Architecture/23-0178 Bumrungrad Phuket","3","dwp Projects","THAILAND","23-0178","Bumrungrad Phuket","code + name"
"dwp_Digital_Asset/dwp Projects/THAILAND/Architecture/Jimbaran Masterplan","3","dwp Projects","THAILAND","","Architecture","name only (unverified, no code)"
"dwp_Digital_Asset/dwp Projects/THAILAND/Design/23-0124 British International School Phuket","3","dwp Projects","THAILAND","23-0124","British International School Phuket","code + name"
"dwp_Digital_Asset/dwp Projects/THAILAND/Education/19-0390 Shrewsbury Senior School","3","dwp Projects","THAILAND","19-0390","Shrewsbury Senior School","code + name"
"dwp_Digital_Asset/dwp Projects/THAILAND/Health/18-0229 CP Medical Centre","3","dwp Projects","THAILAND","18-0229","CP Medical Centre","code + name"
"dwp_Digital_Asset/dwp Projects/THAILAND/Health/23-0032 Synphaet Rangsit","3","dwp Projects","THAILAND","23-0032","Synphaet Rangsit","code + name"
"dwp_Digital_Asset/dwp Projects/THAILAND/Health/23-0329 Bangkok Hospital Siriroj - WARD CR5B","3","dwp Projects","THAILAND","23-0329","Bangkok Hospital Siriroj - WARD CR5B","code + name"
"dwp_Digital_Asset/dwp Projects/THAILAND/Hospitality/17-0094 Island Escape by Burasari","3","dwp Projects","THAILAND","17-0094","Island Escape by Burasari","code + name"
"dwp_Digital_Asset/dwp Projects/THAILAND/Hospitality/20-0401-6 Cloud 11 - Lifestyle Hotel (TRIBUTE) TRB","3","dwp Projects","THAILAND","20-0401","6 Cloud 11 - Lifestyle Hotel (TRIBUTE) TRB","code + name"
"dwp_Digital_Asset/dwp Projects/THAILAND/Hospitality/21-0115 Marriott Penang","3","dwp Projects","THAILAND","21-0115","Marriott Penang","code + name"
"dwp_Digital_Asset/dwp Projects/THAILAND/Hospitality/Siraninn Private Residence Clubhouse","3","dwp Projects","THAILAND","","Hospitality","name only (unverified, no code)"
"dwp_Digital_Asset/dwp Projects/THAILAND/Hospitality/Uno Mars","3","dwp Projects","THAILAND","","Hospitality","name only (unverified, no code)"
"dwp_Digital_Asset/dwp Projects/THAILAND/Residential/17-1166 Park Thonglor","3","dwp Projects","THAILAND","17-1166","Park Thonglor","code + name"
"dwp_Digital_Asset/dwp Projects/THAILAND/Residential/19-0044 Sale Lounge and Gallery at Singha Complex","3","dwp Projects","THAILAND","19-0044","Sale Lounge and Gallery at Singha Complex","code + name"
"dwp_Digital_Asset/dwp Projects/THAILAND/Residential/23-0346 One Bangkok C3B Penthouse/L53-54","3","dwp Projects","THAILAND","23-0346","One Bangkok C3B Penthouse","code + name"
"dwp_Digital_Asset/dwp Projects/THAILAND/Retail/Calvin Klein Harbour City","3","dwp Projects","THAILAND","","Retail","name only (unverified, no code)"
"dwp_Digital_Asset/dwp Projects/THAILAND/Workplace/24-0091 Richmont Office/RM_HIRES","3","dwp Projects","THAILAND","24-0091","Richmont Office","code + name"
"dwp_Digital_Asset/dwp Projects/UAE/Design/15-0272 Qudurat Retail Village_Dec19","3","dwp Projects","UAE","15-0272","Qudurat Retail Village_Dec19","code + name"
"dwp_Digital_Asset/dwp Projects/UAE/Design/18-0814 Alef Education Headquarters","3","dwp Projects","UAE","18-0814","Alef Education Headquarters","code + name"
"dwp_Digital_Asset/dwp Projects/UAE/Design/DIFC","3","dwp Projects","UAE","","Design","name only (unverified, no code)"
"dwp_Digital_Asset/dwp Projects/UAE/Design/Obhur Masterplan","3","dwp Projects","UAE","","Design","name only (unverified, no code)"
"dwp_Digital_Asset/dwp Projects/UAE/Medusa Images/civic/Czarni Bytom Judo sports hall, Bytom, PL","3","dwp Projects","UAE","","Medusa Images","name only (unverified, no code)"
"dwp_Digital_Asset/dwp Projects/UAE/Medusa Images/civic/Hotel & Tennis Centre, Mogilany, PL","3","dwp Projects","UAE","","Medusa Images","name only (unverified, no code)"
"dwp_Digital_Asset/dwp Projects/UAE/Medusa Images/civic/Veloart, Warsaw, PL","3","dwp Projects","UAE","","Medusa Images","name only (unverified, no code)"
"dwp_Digital_Asset/dwp Projects/UAE/Medusa Images/commercial/Water Street, New York, US","3","dwp Projects","UAE","","Medusa Images","name only (unverified, no code)"
"dwp_Digital_Asset/dwp Projects/UAE/Medusa Images/food & bewerage/Fuzja, Lodz, PL","3","dwp Projects","UAE","","Medusa Images","name only (unverified, no code)"
"dwp_Digital_Asset/dwp Projects/UAE/Medusa Images/food & bewerage/Villa of Roses, Warsaw, PL","3","dwp Projects","UAE","","Medusa Images","name only (unverified, no code)"
"dwp_Digital_Asset/dwp Projects/UAE/Medusa Images/hospitality/Czarni Bytom Judo sports hall, Bytom, PL","3","dwp Projects","UAE","","Medusa Images","name only (unverified, no code)"
"dwp_Digital_Asset/dwp Projects/UAE/Medusa Images/hospitality/Hotel & Tennis Centre Mogilany, PL","3","dwp Projects","UAE","","Medusa Images","name only (unverified, no code)"
"dwp_Digital_Asset/dwp Projects/UAE/Medusa Images/hospitality/VeloArt, Warsaw, PL","3","dwp Projects","UAE","","Medusa Images","name only (unverified, no code)"
"dwp_Digital_Asset/dwp Projects/UAE/Medusa Images/urban & masterplan/Drewny, Warsaw, PL","3","dwp Projects","UAE","","Medusa Images","name only (unverified, no code)"
"dwp_Digital_Asset/dwp Projects/UAE/Medusa Images/urban & masterplan/Towarowa 22, Warsaw, PL","3","dwp Projects","UAE","","Medusa Images","name only (unverified, no code)"
"dwp_Digital_Asset/dwp Projects/UAE/Residential/15-0406 Dubai Hills Phase 4","3","dwp Projects","UAE","15-0406","Dubai Hills Phase 4","code + name"
"dwp_Digital_Asset/dwp Projects/UAE/Workplace/21-0468 Executive Council of Dubai Office, Level 28-20260409T084959Z-3-001/21-0468 Executive Council of Dubai Office, Level 28/RENDER","3","dwp Projects","UAE","21-0468","Executive Council of Dubai Office, Level 28","code + name"
"dwp_Digital_Asset/dwp Projects/UAE/Workplace/22-0080 GFG Office Fitout Sydney","3","dwp Projects","UAE","22-0080","GFG Office Fitout Sydney","code + name"
"dwp_Digital_Asset/dwp Projects/UAE/Workplace/22-0080 GFG Office Fitout Sydney-20260409T085041Z-3-001/22-0080 GFG Office Fitout Sydney","3","dwp Projects","UAE","22-0080","GFG Office Fitout Sydney","code + name"
"dwp_Digital_Asset/dwp Projects/UAE/Workplace/Darah Headquarters  Design Competition","3","dwp Projects","UAE","","Workplace","name only (unverified, no code)"
"dwp_Digital_Asset/dwp Projects/UAE/Workplace/Informa Saudi/Photos","3","dwp Projects","UAE","","Workplace","name only (unverified, no code)"
"dwp_Digital_Asset/dwp Projects/VIETNAM/Design/21-0478 Dwight International School Project (ID)","3","dwp Projects","VIETNAM","21-0478","Dwight International School Project (ID)","code + name"
"dwp_Digital_Asset/dwp Projects/VIETNAM/Vietnam/VNHCM-07-032 Conic Riverside","3","dwp Projects","VIETNAM","VNHCM-07-032","Conic Riverside","code + name"
"dwp_Digital_Asset/Marketing Hub/Marketing Requests/7JU3DM - A night of premium connections and creative vision in Hanoi","3","Marketing Hub","","","","no-project (by design)"
"dwp_Digital_Asset/Marketing Hub/Marketing Requests/ARC5GY - Dubai Studio's Participation in Key Industry Events","3","Marketing Hub","","","","no-project (by design)"
"dwp_Digital_Asset/Marketing Hub/Marketing Requests/ARCF5G - Exciting AI competition update from Bangkok Studio","3","Marketing Hub","","","","no-project (by design)"
"dwp_Digital_Asset/Marketing Hub/Marketing Requests/ARCJPM - Revolutionising Patient Care - Ruamjairak Hospital","3","Marketing Hub","","","","no-project (by design)"
"dwp_Digital_Asset/Marketing Hub/Marketing Requests/ARCYWZ - ai series _ Introducing BKK99","3","Marketing Hub","","","","no-project (by design)"
"dwp_Digital_Asset/Marketing Hub/Marketing Requests/M260203 - Government Office, Emirates Towers, Dubai","3","Marketing Hub","","","","no-project (by design)"
"dwp_Digital_Asset/Marketing Hub/Marketing Requests/M260206 - Design at the Speed of Thought","3","Marketing Hub","","","","no-project (by design)"
"dwp_Digital_Asset/Marketing Hub/Marketing Requests/M260207 - This Moment is Different","3","Marketing Hub","","","","no-project (by design)"
"dwp_Digital_Asset/Marketing Hub/Marketing Requests/M260211 - The 5 Year Test (W hotel Series - DUBAI)","3","Marketing Hub","","","","no-project (by design)"
"dwp_Digital_Asset/Marketing Hub/Marketing Requests/M260212 - Designing in Fast Forward","3","Marketing Hub","","","","no-project (by design)"
"dwp_Digital_Asset/Marketing Hub/Marketing Requests/M260213 - Beyond Opening Night (W Hotel Series - DUBAI #3)","3","Marketing Hub","","","","no-project (by design)"
"dwp_Digital_Asset/Marketing Hub/Marketing Requests/M260215 - Iconic in a City That Never Stops (W Hotel Series - DUBAI #4)","3","Marketing Hub","","","","no-project (by design)"
"dwp_Digital_Asset/Marketing Hub/Marketing Requests/M260310 - Won the interior Design of a prestigeous new office tower in downtown Dubai.","3","Marketing Hub","","","","no-project (by design)"
"dwp_Digital_Asset/Marketing Hub/Marketing Requests/M260408 - Every client asks for innovation. Almost none of them mean the same thing.","3","Marketing Hub","","","","no-project (by design)"
"dwp_Digital_Asset/Marketing Hub/Marketing Requests/M260413 - Witnessing the Launch of TOA Walltex Color Plus+!","3","Marketing Hub","","","","no-project (by design)"
"dwp_Digital_Asset/Marketing Hub/Marketing Requests/M260506 - dwp.projects _ Bumrungrad International Hospital Phuket_ PMU Façade Testing","3","Marketing Hub","","","","no-project (by design)"
"dwp_Digital_Asset/Marketing Hub/Marketing Requests/M260514 - dwp. explores heritage and material precision at Baccarat exhibition","3","Marketing Hub","","","","no-project (by design)"
"dwp_Digital_Asset/Marketing Hub/Marketing Requests/M260517 - dwp.projects _ Madura Rooftop Bangkok at SKYVIEW Hotel Bangkok_ Lighting Test Di","3","Marketing Hub","","","","no-project (by design)"
"dwp_Digital_Asset/Marketing Hub/Marketing Requests/M260519 - dwp.shares _ Designing the Future of Work at the Sunon Global Summit 2026","3","Marketing Hub","","","","no-project (by design)"
"dwp_Digital_Asset/Marketing Hub/Marketing Requests/M260603 - dwp.projects _ Holiday Inn Singapore_ Site Inspection","3","Marketing Hub","","","","no-project (by design)"
"dwp_Digital_Asset/Marketing Hub/Marketing Requests/M260604 - dwp.shares _ Kitchen & Bath China (KBC) 2026 & Roca Partnership","3","Marketing Hub","","","","no-project (by design)"
"dwp_Digital_Asset/Marketing Hub/Marketing Requests/M260605 - dwp.shares _ Kitchen & Bath China (KBC) 2026 & Roca Partnership","3","Marketing Hub","","","","no-project (by design)"
"dwp_Digital_Asset/Marketing Hub/Marketing Requests/M260608 - dwp.shares _ Experiential Hospitality and Asset Value_ Insights from HoSkar Nigh","3","Marketing Hub","","","","no-project (by design)"
"dwp_Digital_Asset/Marketing Hub/Marketing Requests/M260612 - dwp.projects _ Bumrungrad International Hospital CCU_ Completion","3","Marketing Hub","","","","no-project (by design)"
"dwp_Digital_Asset/Marketing Hub/Marketing Requests/M260616 - dwp.shares _ Exploring the Legal Landscape of Artificial Intelligence Across Sou","3","Marketing Hub","","","","no-project (by design)"
"dwp_Digital_Asset/Marketing Hub/Marketing Requests/M260617 - dwp.shares _ Building the Foundations for Future Local Designers","3","Marketing Hub","","","","no-project (by design)"
"dwp_Digital_Asset/Marketing Hub/Marketing Requests/M260626 - dwp.appointments _ Findig House, UdomAgg","3","Marketing Hub","","","","no-project (by design)"
"dwp_Digital_Asset/Marketing Hub/Marketing Requests/M260629 - dwp.shares _ dwp. Connects at AustCham June Sundowners","3","Marketing Hub","","","","no-project (by design)"
"dwp_Digital_Asset/Marketing Hub/Marketing Requests/M260631 - dwp.shares _ dwp. Connects at AustCham June Sundowners","3","Marketing Hub","","","","no-project (by design)"
"dwp_Digital_Asset/Marketing Hub/Marketing Requests/M260636 - dwp.shares _ Redefining Hospitality Value at SEAHIS 2026","3","Marketing Hub","","","","no-project (by design)"
"dwp_Digital_Asset/Marketing Hub/Marketing Requests/M260644 - dwp.shares _ Launching Our English Language Training Programme","3","Marketing Hub","","","","no-project (by design)"
"dwp_Digital_Asset/Marketing Hub/Marketing Requests/M260707 - dwp.shares _ Expanding Our Healthcare Network","3","Marketing Hub","","","","no-project (by design)"
"dwp_Digital_Asset/Marketing Hub/Marketing Requests/M260718 - dwp.projects _ United Airlines Office at Suvarnabhumi Airport Bangkok_ Designing","3","Marketing Hub","","","","no-project (by design)"
"dwp_Digital_Asset/Marketing Hub/Marketing Requests/M260720 - dwp.projects _ United Airlines Office at Suvarnabhumi Airport Bangkok_ From Desi","3","Marketing Hub","","","","no-project (by design)"
"dwp_Digital_Asset/Marketing Hub/Marketing Requests/M260721 - dwp.shares _ Welcoming Shangri-La Bangkok to the Bangkok Studio","3","Marketing Hub","","","","no-project (by design)"
"dwp_Digital_Asset/Marketing Hub/Marketing Requests/M260724 - dwp.projects _ Cloud 11_ Grand Opening","3","Marketing Hub","","","","no-project (by design)"
"dwp_Digital_Asset/Marketing Hub/Marketing Requests/M260734 - dwp.shares _ Exploring Aluminium Window & Door Solutions with Scenescape","3","Marketing Hub","","","","no-project (by design)"
"dwp_Digital_Asset/Marketing Hub/Marketing Requests/M260735 - dwp. shares _ Strengthening Healthcare & Wellness Connections at Thailand Medica","3","Marketing Hub","","","","no-project (by design)"
"dwp_Digital_Asset/Marketing Hub/Marketing Requests/M260803 - dwp.projects _ Samitivej Hospital Chonburi_ Site Progress","3","Marketing Hub","","","","no-project (by design)"
"dwp_Digital_Asset/Marketing Hub/Marketing Requests/M260820 - dwp.appointments _ Song Loc High-Rise Building","3","Marketing Hub","","","","no-project (by design)"
"dwp_Digital_Asset/Marketing Hub/Marketing Requests/M260919 - dwp.shares _ Designing Distinctive Hospitality Experiences with Claudio Mura","3","Marketing Hub","","","","no-project (by design)"
"dwp_Digital_Asset/Marketing Hub/Marketing Requests/M260944 - dwp.shares _ Designing Smarter Hospitality","3","Marketing Hub","","","","no-project (by design)"
"dwp_Digital_Asset/Marketing Hub/Marketing Requests/US09M2 - Designing for People, Not Just Places (POST 4)","3","Marketing Hub","","","","no-project (by design)"
"dwp_Digital_Asset/Marketing Hub/Marketing Requests/WN2UHM - Designing with purpose — beyond the work we deliver.","3","Marketing Hub","","","","no-project (by design)"
"dwp_Digital_Asset","2","(root)","","","","orphan"
"dwp_Digital_Asset/_OpenAsset Projects/Australia/12454 - Melbourne Quarter","2","_OpenAsset Projects","Australia","12454","Melbourne Quarter","code + name"
"dwp_Digital_Asset/_OpenAsset Projects/Australia/202380 Boeing WT & ASC Expansion","2","_OpenAsset Projects","Australia","202380","Boeing WT & ASC Expansion","code + name"
"dwp_Digital_Asset/_OpenAsset Projects/Australia/203046 - Healthscope Newcastle Private Hospital Extensions","2","_OpenAsset Projects","Australia","203046","Healthscope Newcastle Private Hospital Extensions","code + name"
"dwp_Digital_Asset/_OpenAsset Projects/Australia/302397 - TAFE NSW Western Institute Orange Campus Aboriginal Learning Centre","2","_OpenAsset Projects","Australia","302397","TAFE NSW Western Institute Orange Campus Aboriginal Learning Centre","code + name"
"dwp_Digital_Asset/_OpenAsset Projects/Australia/303091 - City West Housing Waterloo","2","_OpenAsset Projects","Australia","303091","City West Housing Waterloo","code + name"
"dwp_Digital_Asset/_OpenAsset Projects/Australia/402534 - Sunny Queen Eggs","2","_OpenAsset Projects","Australia","402534","Sunny Queen Eggs","code + name"
"dwp_Digital_Asset/_OpenAsset Projects/Australia/502672 - Bluewater Fitness Centre","2","_OpenAsset Projects","Australia","502672","Bluewater Fitness Centre","code + name"
"dwp_Digital_Asset/_OpenAsset Projects/Australia/502871 - Southern Cross Care (VIC) Rosebud","2","_OpenAsset Projects","Australia","502871","Southern Cross Care (VIC) Rosebud","code + name"
"dwp_Digital_Asset/_OpenAsset Projects/Australia/503476 - Byron Bay Aquatic Strategy Report","2","_OpenAsset Projects","Australia","503476","Byron Bay Aquatic Strategy Report","code + name"
"dwp_Digital_Asset/_OpenAsset Projects/Australia/9151 - TAFE NSW Kurri Kurri","2","_OpenAsset Projects","Australia","9151","TAFE NSW Kurri Kurri","code + name"
"dwp_Digital_Asset/_OpenAsset Projects/Malaysia/MYKUL-13-0513 IJM Riana 3 Mixed Residential Development, KL","2","_OpenAsset Projects","Malaysia","MYKUL-13-0513","IJM Riana 3 Mixed Residential Development, KL","code + name"
"dwp_Digital_Asset/_OpenAsset Projects/Singapore/13-65133 Tiong Bahru Plaza","2","_OpenAsset Projects","Singapore","13-65133","Tiong Bahru Plaza","code + name"
"dwp_Digital_Asset/_OpenAsset Projects/Thailand/15-0357 Samitwej Childrens","2","_OpenAsset Projects","Thailand","15-0357","Samitwej Childrens","code + name"
"dwp_Digital_Asset/_OpenAsset Projects/Thailand/THBKK-16-0284 Lucky Living Condo (Celes Asoke) (2)","2","_OpenAsset Projects","Thailand","THBKK-16-0284","Lucky Living Condo (Celes Asoke) (2)","code + name"
"dwp_Digital_Asset/_OpenAsset Projects/Vietnam/VNHCM-11-926 ACB Tower","2","_OpenAsset Projects","Vietnam","VNHCM-11-926","ACB Tower","code + name"
"dwp_Digital_Asset/3D Projects/17-0094 Burasari","2","3D Projects","","17-0094","Burasari","code + name"
"dwp_Digital_Asset/3D Projects/17-0846 Whizdom the Forestias/T2","2","3D Projects","","17-0846","Whizdom the Forestias","code + name"
"dwp_Digital_Asset/3D Projects/21-0078 DH3 S/New folder","2","3D Projects","","21-0078","DH3 S","code + name"
"dwp_Digital_Asset/dwp Projects/ARCHIVED/FileCamp Library/FILECAMP – sample folder/File formats","2","dwp Projects","","","FileCamp Library","name only (unverified, no code)"
"dwp_Digital_Asset/dwp Projects/AUS_ARCHIVED/BaptistCare Narellan","2","dwp Projects","AUS_ARCHIVED","","BaptistCare Narellan","name only (unverified, no code)"
"dwp_Digital_Asset/dwp Projects/AUS_ARCHIVED/Charlestown Carpark Feasibility","2","dwp Projects","AUS_ARCHIVED","","Charlestown Carpark Feasibility","name only (unverified, no code)"
"dwp_Digital_Asset/dwp Projects/AUS_ARCHIVED/City Plan Services for The Diocese of Maitland-Newcastle","2","dwp Projects","AUS_ARCHIVED","","City Plan Services for The Diocese of Maitland-Newcastle","name only (unverified, no code)"
"dwp_Digital_Asset/dwp Projects/AUS_ARCHIVED/Europa on Alma","2","dwp Projects","AUS_ARCHIVED","","Europa on Alma","name only (unverified, no code)"
"dwp_Digital_Asset/dwp Projects/AUS_ARCHIVED/Griffith University Microtechnology Facility","2","dwp Projects","AUS_ARCHIVED","","Griffith University Microtechnology Facility","name only (unverified, no code)"
"dwp_Digital_Asset/dwp Projects/AUS_ARCHIVED/Honeysuckle Masterplan","2","dwp Projects","AUS_ARCHIVED","","Honeysuckle Masterplan","name only (unverified, no code)"
"dwp_Digital_Asset/dwp Projects/AUS_ARCHIVED/Hurstville Civic Centre Masterplan","2","dwp Projects","AUS_ARCHIVED","","Hurstville Civic Centre Masterplan","name only (unverified, no code)"
"dwp_Digital_Asset/dwp Projects/AUS_ARCHIVED/Ivanhoe Estate Masterplan","2","dwp Projects","AUS_ARCHIVED","","Ivanhoe Estate Masterplan","name only (unverified, no code)"
"dwp_Digital_Asset/dwp Projects/AUS_ARCHIVED/Kirton Point Children's Centre","2","dwp Projects","AUS_ARCHIVED","","Kirton Point Children's Centre","name only (unverified, no code)"
"dwp_Digital_Asset/dwp Projects/AUS_ARCHIVED/Oceana, Royal Newcastle Hospital Site Masterplan","2","dwp Projects","AUS_ARCHIVED","","Oceana, Royal Newcastle Hospital Site Masterplan","name only (unverified, no code)"
"dwp_Digital_Asset/dwp Projects/AUS_ARCHIVED/Ultimo TAFE Building Q Automotive Facility","2","dwp Projects","AUS_ARCHIVED","","Ultimo TAFE Building Q Automotive Facility","name only (unverified, no code)"
"dwp_Digital_Asset/dwp Projects/AUS_ARCHIVED/Uniting Parklands","2","dwp Projects","AUS_ARCHIVED","","Uniting Parklands","name only (unverified, no code)"
"dwp_Digital_Asset/dwp Projects/AUS_ARCHIVED/University of Newcastle Innovation Hub","2","dwp Projects","AUS_ARCHIVED","","University of Newcastle Innovation Hub","name only (unverified, no code)"
"dwp_Digital_Asset/dwp Projects/SINGAPORE/13-65133 Tiong Bahru Plaza","2","dwp Projects","SINGAPORE","13-65133","Tiong Bahru Plaza","code + name"
"dwp_Digital_Asset/dwp Projects/THAILAND/Architecture/15-0141 Dinsor Residence","2","dwp Projects","THAILAND","15-0141","Dinsor Residence","code + name"
"dwp_Digital_Asset/dwp Projects/THAILAND/Hospitality/23-0059 Amari Watergate-Drop Off-Lobby","2","dwp Projects","THAILAND","23-0059","Amari Watergate-Drop Off-Lobby","code + name"
"dwp_Digital_Asset/dwp Projects/THAILAND/Hospitality/23-0059 Amari Watergate-Drop Off-Lobby/Low Res","2","dwp Projects","THAILAND","23-0059","Amari Watergate-Drop Off-Lobby","code + name"
"dwp_Digital_Asset/dwp Projects/UAE/Medusa Images/urban & masterplan/Karolkowa, Warsaw, PL","2","dwp Projects","UAE","","Medusa Images","name only (unverified, no code)"
"dwp_Digital_Asset/dwp Projects/UAE/Residential/Meydan","2","dwp Projects","UAE","","Residential","name only (unverified, no code)"
"dwp_Digital_Asset/dwp Projects/VIETNAM/Vietnam/VNHCM-11-926 ACB Tower","2","dwp Projects","VIETNAM","VNHCM-11-926","ACB Tower","code + name"
"dwp_Digital_Asset/Marketing Hub/Marketing Requests/10883M - Where ideas meet intelligence","2","Marketing Hub","","","","no-project (by design)"
"dwp_Digital_Asset/Marketing Hub/Marketing Requests/3Q10TQ - Cloud 11 Site Visit – Progress in Motion","2","Marketing Hub","","","","no-project (by design)"
"dwp_Digital_Asset/Marketing Hub/Marketing Requests/98NGF2 - Gemini 3_ A New Leap in AI Intelligence","2","Marketing Hub","","","","no-project (by design)"
"dwp_Digital_Asset/Marketing Hub/Marketing Requests/ARCA9P - dwp Spearheading Key Developments in Bangkok","2","Marketing Hub","","","","no-project (by design)"
"dwp_Digital_Asset/Marketing Hub/Marketing Requests/ARCAZV - Technology Update #5- ChatGPT V4","2","Marketing Hub","","","","no-project (by design)"
"dwp_Digital_Asset/Marketing Hub/Marketing Requests/ARCJPR - Lunch time in Vietnam","2","Marketing Hub","","","","no-project (by design)"
"dwp_Digital_Asset/Marketing Hub/Marketing Requests/ARCKI2 - Dubai Studio continuing our sustainability journey","2","Marketing Hub","","","","no-project (by design)"
"dwp_Digital_Asset/Marketing Hub/Marketing Requests/M260201 - dwp’s Site Visit to Podomoro City Deli Medan","2","Marketing Hub","","","","no-project (by design)"
"dwp_Digital_Asset/Marketing Hub/Marketing Requests/M260219 - The Studio Floor Has Changed","2","Marketing Hub","","","","no-project (by design)"
"dwp_Digital_Asset/Marketing Hub/Marketing Requests/M260223 - Momentum Towards Launch_ Cloud 11","2","Marketing Hub","","","","no-project (by design)"
"dwp_Digital_Asset/Marketing Hub/Marketing Requests/M260403 - New Project Win _ Vegetexco Hotel, Ha Noi","2","Marketing Hub","","","","no-project (by design)"
"dwp_Digital_Asset/Marketing Hub/Marketing Requests/M260405 - A special evening in Bangkok.","2","Marketing Hub","","","","no-project (by design)"
"dwp_Digital_Asset/Marketing Hub/Marketing Requests/M260410 - CDG Group Office _ Design Finalisation","2","Marketing Hub","","","","no-project (by design)"
"dwp_Digital_Asset/Marketing Hub/Marketing Requests/M260419 - M Kuche Showroom Launch _ Bangkok","2","Marketing Hub","","","","no-project (by design)"
"dwp_Digital_Asset/Marketing Hub/Marketing Requests/M260520 - dwp.projects _ Marriott Riverside Hotel_ Design Progress","2","Marketing Hub","","","","no-project (by design)"
"dwp_Digital_Asset/Marketing Hub/Marketing Requests/M260531 - dwp.shares _ Art, Space, and Icons with Euro Creations","2","Marketing Hub","","","","no-project (by design)"
"dwp_Digital_Asset/Marketing Hub/Marketing Requests/M260532 - dwp.appointments _ LGT Securities Office","2","Marketing Hub","","","","no-project (by design)"
"dwp_Digital_Asset/Marketing Hub/Marketing Requests/M260533 - dwp.appointments _ IHI Corporation Office","2","Marketing Hub","","","","no-project (by design)"
"dwp_Digital_Asset/Marketing Hub/Marketing Requests/M260609 - dwp.shares _ dwp. Thailand's Internship Programme","2","Marketing Hub","","","","no-project (by design)"
"dwp_Digital_Asset/Marketing Hub/Marketing Requests/M260611 - dwp.projects _ United Airlines Office, Suvarnabhumi Airport_ Completion","2","Marketing Hub","","","","no-project (by design)"
"dwp_Digital_Asset/Marketing Hub/Marketing Requests/M260620 - dwp.shares _ Keeping Pace with the Evolving AI Regulatory Landscape at AMCHAM Th","2","Marketing Hub","","","","no-project (by design)"
"dwp_Digital_Asset/Marketing Hub/Marketing Requests/M260625 - dwp.projects _ Starr Office Dusit Central Park_ Site Walk","2","Marketing Hub","","","","no-project (by design)"
"dwp_Digital_Asset/Marketing Hub/Marketing Requests/M260641 - dwp.shares _ Building Connections at AMCHAM Thailand Brew & Buzz","2","Marketing Hub","","","","no-project (by design)"
"dwp_Digital_Asset/Marketing Hub/Marketing Requests/M260642 - dwp.shares _ Building Connections That Shape Better Design at AMCHAM","2","Marketing Hub","","","","no-project (by design)"
"dwp_Digital_Asset/Marketing Hub/Marketing Requests/M260729 - dwp.projects _ Emirates Towers Level 38 Nearing Completion","2","Marketing Hub","","","","no-project (by design)"
"dwp_Digital_Asset/Marketing Hub/Marketing Requests/M260731 - dwp.shares _ Investing in Leadership for the Next Chapter of Growth","2","Marketing Hub","","","","no-project (by design)"
"dwp_Digital_Asset/Marketing Hub/Marketing Requests/M260736 - dwp.appointments _ Shangri-La Bangkok","2","Marketing Hub","","","","no-project (by design)"
"dwp_Digital_Asset/Marketing Hub/Marketing Requests/M260739 - dwp.appointments _ Bangkok Hospital Building D","2","Marketing Hub","","","","no-project (by design)"
"dwp_Digital_Asset/Marketing Hub/Marketing Requests/M260804 - dwp.shares _ Building Capability Beyond AI Adoption","2","Marketing Hub","","","","no-project (by design)"
"dwp_Digital_Asset/Marketing Hub/Marketing Requests/M260805 - dwp.shares _ Holiday Inn Singapore_ Site Inspection","2","Marketing Hub","","","","no-project (by design)"
"dwp_Digital_Asset/Marketing Hub/Marketing Requests/M260817 - dwp.admin _ dwp. Proposal Maker","2","Marketing Hub","","","","no-project (by design)"
"dwp_Digital_Asset/Marketing Hub/Marketing Requests/M260824 - dwp.appointments _ Dai An Urban Area (OCP3)","2","Marketing Hub","","","","no-project (by design)"
"dwp_Digital_Asset/Marketing Hub/Marketing Requests/M260826 - dwp.shares _ Rethinking Building Envelopes at Zak World of Façades Bangkok","2","Marketing Hub","","","","no-project (by design)"
"dwp_Digital_Asset/Marketing Hub/Marketing Requests/M260829 - dwp.shares _ Rethinking Building Envelopes at Zak World of Façades Bangkok","2","Marketing Hub","","","","no-project (by design)"
"dwp_Digital_Asset/Marketing Hub/Marketing Requests/O5STN0 - Plot N06 Update _ Kanyon Luxury Residential Development","2","Marketing Hub","","","","no-project (by design)"
"dwp_Digital_Asset/Portfolio/Global","2","Portfolio","","","","no-project (by design)"
"dwp_Digital_Asset/Proposal/Vietnam","2","Proposal","","","","no-project (by design)"
"dwp_Digital_Asset/_OpenAsset Projects/Australia/0306-04 Pacific Eye Centre","1","_OpenAsset Projects","Australia","0306-04","Pacific Eye Centre","code + name"
"dwp_Digital_Asset/_OpenAsset Projects/Australia/18-0184 Concord Oval Redevelopment","1","_OpenAsset Projects","Australia","18-0184","Concord Oval Redevelopment","code + name"
"dwp_Digital_Asset/_OpenAsset Projects/Australia/403165 - Margaret Cribb Early Learning","1","_OpenAsset Projects","Australia","403165","Margaret Cribb Early Learning","code + name"
"dwp_Digital_Asset/_OpenAsset Projects/Bahrain/BH-10-871 Bang&Olusen Flagship","1","_OpenAsset Projects","Bahrain","BH-10-871","Bang&Olusen Flagship","code + name"
"dwp_Digital_Asset/_OpenAsset Projects/China/VNHCM-09-397 Vina Capital Hospital Vietnam","1","_OpenAsset Projects","China","VNHCM-09-397","Vina Capital Hospital Vietnam","code + name"
"dwp_Digital_Asset/_OpenAsset Projects/Thailand/11-054 Astra Zeneca/THBKK-99-035 New Zealand Embassy","1","_OpenAsset Projects","Thailand","THBKK-99-035","New Zealand Embassy","code + name"
"dwp_Digital_Asset/3D Projects/16-0257 Le Bua Whisky Bar","1","3D Projects","","16-0257","Le Bua Whisky Bar","code + name"
"dwp_Digital_Asset/dwp Projects/_dwp Videos/dwp Marketing Videos","1","dwp Projects","","","","no-project (content bucket)"
"dwp_Digital_Asset/dwp Projects/ARCHIVED/FileCamp Library/COMPANY – sample folder/Brand Assets - Company Inc/Logos","1","dwp Projects","","","FileCamp Library","name only (unverified, no code)"
"dwp_Digital_Asset/dwp Projects/ARCHIVED/FileCamp Library/FILECAMP – sample folder/Logo","1","dwp Projects","","","FileCamp Library","name only (unverified, no code)"
"dwp_Digital_Asset/dwp Projects/AUS_ARCHIVED/Burman Ave Childcare Centre","1","dwp Projects","AUS_ARCHIVED","","Burman Ave Childcare Centre","name only (unverified, no code)"
"dwp_Digital_Asset/dwp Projects/AUS_ARCHIVED/Griffith University Superlab N79 Level 5","1","dwp Projects","AUS_ARCHIVED","","Griffith University Superlab N79 Level 5","name only (unverified, no code)"
"dwp_Digital_Asset/dwp Projects/AUS_ARCHIVED/Marion Children's Centre","1","dwp Projects","AUS_ARCHIVED","","Marion Children's Centre","name only (unverified, no code)"
"dwp_Digital_Asset/dwp Projects/AUS_ARCHIVED/Murray Bridge Children's Centre","1","dwp Projects","AUS_ARCHIVED","","Murray Bridge Children's Centre","name only (unverified, no code)"
"dwp_Digital_Asset/dwp Projects/AUS_ARCHIVED/Oakleigh Recreational Centre Redevelopment","1","dwp Projects","AUS_ARCHIVED","","Oakleigh Recreational Centre Redevelopment","name only (unverified, no code)"
"dwp_Digital_Asset/dwp Projects/AUS_ARCHIVED/University of Southern Queensland Agricultural Science and Engineering Precinct","1","dwp Projects","AUS_ARCHIVED","","University of Southern Queensland Agricultural Science and Engineering Precinct","name only (unverified, no code)"
"dwp_Digital_Asset/dwp Projects/UAE/Medusa Images/urban & masterplan/Central Business District, Bangladesh","1","dwp Projects","UAE","","Medusa Images","name only (unverified, no code)"
"dwp_Digital_Asset/dwp Projects/UAE/Medusa Images/urban & masterplan/Fuzja, Lodz, PL","1","dwp Projects","UAE","","Medusa Images","name only (unverified, no code)"
"dwp_Digital_Asset/dwp Projects/UAE/Medusa Images/urban & masterplan/Sector 3, Bangladesh","1","dwp Projects","UAE","","Medusa Images","name only (unverified, no code)"
"dwp_Digital_Asset/Marketing Hub/Marketing Requests/0A4GRM - Harindhorn Building Achieves LEED® Gold Certification","1","Marketing Hub","","","","no-project (by design)"
"dwp_Digital_Asset/Marketing Hub/Marketing Requests/0EKZQO - Project Milestone_ A Contemporary Vision for Gurudwara Asoke","1","Marketing Hub","","","","no-project (by design)"
"dwp_Digital_Asset/Marketing Hub/Marketing Requests/1NXLWZ - The Cloud 11 New Year Party_ Celebrating Success","1","Marketing Hub","","","","no-project (by design)"
"dwp_Digital_Asset/Marketing Hub/Marketing Requests/36YK8P - Strengthening Industry Connections at TIDA Society 2026","1","Marketing Hub","","","","no-project (by design)"
"dwp_Digital_Asset/Marketing Hub/Marketing Requests/40ZMCR - Lunch & Learn in BKK with FINENESSLAM","1","Marketing Hub","","","","no-project (by design)"
"dwp_Digital_Asset/Marketing Hub/Marketing Requests/5JQDAO - Shaping Enduring Spaces with Purpose","1","Marketing Hub","","","","no-project (by design)"
"dwp_Digital_Asset/Marketing Hub/Marketing Requests/61VQ2I - Lunch & Learn Recap_ TOA _ JOMOO Smart Bathroom Innovations","1","Marketing Hub","","","","no-project (by design)"
"dwp_Digital_Asset/Marketing Hub/Marketing Requests/64BT4R - (Linkedin Share with content)","1","Marketing Hub","","","","no-project (by design)"
"dwp_Digital_Asset/Marketing Hub/Marketing Requests/7ILP7T - (Linkedin Share with content)","1","Marketing Hub","","","","no-project (by design)"
"dwp_Digital_Asset/Marketing Hub/Marketing Requests/7OLXRV - dwp receives Award at the International Design Awards","1","Marketing Hub","","","","no-project (by design)"
"dwp_Digital_Asset/Marketing Hub/Marketing Requests/7OOH01 - The China House_ A Celebration of Craft and Collaboration","1","Marketing Hub","","","","no-project (by design)"
"dwp_Digital_Asset/Marketing Hub/Marketing Requests/7W04LX - Australia in Bangkok - Melbourne Cup Charity Event","1","Marketing Hub","","","","no-project (by design)"
"dwp_Digital_Asset/Marketing Hub/Marketing Requests/A7EZGD - Dubai Studio Christmas Lunch at CLAP","1","Marketing Hub","","","","no-project (by design)"
"dwp_Digital_Asset/Marketing Hub/Marketing Requests/ARC040 - Welcome to dwp Khun Pudty","1","Marketing Hub","","","","no-project (by design)"
"dwp_Digital_Asset/Marketing Hub/Marketing Requests/ARC062 - The Dubai Team Celebrates","1","Marketing Hub","","","","no-project (by design)"
"dwp_Digital_Asset/Marketing Hub/Marketing Requests/ARC0TB - 🎄Merry Christmas 🎄","1","Marketing Hub","","","","no-project (by design)"
"dwp_Digital_Asset/Marketing Hub/Marketing Requests/ARC0Z1 - dwp Shanghai lands prestigious VOCO Hotel Project","1","Marketing Hub","","","","no-project (by design)"
"dwp_Digital_Asset/Marketing Hub/Marketing Requests/ARC136 - Chatbot upgrade","1","Marketing Hub","","","","no-project (by design)"
"dwp_Digital_Asset/Marketing Hub/Marketing Requests/ARC13F - Project Update_ Siam Motors HQ Bangkok","1","Marketing Hub","","","","no-project (by design)"
"dwp_Digital_Asset/Marketing Hub/Marketing Requests/ARC18F - Midjourney updates 5_11.10.2023","1","Marketing Hub","","","","no-project (by design)"
"dwp_Digital_Asset/Marketing Hub/Marketing Requests/ARC18K - Hospitality Thailand Conference 2023_ The Future of Thai Hospitality","1","Marketing Hub","","","","no-project (by design)"
"dwp_Digital_Asset/Marketing Hub/Marketing Requests/ARC1FC - Reminder to VOTE for Sirannin Residence","1","Marketing Hub","","","","no-project (by design)"
"dwp_Digital_Asset/Marketing Hub/Marketing Requests/ARC1MF - Congratulations to Khun Tina on her Promotion 👏","1","Marketing Hub","","","","no-project (by design)"
"dwp_Digital_Asset/Marketing Hub/Marketing Requests/ARC1XP - Project Win - Bumrungrad International Hospital Phuket","1","Marketing Hub","","","","no-project (by design)"
"dwp_Digital_Asset/Marketing Hub/Marketing Requests/ARC21W - Presentation to VPBank chairman and team","1","Marketing Hub","","","","no-project (by design)"
"dwp_Digital_Asset/Marketing Hub/Marketing Requests/ARC2X2 - Should a hotel feel like a home or an aspirational escape from daily life_","1","Marketing Hub","","","","no-project (by design)"
"dwp_Digital_Asset/Marketing Hub/Marketing Requests/ARC30E - Trend or Hype_ Is Pantone's Color of the Year Really Influencing Design","1","Marketing Hub","","","","no-project (by design)"
"dwp_Digital_Asset/Marketing Hub/Marketing Requests/ARC30H - Adriana Recognised at the Design Middle East Awards","1","Marketing Hub","","","","no-project (by design)"
"dwp_Digital_Asset/Marketing Hub/Marketing Requests/ARC30V - dwp _ dubai working to complete multiple projects","1","Marketing Hub","","","","no-project (by design)"
"dwp_Digital_Asset/Marketing Hub/Marketing Requests/ARC3FJ - Adriana Graur discusses the Evolution of Workplace Design in Identity Magazine","1","Marketing Hub","","","","no-project (by design)"
"dwp_Digital_Asset/Marketing Hub/Marketing Requests/ARC3IE - Project Opening_ Voco Hotel, Danang Vietnam","1","Marketing Hub","","","","no-project (by design)"
"dwp_Digital_Asset/Marketing Hub/Marketing Requests/ARC3L7 - FTI Offices featured in Love That Design","1","Marketing Hub","","","","no-project (by design)"
"dwp_Digital_Asset/Marketing Hub/Marketing Requests/ARC3NR - Celebrating Charlie","1","Marketing Hub","","","","no-project (by design)"
"dwp_Digital_Asset/Marketing Hub/Marketing Requests/ARC3YC - dwp _ dubai update_ Final touches at FTI office","1","Marketing Hub","","","","no-project (by design)"
"dwp_Digital_Asset/Marketing Hub/Marketing Requests/ARC4HG - Project Update - dwp’s Marriott Penang Team visits dwp_ Shanghai","1","Marketing Hub","","","","no-project (by design)"
"dwp_Digital_Asset/Marketing Hub/Marketing Requests/ARC4PB - Project Completion - KTC Business Centre","1","Marketing Hub","","","","no-project (by design)"
"dwp_Digital_Asset/Marketing Hub/Marketing Requests/ARC4Q0 - Site Visit - Bumrungrad International Hospital Phuket","1","Marketing Hub","","","","no-project (by design)"
"dwp_Digital_Asset/Marketing Hub/Marketing Requests/ARC523 - Award Nominations Pouring In for our dwp Dubai Team","1","Marketing Hub","","","","no-project (by design)"
"dwp_Digital_Asset/Marketing Hub/Marketing Requests/ARC52P - We Love Art I Creative fun with dwp _ Dubai","1","Marketing Hub","","","","no-project (by design)"
"dwp_Digital_Asset/Marketing Hub/Marketing Requests/ARC544 - Adriana at Dubai Design Week","1","Marketing Hub","","","","no-project (by design)"
"dwp_Digital_Asset/Marketing Hub/Marketing Requests/ARC55A - Happy Halloween","1","Marketing Hub","","","","no-project (by design)"
"dwp_Digital_Asset/Marketing Hub/Marketing Requests/ARC58Y - Technology Update # 2 - Project works launching 1st November","1","Marketing Hub","","","","no-project (by design)"
"dwp_Digital_Asset/Marketing Hub/Marketing Requests/ARC5L2 - Getting ready to party…","1","Marketing Hub","","","","no-project (by design)"
"dwp_Digital_Asset/Marketing Hub/Marketing Requests/ARC5Q7 - Chatrium Grand - Gold Winner 🥇","1","Marketing Hub","","","","no-project (by design)"
"dwp_Digital_Asset/Marketing Hub/Marketing Requests/ARC5X6 - Project Update_ L’Oreal Thailand","1","Marketing Hub","","","","no-project (by design)"
"dwp_Digital_Asset/Marketing Hub/Marketing Requests/ARC5XG - Project update - Hangzhou Club med","1","Marketing Hub","","","","no-project (by design)"
"dwp_Digital_Asset/Marketing Hub/Marketing Requests/ARC5YD - Project win_ dwp lead Shanghai Oriental Riverside Hotel renovation","1","Marketing Hub","","","","no-project (by design)"
"dwp_Digital_Asset/Marketing Hub/Marketing Requests/ARC5ZW - Thomas representing dwp at Hospitality Thailand 2023","1","Marketing Hub","","","","no-project (by design)"
"dwp_Digital_Asset/Marketing Hub/Marketing Requests/ARC615 - photoshop now with ai","1","Marketing Hub","","","","no-project (by design)"
"dwp_Digital_Asset/Marketing Hub/Marketing Requests/ARC62P - Celebrating the Inspirational Women of dwp","1","Marketing Hub","","","","no-project (by design)"
"dwp_Digital_Asset/Marketing Hub/Marketing Requests/ARC6FG - Celebrating dwp's 30th Year with Auspicious Merit Making","1","Marketing Hub","","","","no-project (by design)"
"dwp_Digital_Asset/Marketing Hub/Marketing Requests/ARC6QC - Jasreen invited as speaker on corporate governance","1","Marketing Hub","","","","no-project (by design)"
"dwp_Digital_Asset/Marketing Hub/Marketing Requests/ARC6RY - Danny Engages with Industry Leaders on ESG Trends for 2024","1","Marketing Hub","","","","no-project (by design)"
"dwp_Digital_Asset/Marketing Hub/Marketing Requests/ARC71I - Empty Spaces - Hybrid places","1","Marketing Hub","","","","no-project (by design)"
"dwp_Digital_Asset/Marketing Hub/Marketing Requests/ARC87D - Casting Our Votes for Victory_ Sirannin Residence Nominated for the Internationa","1","Marketing Hub","","","","no-project (by design)"
"dwp_Digital_Asset/Marketing Hub/Marketing Requests/ARC87X - Universal Music Thailand's Vibrant New Home","1","Marketing Hub","","","","no-project (by design)"
"dwp_Digital_Asset/Marketing Hub/Marketing Requests/ARC9NE - Khun Nampet’s exclusive Factory Hansgrohe factory visit in Germany","1","Marketing Hub","","","","no-project (by design)"
"dwp_Digital_Asset/Marketing Hub/Marketing Requests/ARC9YS - Celebrating the Grand Opening of L'Oréal Thailand and South East Asia Office","1","Marketing Hub","","","","no-project (by design)"
"dwp_Digital_Asset/Marketing Hub/Marketing Requests/ARCAFF - Thailand Project update - Porsche Showroom","1","Marketing Hub","","","","no-project (by design)"
"dwp_Digital_Asset/Marketing Hub/Marketing Requests/ARCAL2 - Project Update - Dusit Thani Maldives","1","Marketing Hub","","","","no-project (by design)"
"dwp_Digital_Asset/Marketing Hub/Marketing Requests/ARCAMJ - Project Update_ Aspen Tree Residences by MQDC","1","Marketing Hub","","","","no-project (by design)"
"dwp_Digital_Asset/Marketing Hub/Marketing Requests/ARCB5N - Project Completion - Dusit Thani Maldives Seaplane Lounge","1","Marketing Hub","","","","no-project (by design)"
"dwp_Digital_Asset/Marketing Hub/Marketing Requests/ARCBHB - Projectworks…let the countdown begin","1","Marketing Hub","","","","no-project (by design)"
"dwp_Digital_Asset/Marketing Hub/Marketing Requests/ARCBJF - Site Visit Update_ Marriott Hotel Penang","1","Marketing Hub","","","","no-project (by design)"
"dwp_Digital_Asset/Marketing Hub/Marketing Requests/ARCCDX - Project update - BMW & Mini Ayutthaya","1","Marketing Hub","","","","no-project (by design)"
"dwp_Digital_Asset/Marketing Hub/Marketing Requests/ARCCK4 - Identity Awards are tonight… (to be posted on 15th November 2023)","1","Marketing Hub","","","","no-project (by design)"
"dwp_Digital_Asset/Marketing Hub/Marketing Requests/ARCCPW - Success with SM_ How Client Satisfaction Fuels Our Growth","1","Marketing Hub","","","","no-project (by design)"
"dwp_Digital_Asset/Marketing Hub/Marketing Requests/ARCCVB - Dubai Design Awards","1","Marketing Hub","","","","no-project (by design)"
"dwp_Digital_Asset/Marketing Hub/Marketing Requests/ARCCW3 - Mira Joins Our Dubai Team - Featured in Identity Magazine","1","Marketing Hub","","","","no-project (by design)"
"dwp_Digital_Asset/Marketing Hub/Marketing Requests/ARCCW7 - Project Completion TH_ Kenvue Office (J&J)","1","Marketing Hub","","","","no-project (by design)"
"dwp_Digital_Asset/Marketing Hub/Marketing Requests/ARCCWH - Project win for VN studio!","1","Marketing Hub","","","","no-project (by design)"
"dwp_Digital_Asset/Marketing Hub/Marketing Requests/ARCCXY - STO Product Presentation","1","Marketing Hub","","","","no-project (by design)"
"dwp_Digital_Asset/Marketing Hub/Marketing Requests/ARCDGZ - The Award goes to…dwp _ vietnam","1","Marketing Hub","","","","no-project (by design)"
"dwp_Digital_Asset/Marketing Hub/Marketing Requests/ARCDMV - Technology Update #3 - Filecamp image library","1","Marketing Hub","","","","no-project (by design)"
"dwp_Digital_Asset/Marketing Hub/Marketing Requests/ARCEHK - Be inspired…","1","Marketing Hub","","","","no-project (by design)"
"dwp_Digital_Asset/Marketing Hub/Marketing Requests/ARCELH - Project update_ Chanel KL","1","Marketing Hub","","","","no-project (by design)"
"dwp_Digital_Asset/Marketing Hub/Marketing Requests/ARCF9N - Project Update TH_ The Parkland Ladprao","1","Marketing Hub","","","","no-project (by design)"
"dwp_Digital_Asset/Marketing Hub/Marketing Requests/ARCFFZ - Design Week _ A Recap","1","Marketing Hub","","","","no-project (by design)"
"dwp_Digital_Asset/Marketing Hub/Marketing Requests/ARCFGE - Thomas speaks at Retail Asia Summit","1","Marketing Hub","","","","no-project (by design)"
"dwp_Digital_Asset/Marketing Hub/Marketing Requests/ARCFHY - CID Awards 2023 nominations are in…","1","Marketing Hub","","","","no-project (by design)"
"dwp_Digital_Asset/Marketing Hub/Marketing Requests/ARCFLA - Thomas joins the Material innovation Talk Series","1","Marketing Hub","","","","no-project (by design)"
"dwp_Digital_Asset/Marketing Hub/Marketing Requests/ARCFLM - Last day to cast your vote!!!","1","Marketing Hub","","","","no-project (by design)"
"dwp_Digital_Asset/Marketing Hub/Marketing Requests/ARCFXW - Project Opening - Crowne Plaza Vinh Yen","1","Marketing Hub","","","","no-project (by design)"
"dwp_Digital_Asset/Marketing Hub/Marketing Requests/ARCG2Q - Welcome to dwp Khun Bo","1","Marketing Hub","","","","no-project (by design)"
"dwp_Digital_Asset/Marketing Hub/Marketing Requests/ARCGCJ - Celebrating our Bangkok Interns","1","Marketing Hub","","","","no-project (by design)"
"dwp_Digital_Asset/Marketing Hub/Marketing Requests/ARCGFU - Welcome to dwp Khun Pat","1","Marketing Hub","","","","no-project (by design)"
"dwp_Digital_Asset/Marketing Hub/Marketing Requests/ARCGN0 - Reminder _ Vote for dwp Dubai in Surge Awards (to be posted on Wednesday 6th Nov","1","Marketing Hub","","","","no-project (by design)"
"dwp_Digital_Asset/Marketing Hub/Marketing Requests/ARCGRW - Project Win in Dubai_ Sobha Hartland Villas","1","Marketing Hub","","","","no-project (by design)"
"dwp_Digital_Asset/Marketing Hub/Marketing Requests/ARCHPQ - Future Design Trends - To follow or ignore__","1","Marketing Hub","","","","no-project (by design)"
"dwp_Digital_Asset/Marketing Hub/Marketing Requests/ARCHRP - The future of hotels_ Customized experiences, sustainable practices","1","Marketing Hub","","","","no-project (by design)"
"dwp_Digital_Asset/Marketing Hub/Marketing Requests/ARCHU6 - Mövenpick BDMS Connect Centre Grand Opening","1","Marketing Hub","","","","no-project (by design)"
"dwp_Digital_Asset/Marketing Hub/Marketing Requests/ARCHZA - ai series _ Vietnam Architecture","1","Marketing Hub","","","","no-project (by design)"
"dwp_Digital_Asset/Marketing Hub/Marketing Requests/ARCHZK - English Training for the Thai Studio","1","Marketing Hub","","","","no-project (by design)"
"dwp_Digital_Asset/Marketing Hub/Marketing Requests/ARCI33 - Technology Update No1 _ Hubspot enhanced by Dropcontact","1","Marketing Hub","","","","no-project (by design)"
"dwp_Digital_Asset/Marketing Hub/Marketing Requests/ARCI47 - Project Completion - Universal Music Thailand","1","Marketing Hub","","","","no-project (by design)"
"dwp_Digital_Asset/Marketing Hub/Marketing Requests/ARCIFV - February Birthday Bash at our Bangkok Studio","1","Marketing Hub","","","","no-project (by design)"
"dwp_Digital_Asset/Marketing Hub/Marketing Requests/ARCIJP - Project Win in Dubai_ Omniyat Discovery Centre","1","Marketing Hub","","","","no-project (by design)"
"dwp_Digital_Asset/Marketing Hub/Marketing Requests/ARCIVT - Under Construction_ Bangpakok 1 Hospital","1","Marketing Hub","","","","no-project (by design)"
"dwp_Digital_Asset/Marketing Hub/Marketing Requests/ARCJDV - Welcome to dwp Krishna","1","Marketing Hub","","","","no-project (by design)"
"dwp_Digital_Asset/Marketing Hub/Marketing Requests/ARCJNB - ai series _ Material boards","1","Marketing Hub","","","","no-project (by design)"
"dwp_Digital_Asset/Marketing Hub/Marketing Requests/ARCJV7 - Dubai Studio Project Update_ Amazon T2","1","Marketing Hub","","","","no-project (by design)"
"dwp_Digital_Asset/Marketing Hub/Marketing Requests/ARCK6Z - Projectworks goes live tomorrow (to post on the 31.10.2023)","1","Marketing Hub","","","","no-project (by design)"
"dwp_Digital_Asset/Marketing Hub/Marketing Requests/ARCKE1 - Projectworks is coming…5 days and counting (to post on the 27.10.2023)","1","Marketing Hub","","","","no-project (by design)"
"dwp_Digital_Asset/Marketing Hub/Marketing Requests/ARCKJ3 - Rhoda represents dwp at the Salon of Magic Hotel in China","1","Marketing Hub","","","","no-project (by design)"
"dwp_Digital_Asset/Marketing Hub/Marketing Requests/ARCL5Y - AI training in update","1","Marketing Hub","","","","no-project (by design)"
"dwp_Digital_Asset/Marketing Hub/Marketing Requests/ARCLKV - Bangkok Project Update_ DLA Piper Office","1","Marketing Hub","","","","no-project (by design)"
"dwp_Digital_Asset/Marketing Hub/Marketing Requests/ARCLQ8 - Technology Trends Outlook","1","Marketing Hub","","","","no-project (by design)"
"dwp_Digital_Asset/Marketing Hub/Marketing Requests/ARCMVV - Philippe Stark visits dwp Vietnam","1","Marketing Hub","","","","no-project (by design)"
"dwp_Digital_Asset/Marketing Hub/Marketing Requests/ARCNES - Praise for dwp Philippines","1","Marketing Hub","","","","no-project (by design)"
"dwp_Digital_Asset/Marketing Hub/Marketing Requests/ARCNF3 - Thomas shares key points from SEAHIS 2023","1","Marketing Hub","","","","no-project (by design)"
"dwp_Digital_Asset/Marketing Hub/Marketing Requests/ARCNGE - Quality Management Campaign","1","Marketing Hub","","","","no-project (by design)"
"dwp_Digital_Asset/Marketing Hub/Marketing Requests/ARCNOF - dwp Triumphs with LIV Award","1","Marketing Hub","","","","no-project (by design)"
"dwp_Digital_Asset/Marketing Hub/Marketing Requests/ARCNOM - ai series _ Rembrandt Hotel","1","Marketing Hub","","","","no-project (by design)"
"dwp_Digital_Asset/Marketing Hub/Marketing Requests/ARCODN - Red Carpet_ Xmas event a roaring success","1","Marketing Hub","","","","no-project (by design)"
"dwp_Digital_Asset/Marketing Hub/Marketing Requests/ARCONM - Surge People’s Choice Awards 2023_ Cast Your Vote for Team Dubai!","1","Marketing Hub","","","","no-project (by design)"
"dwp_Digital_Asset/Marketing Hub/Marketing Requests/ARCOYR - Unlock Architectural Wonders_ Explore Heatherwick's Top 5 Books on Design","1","Marketing Hub","","","","no-project (by design)"
"dwp_Digital_Asset/Marketing Hub/Marketing Requests/ARCOZ4 - Khaoyai Private Residence - Silver Winner 🥈","1","Marketing Hub","","","","no-project (by design)"
"dwp_Digital_Asset/Marketing Hub/Marketing Requests/ARCOZW - The Future of Work_ How Generative AI Shapes Industries","1","Marketing Hub","","","","no-project (by design)"
"dwp_Digital_Asset/Marketing Hub/Marketing Requests/ARCP5A - Reimagining the future of financial-services headquarters","1","Marketing Hub","","","","no-project (by design)"
"dwp_Digital_Asset/Marketing Hub/Marketing Requests/ARCPFO - dwp triumphs at the International Property Awards","1","Marketing Hub","","","","no-project (by design)"
"dwp_Digital_Asset/Marketing Hub/Marketing Requests/ARCPNX - ai series _ Synphaet Ransgit","1","Marketing Hub","","","","no-project (by design)"
"dwp_Digital_Asset/Marketing Hub/Marketing Requests/ARCPPL - Revolutionising Design_ How AI Empowers Architects and Designer","1","Marketing Hub","","","","no-project (by design)"
"dwp_Digital_Asset/Marketing Hub/Marketing Requests/ARCQXG - Thomas Guest Jury at University","1","Marketing Hub","","","","no-project (by design)"
"dwp_Digital_Asset/Marketing Hub/Marketing Requests/ARCRA9 - ai series _ hack for ChatGPT","1","Marketing Hub","","","","no-project (by design)"
"dwp_Digital_Asset/Marketing Hub/Marketing Requests/ARCRLA - A message from Archidex in Malaysia","1","Marketing Hub","","","","no-project (by design)"
"dwp_Digital_Asset/Marketing Hub/Marketing Requests/ARCRQY - Welcome to dwp Khun Lookkaew","1","Marketing Hub","","","","no-project (by design)"
"dwp_Digital_Asset/Marketing Hub/Marketing Requests/ARCS6I - Introducing Vizcom_ An Emerging AI Tool for Enhanced Design Rendering","1","Marketing Hub","","","","no-project (by design)"
"dwp_Digital_Asset/Marketing Hub/Marketing Requests/ARCSB0 - Charlie Unveils One Za'abeel (to be posted Tuesday 12th November 2023)","1","Marketing Hub","","","","no-project (by design)"
"dwp_Digital_Asset/Marketing Hub/Marketing Requests/ARCSPY - Navigating Challenges, Strengthening Partnerships_ dwp Manila’s Triumph with SM","1","Marketing Hub","","","","no-project (by design)"
"dwp_Digital_Asset/Marketing Hub/Marketing Requests/ARCTEM - Building the office of the future","1","Marketing Hub","","","","no-project (by design)"
"dwp_Digital_Asset/Marketing Hub/Marketing Requests/ARCTNG - Van and Regis Represent dwp VN at the Prestigious Hoskar Night","1","Marketing Hub","","","","no-project (by design)"
"dwp_Digital_Asset/Marketing Hub/Marketing Requests/ARCUDA - Welcome to dwp Khun Darion","1","Marketing Hub","","","","no-project (by design)"
"dwp_Digital_Asset/Marketing Hub/Marketing Requests/ARCUYK - Elaine attends JLL event in the Philippines","1","Marketing Hub","","","","no-project (by design)"
"dwp_Digital_Asset/Marketing Hub/Marketing Requests/ARCV9V - Title_ dwp's Initiative_ Making Work Fun and Healthy","1","Marketing Hub","","","","no-project (by design)"
"dwp_Digital_Asset/Marketing Hub/Marketing Requests/ARCVW8 - Adriana's Inspiring Journey at the W3 Hospitality Conference in Croatia","1","Marketing Hub","","","","no-project (by design)"
"dwp_Digital_Asset/Marketing Hub/Marketing Requests/ARCW6Z - Project Update - Bangkok’s Moxy Hotel","1","Marketing Hub","","","","no-project (by design)"
"dwp_Digital_Asset/Marketing Hub/Marketing Requests/ARCWDY - 🏆 Dubai team receive WIN Award 🏆","1","Marketing Hub","","","","no-project (by design)"
"dwp_Digital_Asset/Marketing Hub/Marketing Requests/ARCWH1 - Balancing Act_ Navigating the Future of Design with AI","1","Marketing Hub","","","","no-project (by design)"
"dwp_Digital_Asset/Marketing Hub/Marketing Requests/ARCX8C - The results are in…","1","Marketing Hub","","","","no-project (by design)"
"dwp_Digital_Asset/Marketing Hub/Marketing Requests/ARCXFP - ai series _ Dusit Thani Manila","1","Marketing Hub","","","","no-project (by design)"
"dwp_Digital_Asset/Marketing Hub/Marketing Requests/ARCY4Z - A Valentine's Day to Remember!","1","Marketing Hub","","","","no-project (by design)"
"dwp_Digital_Asset/Marketing Hub/Marketing Requests/ARCYD5 - Project Update_ BMW Europa Motor Ratchapruek","1","Marketing Hub","","","","no-project (by design)"
"dwp_Digital_Asset/Marketing Hub/Marketing Requests/ARCYJH - Project Update_ KTC Office B1 in Bangkok","1","Marketing Hub","","","","no-project (by design)"
"dwp_Digital_Asset/Marketing Hub/Marketing Requests/ARCZ5U - Project Update_ Ladawan Private Residence","1","Marketing Hub","","","","no-project (by design)"
"dwp_Digital_Asset/Marketing Hub/Marketing Requests/ARCZH8 - 🎉Happy New Year 🎉","1","Marketing Hub","","","","no-project (by design)"
"dwp_Digital_Asset/Marketing Hub/Marketing Requests/C5ZMTA - (Linkedin Share with content)","1","Marketing Hub","","","","no-project (by design)"
"dwp_Digital_Asset/Marketing Hub/Marketing Requests/CM2DK6 - IT Training Recap_ Intranet clarity + next-gen AI tools","1","Marketing Hub","","","","no-project (by design)"
"dwp_Digital_Asset/Marketing Hub/Marketing Requests/EF0THY - Design Tuesday","1","Marketing Hub","","","","no-project (by design)"
"dwp_Digital_Asset/Marketing Hub/Marketing Requests/EJLU12 - LINKEDIN SHARE","1","Marketing Hub","","","","no-project (by design)"
"dwp_Digital_Asset/Marketing Hub/Marketing Requests/EUBO96 - (Linkedin Share with content)","1","Marketing Hub","","","","no-project (by design)"
"dwp_Digital_Asset/Marketing Hub/Marketing Requests/EVEJV5 - The Executive Council - Floor 11 (Confidential Project Update)","1","Marketing Hub","","","","no-project (by design)"
"dwp_Digital_Asset/Marketing Hub/Marketing Requests/F5R6CD - Bangkok Studio hosts tech start-ups for AI + workflow showcase","1","Marketing Hub","","","","no-project (by design)"
"dwp_Digital_Asset/Marketing Hub/Marketing Requests/FHU8I3 - Designing Longevity_ A Vision for APAC Senior Living","1","Marketing Hub","","","","no-project (by design)"
"dwp_Digital_Asset/Marketing Hub/Marketing Requests/GU2P0L - Porsche Centre Pattaya wins Silver at IDA 2025","1","Marketing Hub","","","","no-project (by design)"
"dwp_Digital_Asset/Marketing Hub/Marketing Requests/HFRKAT - A new chapter for Amari Watergate Bangkok.","1","Marketing Hub","","","","no-project (by design)"
"dwp_Digital_Asset/Marketing Hub/Marketing Requests/I17YUW - Dubai Is Growing _ Join Our Design Journey","1","Marketing Hub","","","","no-project (by design)"
"dwp_Digital_Asset/Marketing Hub/Marketing Requests/J0HY73 - Project Update_ Siriraj Children’s Centre Kick-off","1","Marketing Hub","","","","no-project (by design)"
"dwp_Digital_Asset/Marketing Hub/Marketing Requests/KVBBEZ - Bronze Standard_ dwp Bangkok's Banking Vision","1","Marketing Hub","","","","no-project (by design)"
"dwp_Digital_Asset/Marketing Hub/Marketing Requests/L59HM5 - Vibe Coding .......last days","1","Marketing Hub","","","","no-project (by design)"
"dwp_Digital_Asset/Marketing Hub/Marketing Requests/LA87LW - Ideas shape spaces — and voices shape ideas.","1","Marketing Hub","","","","no-project (by design)"
"dwp_Digital_Asset/Marketing Hub/Marketing Requests/LB5LUL - Design Futures_ Architecture to Watch in 2026","1","Marketing Hub","","","","no-project (by design)"
"dwp_Digital_Asset/Marketing Hub/Marketing Requests/LM4AC0 - LIXIL New Year Greeting 2026","1","Marketing Hub","","","","no-project (by design)"
"dwp_Digital_Asset/Marketing Hub/Marketing Requests/LX34XG - Bangkok Team Connects at IDA Networking Party","1","Marketing Hub","","","","no-project (by design)"
"dwp_Digital_Asset/Marketing Hub/Marketing Requests/M260204 - KCG Site Visit & Material Presentation","1","Marketing Hub","","","","no-project (by design)"
"dwp_Digital_Asset/Marketing Hub/Marketing Requests/M260205 - Site Progress_ Herbert Smith Freehills","1","Marketing Hub","","","","no-project (by design)"
"dwp_Digital_Asset/Marketing Hub/Marketing Requests/M260210 - --","1","Marketing Hub","","","","no-project (by design)"
"dwp_Digital_Asset/Marketing Hub/Marketing Requests/M260214 - Strengthening Regional Ties_ dwp. x TOA","1","Marketing Hub","","","","no-project (by design)"
"dwp_Digital_Asset/Marketing Hub/Marketing Requests/M260216 - Why This Time Is Different","1","Marketing Hub","","","","no-project (by design)"
"dwp_Digital_Asset/Marketing Hub/Marketing Requests/M260217 - Building the Intelligence Layer","1","Marketing Hub","","","","no-project (by design)"
"dwp_Digital_Asset/Marketing Hub/Marketing Requests/M260218 - Simple Elegance in the Age of Generative Design","1","Marketing Hub","","","","no-project (by design)"
"dwp_Digital_Asset/Marketing Hub/Marketing Requests/M260220 - What Clients Should Ask Their Design Partners","1","Marketing Hub","","","","no-project (by design)"
"dwp_Digital_Asset/Marketing Hub/Marketing Requests/M260221 - The Firms That Will Lead the Next Decade","1","Marketing Hub","","","","no-project (by design)"
"dwp_Digital_Asset/Marketing Hub/Marketing Requests/M260301 - Leadership. Momentum. Middle East.","1","Marketing Hub","","","","no-project (by design)"
"dwp_Digital_Asset/Marketing Hub/Marketing Requests/M260302 - On building something worth using","1","Marketing Hub","","","","no-project (by design)"
"dwp_Digital_Asset/Marketing Hub/Marketing Requests/M260303 - Why now — and honestly, why not sooner","1","Marketing Hub","","","","no-project (by design)"
"dwp_Digital_Asset/Marketing Hub/Marketing Requests/M260304 - What actually changes (the good stuff) (#3 - Thursday 12.03.2026)","1","Marketing Hub","","","","no-project (by design)"
"dwp_Digital_Asset/Marketing Hub/Marketing Requests/M260305 - Where this goes — and we are just getting started (#4 - Friday 13.03.2026)","1","Marketing Hub","","","","no-project (by design)"
"dwp_Digital_Asset/Marketing Hub/Marketing Requests/M260306 - Getting up to speed (#2 - Tuesday 10.03.2026)","1","Marketing Hub","","","","no-project (by design)"
"dwp_Digital_Asset/Marketing Hub/Marketing Requests/M260309 - We’re Hiring _ AI Design – Dubai (lead and intermediate)","1","Marketing Hub","","","","no-project (by design)"
"dwp_Digital_Asset/Marketing Hub/Marketing Requests/M260311 - Phuket is entering a new chapter.","1","Marketing Hub","","","","no-project (by design)"
"dwp_Digital_Asset/Marketing Hub/Marketing Requests/M260313 - AI Progress Across dwp._ Weekly Update","1","Marketing Hub","","","","no-project (by design)"
"dwp_Digital_Asset/Marketing Hub/Marketing Requests/M260315 - Build what’s next.","1","Marketing Hub","","","","no-project (by design)"
"dwp_Digital_Asset/Marketing Hub/Marketing Requests/M260316 - Bangkok Team Attends Rockworth Personal Color Workshop 2026","1","Marketing Hub","","","","no-project (by design)"
"dwp_Digital_Asset/Marketing Hub/Marketing Requests/M260317 - Bangkok Team Connects with Healthcare Leaders at AMCHAM","1","Marketing Hub","","","","no-project (by design)"
"dwp_Digital_Asset/Marketing Hub/Marketing Requests/M260318 - Bangkok Workplace Team Visits Herbert Smith Freehills Kramer Site","1","Marketing Hub","","","","no-project (by design)"
"dwp_Digital_Asset/Marketing Hub/Marketing Requests/M260401 - Samitivej Sriracha Ward 10 _ Site Progress Update","1","Marketing Hub","","","","no-project (by design)"
"dwp_Digital_Asset/Marketing Hub/Marketing Requests/M260402 - New Project Win _ Quy Hai Ecotourism Area, Phu Quoc","1","Marketing Hub","","","","no-project (by design)"
"dwp_Digital_Asset/Marketing Hub/Marketing Requests/M260404 - Jim Thompson 75th Anniversary Dinner _ Bangkok","1","Marketing Hub","","","","no-project (by design)"
"dwp_Digital_Asset/Marketing Hub/Marketing Requests/M260406 - We’re hiring _ Creative Director, Bangkok","1","Marketing Hub","","","","no-project (by design)"
"dwp_Digital_Asset/Marketing Hub/Marketing Requests/M260407 - What if every building thought like a hotel_","1","Marketing Hub","","","","no-project (by design)"
"dwp_Digital_Asset/Marketing Hub/Marketing Requests/M260409 - A legacy, redefined.","1","Marketing Hub","","","","no-project (by design)"
"dwp_Digital_Asset/Marketing Hub/Marketing Requests/M260411 - We’re hiring _ Design Director – Workplace, Bangkok","1","Marketing Hub","","","","no-project (by design)"
"dwp_Digital_Asset/Marketing Hub/Marketing Requests/M260414 - Studio Visit _ Bangkok","1","Marketing Hub","","","","no-project (by design)"
"dwp_Digital_Asset/Marketing Hub/Marketing Requests/M260415 - Award Win _ COCO Koh Lon","1","Marketing Hub","","","","no-project (by design)"
"dwp_Digital_Asset/Marketing Hub/Marketing Requests/M260417 - Award Recognition _ Sato San Rooftop Bar, Moxy Bangkok Ratchaprasong","1","Marketing Hub","","","","no-project (by design)"
"dwp_Digital_Asset/Marketing Hub/Marketing Requests/M260420 - Holiday Inn SG _ Furniture Inspection, Guangzhou","1","Marketing Hub","","","","no-project (by design)"
"dwp_Digital_Asset/Marketing Hub/Marketing Requests/M260424 - 25-0158 _ Herbert Smith Freehills Kramer Grand Opening","1","Marketing Hub","","","","no-project (by design)"
"dwp_Digital_Asset/Marketing Hub/Marketing Requests/M260502 - AMCHAM Feature _ Designing with Intelligence","1","Marketing Hub","","","","no-project (by design)"
"dwp_Digital_Asset/Marketing Hub/Marketing Requests/M260504 - Innovation Hub at British International School Phuket","1","Marketing Hub","","","","no-project (by design)"
"dwp_Digital_Asset/Marketing Hub/Marketing Requests/M260505 - Designing Through Change","1","Marketing Hub","","","","no-project (by design)"
"dwp_Digital_Asset/Marketing Hub/Marketing Requests/M260507 - dwp.projects _ Central Watsons Office_ Site Progress","1","Marketing Hub","","","","no-project (by design)"
"dwp_Digital_Asset/Marketing Hub/Marketing Requests/M260509 - Starr Office physical prototype testing _ Bangkok","1","Marketing Hub","","","","no-project (by design)"
"dwp_Digital_Asset/Marketing Hub/Marketing Requests/M260510 - Award Win _ Vikasa Evolution Retreat Phuket","1","Marketing Hub","","","","no-project (by design)"
"dwp_Digital_Asset/Marketing Hub/Marketing Requests/M260511 - Global Collaboration. Local Delivery","1","Marketing Hub","","","","no-project (by design)"
"dwp_Digital_Asset/Marketing Hub/Marketing Requests/M260515 - Vikasa Evolution Retreat Phuket awarded gold at the Rome Design Awards","1","Marketing Hub","","","","no-project (by design)"
"dwp_Digital_Asset/Marketing Hub/Marketing Requests/M260516 - dwp.appointments _ Performing Arts Center for BASIS International School Bangkok","1","Marketing Hub","","","","no-project (by design)"
"dwp_Digital_Asset/Marketing Hub/Marketing Requests/M260521 - dwp. appoints Natapon Akomsoontorn as Chief Executive Officer","1","Marketing Hub","","","","no-project (by design)"
"dwp_Digital_Asset/Marketing Hub/Marketing Requests/M260528 - LINKEDIN SHARE","1","Marketing Hub","","","","no-project (by design)"
"dwp_Digital_Asset/Marketing Hub/Marketing Requests/M260529 - dwp.shares _ Recognizing Design Leadership_ Adriana Graur","1","Marketing Hub","","","","no-project (by design)"
"dwp_Digital_Asset/Marketing Hub/Marketing Requests/M260534 - LINKEDIN SHARE","1","Marketing Hub","","","","no-project (by design)"
"dwp_Digital_Asset/Marketing Hub/Marketing Requests/M260540 - dwp.projects _ LGT Securities Office_ Design Progress","1","Marketing Hub","","","","no-project (by design)"
"dwp_Digital_Asset/Marketing Hub/Marketing Requests/M260541 - dwp.projects _ Bumrungrad International Hospital Phuket_ VMU Inspection","1","Marketing Hub","","","","no-project (by design)"
"dwp_Digital_Asset/Marketing Hub/Marketing Requests/M260606 - dwp.shares _ K. Sarinrath to Moderate Panel at SEAHIS 2026","1","Marketing Hub","","","","no-project (by design)"
"dwp_Digital_Asset/Marketing Hub/Marketing Requests/M260610 - dwp.shares _ K. Sarinrath Moderates SEAHIS 2026","1","Marketing Hub","","","","no-project (by design)"
"dwp_Digital_Asset/Marketing Hub/Marketing Requests/M260614 - dwp.shares _ K. Sarinrath Leads the Dialogue with Hospitality Leaders at SEAHIS","1","Marketing Hub","","","","no-project (by design)"
"dwp_Digital_Asset/Marketing Hub/Marketing Requests/M260615 - dwp.shares _ How the Hospitality Mindset Is Redefining Design","1","Marketing Hub","","","","no-project (by design)"
"dwp_Digital_Asset/Marketing Hub/Marketing Requests/M260619 - dwp.shares _ New dwp. tools for Revit in Bangkok","1","Marketing Hub","","","","no-project (by design)"
"dwp_Digital_Asset/Marketing Hub/Marketing Requests/M260622 - LINKEDIN SHARE","1","Marketing Hub","","","","no-project (by design)"
"dwp_Digital_Asset/Marketing Hub/Marketing Requests/M260623 - dwp.shares _ K. Sarinrath Explores New Value Opportunities in Hospitality Assets","1","Marketing Hub","","","","no-project (by design)"
"dwp_Digital_Asset/Marketing Hub/Marketing Requests/M260635 - dwp.admin _ Attendance Tool Now Supports In-Person Training","1","Marketing Hub","","","","no-project (by design)"
"dwp_Digital_Asset/Marketing Hub/Marketing Requests/M260703 - dwp.appointments _ World Bank Group Selects dwp. for New Bangkok Workplace","1","Marketing Hub","","","","no-project (by design)"
"dwp_Digital_Asset/Marketing Hub/Marketing Requests/M260710 - We Are Growing. Join Us.","1","Marketing Hub","","","","no-project (by design)"
"dwp_Digital_Asset/Marketing Hub/Marketing Requests/M260712 - LINKEDIN SHARE","1","Marketing Hub","","","","no-project (by design)"
"dwp_Digital_Asset/Marketing Hub/Marketing Requests/M260713 - LINKEDIN SHARE","1","Marketing Hub","","","","no-project (by design)"
"dwp_Digital_Asset/Marketing Hub/Marketing Requests/M260714 - Welcoming Claudio Mura as General Manager, dwp. Bangkok","1","Marketing Hub","","","","no-project (by design)"
"dwp_Digital_Asset/Marketing Hub/Marketing Requests/M260716 - dwp.awards _ Vikasa Evolution Retreat Wins at the DNA Paris Design Awards 2026","1","Marketing Hub","","","","no-project (by design)"
"dwp_Digital_Asset/Marketing Hub/Marketing Requests/M260717 - dwp.shares _ Exploring the Future of Boutique Hospitality at the Boutique Assemb","1","Marketing Hub","","","","no-project (by design)"
"dwp_Digital_Asset/Marketing Hub/Marketing Requests/M260719 - dwp.projects _ United Airlines Office at Suvarnabhumi Airport Bangkok_ Deliverin","1","Marketing Hub","","","","no-project (by design)"
"dwp_Digital_Asset/Marketing Hub/Marketing Requests/M260726 - LINKEDIN SHARE","1","Marketing Hub","","","","no-project (by design)"
"dwp_Digital_Asset/Marketing Hub/Marketing Requests/M260727 - LINKEDIN SHARE","1","Marketing Hub","","","","no-project (by design)"
"dwp_Digital_Asset/Marketing Hub/Marketing Requests/M260728 - dwp.projects _ L'Oréal Middle East UAE Headquarters_ From Vision to Reality","1","Marketing Hub","","","","no-project (by design)"
"dwp_Digital_Asset/Marketing Hub/Marketing Requests/M260730 - dwp.projects _ INFORMA Riyadh_ Delivering a Third Consecutive Workplace Together","1","Marketing Hub","","","","no-project (by design)"
"dwp_Digital_Asset/Marketing Hub/Marketing Requests/M260737 - dwp.shares _ Strengthening Our Sustainability Expertise with EDGE & LEED Certifi","1","Marketing Hub","","","","no-project (by design)"
"dwp_Digital_Asset/Marketing Hub/Marketing Requests/M260807 - dwp shares _ Boutique is no longer a category. It is an expectation.","1","Marketing Hub","","","","no-project (by design)"
"dwp_Digital_Asset/Marketing Hub/Marketing Requests/M260808 - dwp.shares _ dwp.panda is Live","1","Marketing Hub","","","","no-project (by design)"
"dwp_Digital_Asset/Marketing Hub/Marketing Requests/M260811 - dwp.awards _ Bumrungrad International Hospital Phuket_ Designing an Internationa","1","Marketing Hub","","","","no-project (by design)"
"dwp_Digital_Asset/Marketing Hub/Marketing Requests/M260814 - LINKEDIN SHARE","1","Marketing Hub","","","","no-project (by design)"
"dwp_Digital_Asset/Marketing Hub/Marketing Requests/M260815 - dwp.awards _ Bumrungrad International Hospital Phuket_ Award Winner","1","Marketing Hub","","","","no-project (by design)"
"dwp_Digital_Asset/Marketing Hub/Marketing Requests/M260818 - dwp.announcements _ Edison Xie Hongtao","1","Marketing Hub","","","","no-project (by design)"
"dwp_Digital_Asset/Marketing Hub/Marketing Requests/M260819 - dwp.appointments _ Vu Yen Sales Gallery and Show Units","1","Marketing Hub","","","","no-project (by design)"
"dwp_Digital_Asset/Marketing Hub/Marketing Requests/M260821 - dwp.appointment _ HH04 Office Tower Co Loa","1","Marketing Hub","","","","no-project (by design)"
"dwp_Digital_Asset/Marketing Hub/Marketing Requests/M260822 - dwp.appointments _ HH-04 Office Tower Co Loa","1","Marketing Hub","","","","no-project (by design)"
"dwp_Digital_Asset/Marketing Hub/Marketing Requests/M260823 - dwp.appointments _ Skybridge Bình Duong","1","Marketing Hub","","","","no-project (by design)"
"dwp_Digital_Asset/Marketing Hub/Marketing Requests/M260825 - dwp.shares _ The Boutique Assembly, Bangkok","1","Marketing Hub","","","","no-project (by design)"
"dwp_Digital_Asset/Marketing Hub/Marketing Requests/M260827 - dwp.admin _ dwp.dam - Our Internal Asset Manager","1","Marketing Hub","","","","no-project (by design)"
"dwp_Digital_Asset/Marketing Hub/Marketing Requests/M260828 - dwp.admin _ dwp. workspace Replaces Projectworks","1","Marketing Hub","","","","no-project (by design)"
"dwp_Digital_Asset/Marketing Hub/Marketing Requests/M260830 - dwp.shares _ Federico Puggioni's Visit to dwp. Bangkok","1","Marketing Hub","","","","no-project (by design)"
"dwp_Digital_Asset/Marketing Hub/Marketing Requests/M260832 - dwp.recruit _ Project Manager in Ho Chi Minh City","1","Marketing Hub","","","","no-project (by design)"
"dwp_Digital_Asset/Marketing Hub/Marketing Requests/M260833 - dwp.recruit _ Project Manager in Ho Chi Minh City","1","Marketing Hub","","","","no-project (by design)"
"dwp_Digital_Asset/Marketing Hub/Marketing Requests/M260905 - dwp.shares _ Global Hospitality Talk 2026 in Bangkok","1","Marketing Hub","","","","no-project (by design)"
"dwp_Digital_Asset/Marketing Hub/Marketing Requests/M260906 - dwp.shares _ Global Hospitality Talk 2026 in Bangkok","1","Marketing Hub","","","","no-project (by design)"
"dwp_Digital_Asset/Marketing Hub/Marketing Requests/M260908 - LINKEDIN SHARE","1","Marketing Hub","","","","no-project (by design)"
"dwp_Digital_Asset/Marketing Hub/Marketing Requests/M260909 - LINKEDIN SHARE","1","Marketing Hub","","","","no-project (by design)"
"dwp_Digital_Asset/Marketing Hub/Marketing Requests/M260911 - LINKEDIN SHARE","1","Marketing Hub","","","","no-project (by design)"
"dwp_Digital_Asset/Marketing Hub/Marketing Requests/M260914 - dwp.recruit _ dwp. Bangkok is growing","1","Marketing Hub","","","","no-project (by design)"
"dwp_Digital_Asset/Marketing Hub/Marketing Requests/M260915 - dwp.recruit _ dwp. Bangkok is growing","1","Marketing Hub","","","","no-project (by design)"
"dwp_Digital_Asset/Marketing Hub/Marketing Requests/M260918 - dwp.shares _ Designing Distinctive Hospitality Experiences with Claudio Mura","1","Marketing Hub","","","","no-project (by design)"
"dwp_Digital_Asset/Marketing Hub/Marketing Requests/M260920 - dwp.shares _ Technology Transforming Hotel Energy & Design at PHIST 2026","1","Marketing Hub","","","","no-project (by design)"
"dwp_Digital_Asset/Marketing Hub/Marketing Requests/M260921 - dwp.shares _ Technology Transforming Hotel Energy & Design at PHIST 2026","1","Marketing Hub","","","","no-project (by design)"
"dwp_Digital_Asset/Marketing Hub/Marketing Requests/M260922 - dwp.shares _ Shortlisted at CID MENA Awards 2026","1","Marketing Hub","","","","no-project (by design)"
"dwp_Digital_Asset/Marketing Hub/Marketing Requests/M260923 - dwp.shares _ Shortlisted at CID MENA Awards 2026","1","Marketing Hub","","","","no-project (by design)"
"dwp_Digital_Asset/Marketing Hub/Marketing Requests/M260924 - dwp.projects _ The Future of Work is More Than Desks at the PUNN Intelligent Off","1","Marketing Hub","","","","no-project (by design)"
"dwp_Digital_Asset/Marketing Hub/Marketing Requests/M260926 - dwp.shares _ Shortlisted at CID MENA Awards 2026","1","Marketing Hub","","","","no-project (by design)"
"dwp_Digital_Asset/Marketing Hub/Marketing Requests/M260927 - dwp.recruit _ Studio Director in Ho Chi Minh City","1","Marketing Hub","","","","no-project (by design)"
"dwp_Digital_Asset/Marketing Hub/Marketing Requests/M260928 - dwp.recruit _ Studio Director in Ho Chi Minh City","1","Marketing Hub","","","","no-project (by design)"
"dwp_Digital_Asset/Marketing Hub/Marketing Requests/M260931 - LINKEDIN SHARE","1","Marketing Hub","","","","no-project (by design)"
"dwp_Digital_Asset/Marketing Hub/Marketing Requests/M260932 - LINKEDIN SHARE","1","Marketing Hub","","","","no-project (by design)"
"dwp_Digital_Asset/Marketing Hub/Marketing Requests/M260933 - dwp.shares _ Ora Experience Gallery shortlisted at CID Awards 2026","1","Marketing Hub","","","","no-project (by design)"
"dwp_Digital_Asset/Marketing Hub/Marketing Requests/M260934 - dwp.shares _ Ora Experience Gallery shortlisted for CID Award","1","Marketing Hub","","","","no-project (by design)"
"dwp_Digital_Asset/Marketing Hub/Marketing Requests/M260935 - dwp.awards _ Club Med Hangzhou Longwu Resort wins Platinum","1","Marketing Hub","","","","no-project (by design)"
"dwp_Digital_Asset/Marketing Hub/Marketing Requests/M260937 - dwp.awards _ L'Oréal Dubai Shortlisted at CID MENA Awards 2026","1","Marketing Hub","","","","no-project (by design)"
"dwp_Digital_Asset/Marketing Hub/Marketing Requests/M260938 - dwp.awards _ L'Oréal Dubai Shortlisted at CID MENA Awards 2026","1","Marketing Hub","","","","no-project (by design)"
"dwp_Digital_Asset/Marketing Hub/Marketing Requests/M260939 - dwp.awards _ Celebrating the Next Generation of Design Talent with Mallika and K","1","Marketing Hub","","","","no-project (by design)"
"dwp_Digital_Asset/Marketing Hub/Marketing Requests/M260940 - dwp.awards _ Celebrating the Next Generation of Design Talent with Mallika and K","1","Marketing Hub","","","","no-project (by design)"
"dwp_Digital_Asset/Marketing Hub/Marketing Requests/M260941 - dwp.awards _ Recognising Adahara Behind the Work","1","Marketing Hub","","","","no-project (by design)"
"dwp_Digital_Asset/Marketing Hub/Marketing Requests/M260942 - dwp.awards _ Recognising Adahara Behind the Work","1","Marketing Hub","","","","no-project (by design)"
"dwp_Digital_Asset/Marketing Hub/Marketing Requests/M260943 - dwp.shares _ Designing Smarter Hospitality","1","Marketing Hub","","","","no-project (by design)"
"dwp_Digital_Asset/Marketing Hub/Marketing Requests/M260946 - dwp.awards _ dwp. shortlisted as design firm of the year at CID Awards 2026","1","Marketing Hub","","","","no-project (by design)"
"dwp_Digital_Asset/Marketing Hub/Marketing Requests/M260947 - dwp.awards _ dwp. Shortlisted as Design Firm of the Year at CID Awards 2026","1","Marketing Hub","","","","no-project (by design)"
"dwp_Digital_Asset/Marketing Hub/Marketing Requests/M9XGD6 - LINKEDIN SHARE","1","Marketing Hub","","","","no-project (by design)"
"dwp_Digital_Asset/Marketing Hub/Marketing Requests/MT066D - Where intelligence meets intention.","1","Marketing Hub","","","","no-project (by design)"
"dwp_Digital_Asset/Marketing Hub/Marketing Requests/O0OMVB - Marriott Montien Riverside Kick-off Meeting","1","Marketing Hub","","","","no-project (by design)"
"dwp_Digital_Asset/Marketing Hub/Marketing Requests/PQ6KHA - LINKEDIN SHARE","1","Marketing Hub","","","","no-project (by design)"
"dwp_Digital_Asset/Marketing Hub/Marketing Requests/T4XOF3 - LINKEDIN SHARE","1","Marketing Hub","","","","no-project (by design)"
"dwp_Digital_Asset/Marketing Hub/Marketing Requests/T87TZZ - LINKEDIN SHARE","1","Marketing Hub","","","","no-project (by design)"
"dwp_Digital_Asset/Marketing Hub/Marketing Requests/VUZLCE - Bangkok Studio Closing the Year in Colour","1","Marketing Hub","","","","no-project (by design)"
"dwp_Digital_Asset/Marketing Hub/Marketing Requests/VWMC7K - Exploring the future of sustainable design in Phuket.","1","Marketing Hub","","","","no-project (by design)"
"dwp_Digital_Asset/Marketing Hub/Marketing Requests/W4D2WT - Lunch & Learn - Workscape","1","Marketing Hub","","","","no-project (by design)"
"dwp_Digital_Asset/Marketing Hub/Marketing Requests/X23NO8 - Cloud 11 Site Visit_ Preparing for the Final Phase","1","Marketing Hub","","","","no-project (by design)"
"dwp_Digital_Asset/Marketing Hub/Marketing Requests/X3E7BR - Reflection & forward momentum — Khun Bird at AustCham","1","Marketing Hub","","","","no-project (by design)"
"dwp_Digital_Asset/Marketing Hub/Marketing Requests/ZYAX47 - LINKEDIN SHARE","1","Marketing Hub","","","","no-project (by design)"