tag,uses,classification
"lifestyle",16081,"already modelled: sector"
"urban high-dense",15203,"describes the asset"
"apac",13108,"already modelled: studio"
"australia",12281,"already modelled: studio"
"workplace",10114,"already modelled: sector"
"community",9843,"already modelled: sector"
"corporate",9673,"already modelled: sector"
"biophilic design",8919,"describes the asset"
"regional office",8320,"already modelled: sector"
"natural daylight",7678,"describes the asset"
"contemporary luxury",7292,"describes the asset"
"warm neutral",6756,"describes the asset"
"cove lighting",6106,"describes the asset"
"bangkok",6040,"already modelled: studio"
"creative studio",5350,"already modelled: sector"
"hospitality",5028,"already modelled: sector"
"recessed spotlights",4983,"describes the asset"
"retail & leisure",4809,"already modelled: sector"
"residential",4681,"already modelled: sector"
"institutional standard",4324,"describes the asset"
"boutique & lifestyle",4228,"already modelled: sector"
"advanced 3d visualisation",4141,"describes the asset"
"civic & cultural",4106,"already modelled: sector"
"exterior facade",3985,"describes the asset"
"floor-to-ceiling windows",3921,"describes the asset"
"high-rise residential",3876,"already modelled: sector"
"minimalist",3669,"describes the asset"
"public realm",3605,"already modelled: sector"
"education",3499,"already modelled: sector"
"tech & innovation hub",3476,"already modelled: sector"
"contemporary corporate",3142,"describes the asset"
"global hq",3050,"already modelled: sector"
"food & beverage",2881,"already modelled: sector"
"healthcare",2877,"already modelled: sector"
"contemporary",2830,"describes the asset"
"urban business hotel",2807,"already modelled: sector"
"smart building",2660,"describes the asset"
"biophilic modernism",2647,"describes the asset"
"patient-centric facility",2638,"already modelled: sector"
"experiential retail",2635,"already modelled: sector"
"luxury resort",2609,"already modelled: sector"
"singapore",2605,"already modelled: studio"
"medical center",2498,"already modelled: sector"
"showflat",2435,"already modelled: sector"
"learning commons",2338,"already modelled: sector"
"community center",2290,"already modelled: sector"
"recessed downlights",2230,"describes the asset"
"branded residences",2190,"already modelled: sector"
"higher ed campus",2093,"already modelled: sector"
"flagship store",2075,"already modelled: sector"
"mixed-use precinct",2075,"already modelled: sector"
"sydney",2070,"describes the asset"
"linear led lighting",2036,"describes the asset"
"student hub",2004,"already modelled: sector"
"fitness & sports club",1992,"already modelled: sector"
"cafe & lounge",1908,"already modelled: sector"
"financial services",1902,"already modelled: sector"
"timber flooring",1842,"describes the asset"
"modern minimalist",1820,"describes the asset"
"specialized clinic",1801,"already modelled: sector"
"k-12 school",1763,"already modelled: sector"
"coastal",1749,"describes the asset"
"contemporary institutional",1721,"describes the asset"
"contemporary workplace",1662,"describes the asset"
"pendant lighting",1472,"describes the asset"
"functional minimalist",1457,"describes the asset"
"global flagship",1453,"describes the asset"
"all-day dining",1432,"already modelled: sector"
"entertainment hub",1418,"already modelled: sector"
"double-height ceiling",1413,"describes the asset"
"glass balustrade",1348,"describes the asset"
"acoustic ceiling tiles",1340,"describes the asset"
"approved",1321,"describes the asset"
"warm minimalist",1276,"describes the asset"
"fine dining",1267,"already modelled: sector"
"carpet flooring",1232,"describes the asset"
"super-luxury villas",1230,"already modelled: sector"
"industrial chic",1229,"describes the asset"
"destination bar",1209,"already modelled: sector"
"utilitarian",1163,"describes the asset"
"functional",1146,"describes the asset"
"tropical waterfront",1138,"describes the asset"
"bright and airy",1128,"describes the asset"
"carpet tile flooring",1109,"describes the asset"
"contemporary civic",1088,"describes the asset"
"historic fabric",1056,"describes the asset"
"open plan office",1038,"describes the asset"
"city skyline view",975,"describes the asset"
"floor-to-ceiling glazing",974,"describes the asset"
"executive approved",972,"describes the asset"
"modern hospitality",964,"describes the asset"
"vinyl flooring",941,"describes the asset"
"request",929,"describes the asset"
"contemporary minimalist",928,"describes the asset"
"reception desk",925,"describes the asset"
"glass partition wall",914,"describes the asset"
"recessed ceiling spotlights",884,"describes the asset"
"modern commercial",825,"describes the asset"
"curtain wall glazing",812,"describes the asset"
"wellness spa",800,"already modelled: sector"
"contemporary commercial",796,"describes the asset"
"brand activation",779,"describes the asset"
"corrugated metal cladding",770,"describes the asset"
"industrial modern",770,"describes the asset"
"glass curtain wall",756,"describes the asset"
"exposed ceiling",755,"describes the asset"
"timber wall cladding",749,"describes the asset"
"contemporary modern",745,"describes the asset"
"serviced apartments",732,"already modelled: sector"
"timber cladding",731,"describes the asset"
"contemporary healthcare",730,"describes the asset"
"glass partition",696,"describes the asset"
"exhibition space",695,"already modelled: sector"
"functional modern",686,"describes the asset"
"recessed ceiling lights",684,"describes the asset"
"ergonomic task chairs",673,"describes the asset"
"sheer curtains",670,"describes the asset"
"meeting room",665,"describes the asset"
"timber wall paneling",661,"describes the asset"
"clerestory windows",656,"describes the asset"
"mena",648,"already modelled: studio"
"reception lounge",645,"describes the asset"
"polished concrete floor",645,"describes the asset"
"open plan layout",619,"describes the asset"
"staff & culture",617,"describes the asset"
"clean lines",616,"describes the asset"
"hong kong",604,"already modelled: studio"
"functionalist",596,"describes the asset"
"timber wall panelling",595,"describes the asset"
"contemporary hospitality",589,"describes the asset"
"reception lobby",582,"describes the asset"
"breakout lounge",574,"describes the asset"
"banquette seating",553,"describes the asset"
"event typology",550,"describes the asset"
"functional modernist",547,"describes the asset"
"sliding glass doors",542,"describes the asset"
"wood paneling",541,"describes the asset"
"track lighting",540,"describes the asset"
"executive boardroom",535,"describes the asset"
"opulent",529,"describes the asset"
"flexible workspace",526,"already modelled: sector"
"research lab",525,"already modelled: sector"
"clean modern",521,"describes the asset"
"patterned carpet",519,"describes the asset"
"marble flooring",519,"describes the asset"
"casual environmental",516,"describes the asset"
"boardroom table",513,"describes the asset"
"high ceiling",513,"describes the asset"
"illuminated signage",506,"describes the asset"
"bar stools",502,"describes the asset"
"modernist",501,"describes the asset"
"clear blue sky",500,"describes the asset"
"portrait style variant",500,"describes the asset"
"concrete pathway",496,"describes the asset"
"living room",494,"describes the asset"
"timber slats",487,"describes the asset"
"light wood flooring",483,"describes the asset"
"cantilevered canopy",482,"describes the asset"
"tropical modernism",474,"describes the asset"
"co-living",473,"already modelled: sector"
"dubai",472,"already modelled: studio"
"wayfinding signage",470,"describes the asset"
"contemporary retail",467,"describes the asset"
"bar counter",467,"describes the asset"
"timber decking",463,"describes the asset"
"eco-lodge",461,"already modelled: sector"
"clean minimalist",453,"describes the asset"
"glazed facade",453,"describes the asset"
"co-working",452,"already modelled: sector"
"client networking",445,"describes the asset"
"contemporary educational",440,"describes the asset"
"corporate modern",432,"describes the asset"
"frosted glass partition",429,"describes the asset"
"floor-to-ceiling glass facade",426,"describes the asset"
"institutional",423,"describes the asset"
"tiled flooring",415,"describes the asset"
"archived",412,"describes the asset"
"geometric",411,"describes the asset"
"vibrant modern",408,"describes the asset"
"uk & europe",405,"describes the asset"
"sleek modern",403,"describes the asset"
"wood flooring",402,"describes the asset"
"modern corporate",402,"describes the asset"
"hotel lobby",402,"describes the asset"
"playful modern",399,"describes the asset"
"modern elegance",396,"describes the asset"
"adelaide",385,"describes the asset"
"palm trees",384,"describes the asset"
"recessed fluorescent lighting",383,"describes the asset"
"brass accents",380,"describes the asset"
"natural daylighting",379,"describes the asset"
"geometric modernism",372,"describes the asset"
"scandinavian modern",371,"describes the asset"
"monochromatic",369,"describes the asset"
"sophisticated",369,"describes the asset"
"elevator lobby",368,"describes the asset"
"warm contemporary",367,"describes the asset"
"organic modernism",365,"describes the asset"
"timber slatted ceiling",365,"describes the asset"
"futuristic",360,"describes the asset"
"master bedroom",360,"describes the asset"
"neutral palette",355,"describes the asset"
"panoramic city view",354,"describes the asset"
"contemporary industrial",354,"describes the asset"
"modern luxury",353,"describes the asset"
"wellness retreat",350,"already modelled: sector"
"open plan workstation",349,"describes the asset"
"upholstered dining chairs",349,"describes the asset"
"industrial",347,"describes the asset"
"organic modern",346,"describes the asset"
"executive club",345,"already modelled: sector"
"curved facade",343,"describes the asset"
"floor-to-ceiling glass",342,"describes the asset"
"armchairs",340,"describes the asset"
"structural expressionism",337,"describes the asset"
"hardwood flooring",337,"describes the asset"
"large windows",335,"describes the asset"
"refined elegance",332,"describes the asset"
"crystal chandelier",332,"describes the asset"
"reception counter",329,"describes the asset"
"landscaped lawn",328,"describes the asset"
"clinical",324,"describes the asset"
"polished marble floor",318,"describes the asset"
"covered walkway",318,"describes the asset"
"indoor swimming pool",317,"describes the asset"
"terrazzo floor",314,"describes the asset"
"studio at work",314,"describes the asset"
"utilitarian modern",312,"describes the asset"
"potted plants",311,"describes the asset"
"modern institutional",306,"describes the asset"
"aerial view",304,"describes the asset"
"glass partitions",304,"describes the asset"
"contemporary urban",303,"describes the asset"
"sleek minimalist",299,"describes the asset"
"herringbone timber flooring",297,"describes the asset"
"acoustic wall panels",296,"describes the asset"
"hotel lobby lounge",295,"describes the asset"
"recessed ceiling lighting",294,"describes the asset"
"wall sconces",294,"describes the asset"
"lounge seating area",293,"describes the asset"
"terrazzo flooring",292,"describes the asset"
"modern functional",290,"describes the asset"
"modern civic",288,"describes the asset"
"sculptural modernism",287,"describes the asset"
"lounge seating",286,"describes the asset"
"hotel guestroom",285,"describes the asset"
"contemporary coastal",285,"describes the asset"
"warm ambient",283,"describes the asset"
"stainless steel handrail",278,"describes the asset"
"museum",277,"already modelled: sector"
"minimalist luxury",276,"describes the asset"
"modern classic",275,"describes the asset"
"sleek",274,"describes the asset"
"industrial minimalist",272,"describes the asset"
"modern workplace",271,"describes the asset"
"automotive showroom",270,"describes the asset"
"indoor potted plants",269,"describes the asset"
"track spotlights",268,"describes the asset"
"institutional modern",266,"describes the asset"
"warm lighting",265,"describes the asset"
"exposed ceiling ductwork",265,"describes the asset"
"sleek corporate",265,"describes the asset"
"corridor",263,"describes the asset"
"curved reception counter",262,"describes the asset"
"exposed ductwork",262,"describes the asset"
"coffered ceiling",262,"describes the asset"
"ambient lighting",261,"describes the asset"
"workshop",260,"describes the asset"
"moody elegance",259,"describes the asset"
"patterned carpet tile",257,"describes the asset"
"curved glass partition",255,"describes the asset"
"upholstered headboard",254,"describes the asset"
"open plan workstations",252,"describes the asset"
"area rug",251,"describes the asset"
"modern professional",250,"describes the asset"
"freestanding bathtub",250,"describes the asset"
"recessed troffer lighting",249,"describes the asset"
"marble coffee table",249,"describes the asset"
"commercial modern",249,"describes the asset"
"civic modernism",248,"describes the asset"
"modern educational",248,"describes the asset"
"functional modernism",248,"describes the asset"
"wood wall paneling",247,"describes the asset"
"adaptive reuse",247,"describes the asset"
"modern industrial",247,"describes the asset"
"dusk lighting",246,"describes the asset"
"vibrant accents",246,"describes the asset"
"collaborative",246,"describes the asset"
"carpet tiles",244,"describes the asset"
"ribbon windows",243,"describes the asset"
"polished marble flooring",243,"describes the asset"
"biophilic accents",243,"describes the asset"
"social content format",242,"describes the asset"
"restaurant dining area",242,"describes the asset"
"curved reception desk",242,"describes the asset"
"indoor potted plant",241,"describes the asset"
"vibrant accent",240,"describes the asset"
"glazed curtain wall",239,"describes the asset"
"contemporary office",239,"describes the asset"
"on-site context",238,"describes the asset"
"brick cladding",237,"describes the asset"
"award winner",237,"describes the asset"
"interior design",236,"describes the asset"
"indoor aquatic center",235,"describes the asset"
"modern residential",233,"describes the asset"
"table lamp",233,"describes the asset"
"functional contemporary",232,"describes the asset"
"acoustic ceiling panels",232,"describes the asset"
"exposed steel trusses",229,"describes the asset"
"fluorescent troffer lighting",228,"describes the asset"
"glass balustrades",227,"describes the asset"
"manicured lawn",225,"describes the asset"
"textured wallpaper",224,"describes the asset"
"dining room",224,"describes the asset"
"breakout area",223,"describes the asset"
"contemporary minimalism",223,"describes the asset"
"recessed linear lighting",222,"describes the asset"
"hotel guest room",221,"describes the asset"
"leather armchairs",221,"describes the asset"
"warm modern",221,"describes the asset"
"concrete columns",221,"describes the asset"
"cladding panels",220,"describes the asset"
"acoustic tile ceiling",220,"describes the asset"
"minimalist modern",220,"describes the asset"
"marble tile floor",219,"describes the asset"
"warm modernism",219,"describes the asset"
"marble wall cladding",219,"describes the asset"
"press featured",218,"describes the asset"
"art deco inspired",218,"describes the asset"
"swimming pool",218,"describes the asset"
"patterned area rug",216,"describes the asset"
"polished floor tiles",216,"describes the asset"
"dynamic",215,"describes the asset"
"ocean view",215,"describes the asset"
"industrial contemporary",213,"describes the asset"
"warm timber",210,"describes the asset"
"functional corporate",209,"describes the asset"
"lap pool",209,"describes the asset"
"clinical modern",207,"describes the asset"
"sculptural chandelier",207,"describes the asset"
"marble feature wall",206,"describes the asset"
"hospital bed",205,"describes the asset"
"native landscaping",204,"describes the asset"
"marble dining table",203,"describes the asset"
"studio anniversary",201,"describes the asset"
"speakeasy",201,"already modelled: sector"
"timber ceiling slats",201,"describes the asset"
"mesh task chairs",200,"describes the asset"
"water feature",199,"describes the asset"
"high-tech architecture",199,"describes the asset"
"recessed lighting",199,"describes the asset"
"tropical modern",199,"describes the asset"
"biophilic",198,"describes the asset"
"double-height atrium",197,"describes the asset"
"metal cladding",197,"describes the asset"
"curved bar counter",196,"describes the asset"
"roller blinds",196,"describes the asset"
"recessed cove lighting",196,"describes the asset"
"exposed concrete ceiling",195,"describes the asset"
"buffet counter",194,"describes the asset"
"functional healthcare",194,"describes the asset"
"glamorous",193,"describes the asset"
"marble tile flooring",192,"describes the asset"
"curved glass facade",192,"describes the asset"
"meeting table",190,"describes the asset"
"vertical louvers",190,"describes the asset"
"stainless steel handrails",189,"describes the asset"
"building entrance",188,"describes the asset"
"executive lounge",188,"describes the asset"
"sun loungers",187,"describes the asset"
"lush landscaping",187,"describes the asset"
"canopy structure",187,"describes the asset"
"large format floor tiles",187,"describes the asset"
"signage lettering",187,"describes the asset"
"linear pendant light",186,"describes the asset"
"timber cabinetry",186,"describes the asset"
"scope of work",185,"describes the asset"
"monumental",185,"describes the asset"
"metal balustrade",183,"describes the asset"
"outdoor courtyard",182,"describes the asset"
"conference table",182,"describes the asset"
"refined hospitality",181,"describes the asset"
"timber slat ceiling",180,"describes the asset"
"linear ceiling lighting",180,"describes the asset"
"exterior entrance",180,"describes the asset"
"dark wood flooring",180,"describes the asset"
"timber louvers",179,"describes the asset"
"contemporary vernacular",179,"describes the asset"
"round meeting table",177,"describes the asset"
"rooftop terrace",175,"describes the asset"
"patterned carpet tiles",175,"describes the asset"
"corporate signage",175,"describes the asset"
"curtain wall facade",174,"describes the asset"
"desert arid",174,"describes the asset"
"daylight",174,"describes the asset"
"design architecture",174,"describes the asset"
"warm timber accents",174,"describes the asset"
"hospital corridor",173,"describes the asset"
"brick facade",173,"describes the asset"
"timber ceiling panels",172,"describes the asset"
"building exterior",171,"describes the asset"
"high-end residential",170,"describes the asset"
"warm ambient lighting",170,"describes the asset"
"contemporary landscape",169,"describes the asset"
"curved partition",169,"describes the asset"
"fluted wall panels",169,"describes the asset"
"restaurant dining room",169,"describes the asset"
"recessed track lighting",168,"describes the asset"
"balconies",167,"describes the asset"
"accessible design",167,"describes the asset"
"contemporary classic",167,"describes the asset"
"round coffee table",167,"describes the asset"
"framed artwork",166,"describes the asset"
"plush area rug",166,"describes the asset"
"playful modernism",166,"describes the asset"
"backlit signage",166,"describes the asset"
"concrete pavement",166,"describes the asset"
"lounge armchairs",165,"describes the asset"
"indoor planters",165,"describes the asset"
"exterior walkway",165,"describes the asset"
"skylight",165,"describes the asset"
"exterior lighting",165,"describes the asset"
"pendant lights",165,"describes the asset"
"refined minimalism",164,"describes the asset"
"restroom",164,"describes the asset"
"city skyline views",162,"describes the asset"
"potted plant",162,"describes the asset"
"monochrome",161,"describes the asset"
"marble floor",161,"describes the asset"
"exposed concrete column",160,"describes the asset"
"executive desk",159,"describes the asset"
"urban modern",159,"describes the asset"
"lane ropes",159,"describes the asset"
"outdoor swimming pool",159,"describes the asset"
"circular pendant lighting",158,"describes the asset"
"mezzanine level",158,"describes the asset"
"opulent modern",158,"describes the asset"
"accent cushions",158,"describes the asset"
"open plan living and dining",158,"describes the asset"
"integrated cove lighting",157,"describes the asset"
"sculptural",157,"describes the asset"
"vibrant",157,"describes the asset"
"sophisticated neutral",157,"describes the asset"
"built-in cabinetry",156,"describes the asset"
"leather executive chairs",156,"describes the asset"
"warm elegance",156,"describes the asset"
"exterior signage",155,"describes the asset"
"sunshades",155,"describes the asset"
"tactile paving",155,"describes the asset"
"indoor greenery",155,"describes the asset"
"streetscape",154,"describes the asset"
"high-tech",154,"describes the asset"
"tropical luxury",153,"describes the asset"
"fitness center",152,"describes the asset"
"display shelving",152,"describes the asset"
"round dining table",151,"describes the asset"
"landscaping",151,"describes the asset"
"floor-to-ceiling glass doors",151,"describes the asset"
"globe pendant lights",151,"describes the asset"
"shallow depth of field",151,"describes the asset"
"bathroom",151,"describes the asset"
"geometric facade",150,"describes the asset"
"exposed ceiling services",150,"describes the asset"
"corrugated metal roof",150,"describes the asset"
"asphalt roadway",149,"describes the asset"
"waiting lounge",149,"describes the asset"
"tile flooring",148,"describes the asset"
"polished stone flooring",148,"describes the asset"
"asphalt driveway",148,"describes the asset"
"professional",147,"describes the asset"
"mood lighting",147,"describes the asset"
"function / group",146,"describes the asset"
"living and dining room",145,"describes the asset"
"modern healthcare",145,"describes the asset"
"outdoor plaza",145,"describes the asset"
"pedestrian walkway",144,"describes the asset"
"red brick facade",144,"describes the asset"
"stone paving",143,"describes the asset"
"polished stone floor",142,"describes the asset"
"sculptural architecture",142,"describes the asset"
"cantilevered balconies",142,"describes the asset"
"institutional modernism",141,"describes the asset"
"floor lamp",141,"describes the asset"
"net-zero carbon",141,"describes the asset"
"outdoor terrace",141,"describes the asset"
"timber handrail",141,"describes the asset"
"modular lounge seating",141,"describes the asset"
"city view",140,"describes the asset"
"linear led",140,"describes the asset"
"low coffee table",140,"describes the asset"
"retail showroom",139,"describes the asset"
"integrated planters",139,"describes the asset"
"stone cladding",139,"describes the asset"
"angled roofline",138,"describes the asset"
"environmental graphics",138,"describes the asset"
"double-height space",138,"describes the asset"
"steel columns",137,"describes the asset"
"swivel armchairs",137,"describes the asset"
"private dining room",136,"describes the asset"
"reception area",135,"describes the asset"
"glass entrance doors",135,"describes the asset"
"top social performer",135,"describes the asset"
"linear fluorescent lighting",135,"describes the asset"
"floor-to-ceiling drapery",134,"describes the asset"
"sculptural armchairs",134,"describes the asset"
"ensuite bathroom",134,"describes the asset"
"contemporary modernism",134,"describes the asset"
"executive office",134,"describes the asset"
"angular architecture",134,"describes the asset"
"patient-centric",133,"describes the asset"
"published",133,"describes the asset"
"industrial accents",133,"describes the asset"
"corporate elegance",133,"describes the asset"
"workstations",132,"describes the asset"
"curved cove lighting",132,"describes the asset"
"sustainable architecture",132,"describes the asset"
"exterior dusk lighting",132,"describes the asset"
"drapery curtains",132,"describes the asset"
"curved ceiling",131,"describes the asset"
"mesh ergonomic task chairs",131,"describes the asset"
"exposed brick wall",130,"describes the asset"
"neon signage",130,"describes the asset"
"stone floor tiles",130,"describes the asset"
"clinical contemporary",129,"describes the asset"
"industry panel",129,"describes the asset"
"table lamps",129,"describes the asset"
"dramatic lighting",129,"describes the asset"
"sculptural pendant lighting",129,"describes the asset"
"travertine wall cladding",129,"describes the asset"
"built-in banquette seating",129,"describes the asset"
"classic elegance",128,"describes the asset"
"contemporary sports architecture",127,"describes the asset"
"timber dining tables",127,"describes the asset"
"glass sliding doors",127,"describes the asset"
"accessible ramp",127,"describes the asset"
"vertical timber slats",127,"describes the asset"
"rooftop bar",127,"describes the asset"
"terrazzo floor tiles",125,"describes the asset"
"color-blocked",125,"describes the asset"
"feature staircase",125,"describes the asset"
"eclectic modern",125,"describes the asset"
"task chairs",125,"describes the asset"
"light-filled",125,"describes the asset"
"coastal contemporary",125,"describes the asset"
"cove ceiling lighting",125,"describes the asset"
"floor-to-ceiling glass curtain wall",125,"describes the asset"
"high-end retail",124,"describes the asset"
"ergonomic mesh task chairs",124,"describes the asset"
"bollard lighting",124,"describes the asset"
"guest room",124,"describes the asset"
"patterned carpet flooring",124,"describes the asset"
"multi-story atrium",124,"describes the asset"
"ceiling mounted projector",124,"describes the asset"
"breakout seating",123,"describes the asset"
"modular sofa",123,"describes the asset"
"concrete floor",122,"describes the asset"
"parking lot",121,"describes the asset"
"podium structure",121,"describes the asset"
"minimalist elegance",121,"describes the asset"
"floral arrangement",121,"describes the asset"
"carpeted flooring",121,"describes the asset"
"office corridor",120,"describes the asset"
"full-height glazing",120,"describes the asset"
"contemporary sports facility",120,"describes the asset"
"custom joinery",119,"describes the asset"
"classic luxury",119,"describes the asset"
"warm architectural lighting",119,"describes the asset"
"sconce lighting",119,"describes the asset"
"cantilevered roof",119,"describes the asset"
"classic contemporary",119,"describes the asset"
"car showroom",118,"describes the asset"
"tropical landscaping",118,"describes the asset"
"slatted ceiling",118,"describes the asset"
"clean contemporary",118,"describes the asset"
"biophilic luxury",117,"describes the asset"
"landscaped courtyard",117,"describes the asset"
"patient room",117,"describes the asset"
"master bathroom",117,"describes the asset"
"service counter",117,"describes the asset"
"timber dining chairs",117,"describes the asset"
"timber ceiling paneling",117,"describes the asset"
"clean neutral",117,"describes the asset"
"frosted glass partitions",116,"describes the asset"
"vertical louvres",116,"describes the asset"
"timber batten ceiling",116,"describes the asset"
"coffee table",116,"describes the asset"
"warm interior lighting",115,"describes the asset"
"curved sofa",115,"describes the asset"
"leather dining chairs",115,"describes the asset"
"steel framework",115,"describes the asset"
"high bar stools",115,"describes the asset"
"backlit mirror",115,"describes the asset"
"recessed ceiling light",114,"describes the asset"
"wall-mounted tv",114,"describes the asset"
"whiteboard",114,"describes the asset"
"elegant",114,"describes the asset"
"modern glamour",114,"describes the asset"
"organic architecture",113,"describes the asset"
"eucalyptus trees",113,"describes the asset"
"kitchen island",113,"describes the asset"
"rustic modern",113,"describes the asset"
"neutral tones",113,"describes the asset"
"restaurant dining hall",113,"describes the asset"
"structural columns",113,"describes the asset"
"floor-to-ceiling curtain wall",113,"describes the asset"
"draft",112,"describes the asset"
"abstract wall art",112,"describes the asset"
"sophisticated modern",112,"describes the asset"
"warm metallic",112,"describes the asset"
"large picture window",112,"describes the asset"
"open ceiling plenum",112,"describes the asset"
"twin beds",112,"describes the asset"
"glass facade",111,"describes the asset"
"ai-accelerated workflow",111,"describes the asset"
"brutalist influence",111,"describes the asset"
"floor-to-ceiling glass partition",111,"describes the asset"
"acoustic wall panelling",111,"describes the asset"
"hospitality chic",111,"describes the asset"
"contemporary playful",110,"describes the asset"
"lecture theatre",110,"describes the asset"
"civic modern",110,"describes the asset"
"integrated planter boxes",110,"describes the asset"
"infinity pool",110,"describes the asset"
"concrete paving",109,"describes the asset"
"ceiling fans",109,"describes the asset"
"integrated led lighting",109,"describes the asset"
"sports field",109,"describes the asset"
"high-end hospitality",109,"describes the asset"
"timber accents",109,"describes the asset"
"digital display screen",109,"describes the asset"
"pantry counter",109,"describes the asset"
"dining tables and chairs",109,"describes the asset"
"outdoor seating area",108,"describes the asset"
"tiered seating",108,"describes the asset"
"grey carpet flooring",108,"describes the asset"
"ergonomic task chair",108,"describes the asset"
"marble countertop",108,"describes the asset"
"glazed partitions",108,"describes the asset"
"contemporary asian",107,"describes the asset"
"instagram reel asset",107,"describes the asset"
"glamour",107,"describes the asset"
"graphic wall mural",106,"describes the asset"
"glass coffee table",106,"describes the asset"
"perforated acoustic ceiling",106,"describes the asset"
"private office",106,"describes the asset"
"angular roofline",106,"describes the asset"
"concrete steps",106,"describes the asset"
"communal dining table",106,"describes the asset"
"court line markings",106,"describes the asset"
"industrial utilitarian",105,"describes the asset"
"panoramic city views",105,"describes the asset"
"waterfront promenade",105,"describes the asset"
"tiled pool deck",105,"describes the asset"
"projector screen",105,"describes the asset"
"leather armchair",105,"describes the asset"
"porte-cochere",105,"describes the asset"
"balcony terrace",104,"describes the asset"
"proposal-maker",104,"describes the asset"
"marq-pdf",104,"describes the asset"
"treadmills",104,"describes the asset"
"lift lobby",104,"describes the asset"
"modern retail",104,"describes the asset"
"infographic",104,"describes the asset"
"indoor-outdoor connection",104,"describes the asset"
"upholstered armchairs",104,"describes the asset"
"accent lighting",104,"describes the asset"
"dark wood paneling",103,"describes the asset"
"gym equipment",103,"describes the asset"
"moody atmospheric",103,"describes the asset"
"frosted glass film",103,"describes the asset"
"angular modernism",103,"describes the asset"
"urban commercial",103,"describes the asset"
"branded environment",102,"describes the asset"
"public plaza",102,"describes the asset"
"epoxy floor",102,"describes the asset"
"corrugated metal ceiling",102,"describes the asset"
"warm sophisticated",102,"describes the asset"
"metal cladding panels",102,"describes the asset"
"industrial pendant lights",102,"describes the asset"
"clinical minimalist",101,"describes the asset"
"open ceiling",101,"describes the asset"
"drapery",101,"describes the asset"
"clean lined",101,"describes the asset"
"transitional",101,"describes the asset"
"functional design",101,"describes the asset"
"glazing facade",100,"describes the asset"
"acoustic wall paneling",100,"describes the asset"
"brand signage",100,"describes the asset"
"acoustic desk dividers",100,"describes the asset"
"mirrored wall",100,"describes the asset"
"living green wall",100,"describes the asset"
"round dining tables",100,"describes the asset"
"lawn area",100,"describes the asset"
"timber columns",99,"describes the asset"
"playful contemporary",99,"describes the asset"
"neoclassical",99,"describes the asset"
"sterile",99,"describes the asset"
"potted indoor plants",99,"describes the asset"
"futuristic minimalism",99,"describes the asset"
"sleek modernism",98,"describes the asset"
"tiled floor",98,"describes the asset"
"paved pedestrian walkway",98,"describes the asset"
"clean architectural",98,"describes the asset"
"contemporary residential",98,"describes the asset"
"warm accent lighting",98,"describes the asset"
"presentation screen",98,"describes the asset"
"metal handrails",98,"describes the asset"
"ergonomic mesh chairs",98,"describes the asset"
"aluminum composite panels",98,"describes the asset"
"outdoor dining terrace",97,"describes the asset"
"light timber flooring",97,"describes the asset"
"accent armchairs",97,"describes the asset"
"contemporary casual",97,"describes the asset"
"woven pendant lights",97,"describes the asset"
"recreational",97,"describes the asset"
"timber bench seating",97,"describes the asset"
"asphalt parking lot",97,"describes the asset"
"metal handrail",97,"describes the asset"
"large glass windows",97,"describes the asset"
"accent armchair",96,"describes the asset"
"seamless vinyl flooring",96,"describes the asset"
"curved wall",96,"describes the asset"
"perforated metal panels",96,"describes the asset"
"child-friendly",96,"describes the asset"
"functional institutional",95,"describes the asset"
"handrails",95,"describes the asset"
"reflective surfaces",95,"describes the asset"
"geometric modern",95,"describes the asset"
"projection screen",95,"describes the asset"
"horizontal louvers",95,"describes the asset"
"automotive service bay",95,"describes the asset"
"resort chic",95,"describes the asset"
"open layout",94,"describes the asset"
"open plan",94,"describes the asset"
"avant-garde",94,"describes the asset"
"biophilic elegance",94,"describes the asset"
"sculptural art installation",94,"describes the asset"
"timber soffit",94,"describes the asset"
"wall panelling",94,"describes the asset"
"sheer drapery",93,"describes the asset"
"dusk illumination",93,"describes the asset"
"sculptural pendant light",93,"describes the asset"
"spa-inspired",93,"describes the asset"
"scandinavian inspired",93,"describes the asset"
"dining area",93,"describes the asset"
"curvilinear design",93,"describes the asset"
"campus courtyard",93,"describes the asset"
"textured area rug",93,"describes the asset"
"pedestrian crossing",93,"describes the asset"
"integrated planter box",92,"describes the asset"
"contemporary resort",92,"describes the asset"
"pitched roof",92,"describes the asset"
"king bed",92,"describes the asset"
"warm hospitality",92,"describes the asset"
"downlights",92,"describes the asset"
"brick masonry",92,"describes the asset"
"illuminated brand signage",92,"describes the asset"
"accent wall",91,"describes the asset"
"timber ceiling cladding",91,"describes the asset"
"patterned floor tiles",91,"describes the asset"
"exposed ceiling ducts",91,"describes the asset"
"sophisticated elegance",91,"describes the asset"
"warm architectural",91,"describes the asset"
"whiteboard wall",91,"describes the asset"
"utilitarian modernism",90,"describes the asset"
"geometric patterned carpet",90,"describes the asset"
"nurse station",90,"describes the asset"
"exterior plaza",90,"describes the asset"
"glazed entrance",90,"describes the asset"
"modern hospitality-inspired",89,"describes the asset"
"integrated cabinetry",89,"describes the asset"
"floodlights",89,"describes the asset"
"leather bar stools",89,"describes the asset"
"round cafe tables",89,"describes the asset"
"herringbone parquet flooring",89,"describes the asset"
"aerial photography",89,"describes the asset"
"built-in shelving",89,"describes the asset"
"linear design",89,"describes the asset"
"stainless steel elevator doors",89,"describes the asset"
"mature trees",89,"describes the asset"
"undermount sink",89,"describes the asset"
"contemporary urbanism",88,"describes the asset"
"leather sofa",88,"describes the asset"
"outdoor lap pool",88,"describes the asset"
"curved modular sofa",88,"describes the asset"
"steel structure",88,"describes the asset"
"geometric volume",87,"describes the asset"
"metal standing seam roof",87,"describes the asset"
"red accent wall",87,"describes the asset"
"night lighting",87,"describes the asset"
"project status",87,"describes the asset"
"perforated metal facade",87,"describes the asset"
"wood-look vinyl flooring",86,"describes the asset"
"linear pendant lights",86,"describes the asset"
"night architectural lighting",86,"describes the asset"
"metal louvers",86,"describes the asset"
"earthy tones",86,"describes the asset"
"sophisticated hospitality",86,"describes the asset"
"neutral color palette",86,"describes the asset"
"fluid modernism",86,"describes the asset"
"resort style",86,"describes the asset"
"coastal chic",86,"describes the asset"
"urban chic",85,"describes the asset"
"resilient vinyl flooring",85,"describes the asset"
"hotel lounge",85,"describes the asset"
"mirrored wall paneling",85,"describes the asset"
"linear led pendant",85,"describes the asset"
"acoustic ceiling baffles",85,"describes the asset"
"bold accent",85,"describes the asset"
"curved ceiling detail",85,"describes the asset"
"playful corporate",85,"describes the asset"
"oriental elegance",85,"describes the asset"
"timber ceiling beams",84,"describes the asset"
"exposed concrete columns",84,"describes the asset"
"drop ceiling tiles",84,"describes the asset"
"linear recessed lighting",84,"describes the asset"
"sterile modern",84,"describes the asset"
"parametric architecture",84,"describes the asset"
"curved banquette seating",84,"describes the asset"
"cantilevered volume",84,"describes the asset"
"brick masonry wall",84,"describes the asset"
"regional modernism",84,"describes the asset"
"glass shower enclosure",84,"describes the asset"
"canopy entrance",83,"describes the asset"
"timber pergola",83,"describes the asset"
"circular area rug",83,"describes the asset"
"eclectic hospitality",83,"describes the asset"
"clean geometric",83,"describes the asset"
"vibrant contemporary",83,"describes the asset"
"cylindrical columns",83,"describes the asset"
"planter boxes",83,"describes the asset"
"bold geometric",83,"describes the asset"
"glass partitioned meeting room",83,"describes the asset"
"urban streetscape",83,"describes the asset"
"open-air pavilion",83,"describes the asset"
"high-rise towers",82,"describes the asset"
"built-in bench seating",82,"describes the asset"
"brick masonry facade",82,"describes the asset"
"recessed ceiling detail",82,"describes the asset"
"armchair",82,"describes the asset"
"high-rise tower",82,"describes the asset"
"contemporary recreational",82,"describes the asset"
"paved plaza",82,"describes the asset"
"lush tropical landscaping",81,"describes the asset"
"black metal framing",81,"describes the asset"
"water reflection",81,"describes the asset"
"refined luxury",81,"describes the asset"
"metal cladding facade",81,"describes the asset"
"bollards",81,"describes the asset"
"role seniority",81,"describes the asset"
"daylight illumination",81,"describes the asset"
"concrete flooring",81,"describes the asset"
"modern functionalist",81,"describes the asset"
"reflecting pool",81,"describes the asset"
"dusk exterior lighting",81,"describes the asset"
"structural steel columns",81,"describes the asset"
"swivel task chairs",80,"describes the asset"
"building signage",80,"describes the asset"
"gabled roof",80,"describes the asset"
"multi-level atrium",80,"describes the asset"
"exposed hvac ducts",80,"describes the asset"
"stainless steel sink",80,"describes the asset"
"dusk sky",80,"describes the asset"
"linear pendant lighting",80,"describes the asset"
"contemporary lifestyle",80,"describes the asset"
"sustainable design",80,"describes the asset"
"marble reception desk",80,"describes the asset"
"concrete retaining wall",80,"describes the asset"
"integrated bench seating",79,"describes the asset"
"indoor plants",79,"describes the asset"
"pergola canopy",79,"describes the asset"
"clean functional",79,"describes the asset"
"spotlight illumination",79,"describes the asset"
"wall moulding",79,"describes the asset"
"integrated landscape",79,"describes the asset"
"storefront glazing",79,"describes the asset"
"ceiling fan",78,"describes the asset"
"street frontage",78,"describes the asset"
"perforated metal screen",78,"describes the asset"
"bench seating",78,"describes the asset"
"chevron wood flooring",78,"describes the asset"
"modern architectural",78,"describes the asset"
"table setting",78,"describes the asset"
"exterior courtyard",78,"describes the asset"
"contemporary eclectic",78,"describes the asset"
"clean architectural lines",78,"describes the asset"
"concrete driveway",78,"describes the asset"
"spotlight track lighting",78,"describes the asset"
"modern asian",78,"describes the asset"
"floral centerpiece",78,"describes the asset"
"architectural scale model",78,"describes the asset"
"recessed downlight",77,"describes the asset"
"globe pendant lighting",77,"describes the asset"
"wood wall cladding",77,"describes the asset"
"skylights",77,"describes the asset"
"dining tables",77,"describes the asset"
"integrated lighting",77,"describes the asset"
"pedestrian plaza",77,"describes the asset"
"serene",77,"describes the asset"
"futuristic modernism",77,"describes the asset"
"geometric architecture",77,"describes the asset"
"corrugated metal roofing",77,"describes the asset"
"landscape design",76,"describes the asset"
"glass wall partitions",76,"describes the asset"
"bright and open",76,"describes the asset"
"ho chi minh city",76,"describes the asset"
"exterior building facade",76,"describes the asset"
"breakout lounge seating",76,"describes the asset"
"french doors",76,"describes the asset"
"automatic sliding glass doors",76,"describes the asset"
"backlit shelving",76,"describes the asset"
"modern oriental",76,"describes the asset"
"signage wall",76,"describes the asset"
"striped carpet tiles",76,"describes the asset"
"clean",75,"describes the asset"
"bright neutral",75,"describes the asset"
"skylight roof",75,"describes the asset"
"event banner",75,"describes the asset"
"dark carpet flooring",75,"describes the asset"
"neutral wall finish",75,"describes the asset"
"marble counter",75,"describes the asset"
"sculptural elegance",75,"describes the asset"
"atrium lobby",75,"describes the asset"
"spacious",75,"describes the asset"
"escalator",75,"describes the asset"
"courtyard garden",75,"describes the asset"
"wall-hung toilet",75,"describes the asset"
"green roof",75,"describes the asset"
"statement chandelier",74,"describes the asset"
"glass storefront",74,"describes the asset"
"modern chic",74,"describes the asset"
"high-tech modern",74,"describes the asset"
"circular ceiling recess",74,"describes the asset"
"grandstand seating",74,"describes the asset"
"spiral staircase",74,"describes the asset"
"concrete walkway",74,"describes the asset"
"integrated shelf lighting",74,"describes the asset"
"natural sunlight",74,"describes the asset"
"rubber gym flooring",74,"describes the asset"
"cantilevered structure",74,"describes the asset"
"family-friendly",74,"describes the asset"
"kitchen",74,"describes the asset"
"collaborative workplace",73,"describes the asset"
"curved soffit",73,"describes the asset"
"exposed concrete wall",73,"describes the asset"
"executive luxury",73,"describes the asset"
"wooden dining chairs",73,"describes the asset"
"futuristic modern",73,"describes the asset"
"walk-in shower",73,"describes the asset"
"under-counter cove lighting",73,"describes the asset"
"cantilevered overhang",73,"describes the asset"
"wall sconce lighting",73,"describes the asset"
"modular workstations",73,"describes the asset"
"outdoor aquatic center",73,"describes the asset"
"timber dining table",72,"describes the asset"
"open concept",72,"describes the asset"
"elegant hospitality",72,"describes the asset"
"shopping mall atrium",72,"describes the asset"
"eclectic luxury",72,"describes the asset"
"dark wood wall paneling",72,"describes the asset"
"linear lighting",72,"describes the asset"
"recessed ceiling feature",72,"describes the asset"
"grand scale",72,"describes the asset"
"metal railing",72,"describes the asset"
"contemporary timber architecture",71,"describes the asset"
"cafe counter",71,"describes the asset"
"floor-to-ceiling sliding glass doors",71,"describes the asset"
"timber slat screen",71,"describes the asset"
"high bar counter",71,"describes the asset"
"mirrored ceiling",71,"describes the asset"
"neoclassical luxury",71,"describes the asset"
"auditorium seating",71,"describes the asset"
"curved sectional sofa",71,"describes the asset"
"natural light",71,"describes the asset"
"functional workplace",71,"describes the asset"
"clean utilitarian",71,"describes the asset"
"high-end commercial",71,"describes the asset"
"landscaped garden beds",70,"describes the asset"
"urban architecture",70,"describes the asset"
"sculptural wall art",70,"describes the asset"
"landscaped walkway",70,"describes the asset"
"institutional architecture",70,"describes the asset"
"bookshelves",70,"describes the asset"
"dynamic modern",70,"describes the asset"
"acoustic wall panel",70,"describes the asset"
"double-height void",70,"describes the asset"
"linear corridor",70,"describes the asset"
"cityscape view",70,"describes the asset"
"feature wall",70,"describes the asset"
"lawn landscaping",70,"describes the asset"
"outdoor seating",70,"describes the asset"
"sculptural art piece",70,"describes the asset"
"outdoor landscape",70,"describes the asset"
"curved roofline",69,"describes the asset"
"corridor hallway",69,"describes the asset"
"educational",69,"describes the asset"
"warm minimalism",69,"describes the asset"
"console table",69,"describes the asset"
"solid surface countertop",69,"describes the asset"
"fine dining restaurant",69,"describes the asset"
"urban oasis",69,"describes the asset"
"modern dynamic",69,"describes the asset"
"full-height drapery",69,"describes the asset"
"wooden bar stools",69,"describes the asset"
"wall-mounted screen",68,"describes the asset"
"geometric minimalism",68,"describes the asset"
"spotlight fixtures",68,"describes the asset"
"integrated appliances",68,"describes the asset"
"keynote speech",68,"describes the asset"
"marble cladding",68,"describes the asset"
"linear led pendant lighting",68,"describes the asset"
"mountain backdrop",67,"describes the asset"
"splash pad",67,"describes the asset"
"modular sectional sofa",67,"describes the asset"
"industrial ceiling",67,"describes the asset"
"monochromatic palette",67,"describes the asset"
"futuristic organic",67,"describes the asset"
"light and airy",67,"describes the asset"
"shadow play",67,"describes the asset"
"biophilic urbanism",67,"describes the asset"
"curved canopy",67,"describes the asset"
"classroom",67,"describes the asset"
"warm corporate",67,"describes the asset"
"curved staircase",67,"describes the asset"
"neutral upholstery",67,"describes the asset"
"linear cove lighting",67,"describes the asset"
"contemporary lounge seating",67,"describes the asset"
"exposed steel beams",67,"describes the asset"
"office task chairs",66,"describes the asset"
"sleek elegance",66,"describes the asset"
"futuristic luxury",66,"describes the asset"
"white cabinetry",66,"describes the asset"
"director",66,"describes the asset"
"civic architecture",66,"describes the asset"
"landscaped garden",66,"describes the asset"
"wall graphics",66,"describes the asset"
"sleek minimal",66,"describes the asset"
"integrated cable management",66,"describes the asset"
"mezzanine floor",66,"describes the asset"
"fluted paneling",66,"describes the asset"
"marble vanity countertop",66,"describes the asset"
"curved partition wall",66,"describes the asset"
"composite panel cladding",66,"describes the asset"
"linear led strip lighting",65,"describes the asset"
"industrial functional",65,"describes the asset"
"minimalist functional",65,"describes the asset"
"moody sophistication",65,"describes the asset"
"bronze accents",65,"describes the asset"
"acoustic design",65,"describes the asset"
"double-height glazing",65,"describes the asset"
"indoor planter",65,"describes the asset"
"drum pendant light",65,"describes the asset"
"futuristic chic",65,"describes the asset"
"corporate contemporary",65,"describes the asset"
"contemporary organic",65,"describes the asset"
"directional signage",65,"describes the asset"
"lounge bar",65,"describes the asset"
"signage typography",65,"describes the asset"
"metal louvres",64,"describes the asset"
"refined modern",64,"describes the asset"
"atrium void",64,"describes the asset"
"waiting area seating",64,"describes the asset"
"minimalist chic",64,"describes the asset"
"colorful",64,"describes the asset"
"contemporary wellness",64,"describes the asset"
"rammed earth wall",64,"describes the asset"
"glass curtain wall facade",64,"describes the asset"
"timber coffee table",64,"describes the asset"
"linear air diffusers",64,"describes the asset"
"glossy floor tiles",64,"describes the asset"
"open plan workspace",64,"describes the asset"
"indoor-outdoor living",63,"describes the asset"
"pantry & breakout area",63,"describes the asset"
"upholstered armchair",63,"describes the asset"
"bright",63,"describes the asset"
"ceramic floor tiles",63,"describes the asset"
"sculptural ceiling installation",63,"describes the asset"
"floor-to-ceiling glass sliding doors",63,"describes the asset"
"healing environment",63,"describes the asset"
"pool deck",63,"describes the asset"
"wood wall panelling",63,"describes the asset"
"upholstered bench",63,"describes the asset"
"cultural tradition",63,"describes the asset"
"sunset lighting",63,"describes the asset"
"white painted walls",62,"describes the asset"
"aerial perspective",62,"describes the asset"
"monochromatic elegance",62,"describes the asset"
"acoustic ceiling",62,"describes the asset"
"open kitchen counter",62,"describes the asset"
"tropical greenery",62,"describes the asset"
"wainscoting wall panels",62,"describes the asset"
"linear strip lighting",62,"describes the asset"
"glazing panels",62,"describes the asset"
"aluminium window frames",62,"describes the asset"
"commercial kitchen",62,"describes the asset"
"urban resort",62,"describes the asset"
"industrial sleek",62,"describes the asset"
"executive elegance",62,"describes the asset"
"transitional luxury",62,"describes the asset"
"grand piano",62,"describes the asset"
"coastal modern",62,"describes the asset"
"textured wall panels",62,"describes the asset"
"black metal frame",61,"describes the asset"
"commercial retail",61,"describes the asset"
"under-counter led lighting",61,"describes the asset"
"bold contemporary",61,"describes the asset"
"video thumbnail",61,"describes the asset"
"minimalist corporate",61,"describes the asset"
"car showroom display",61,"describes the asset"
"fluted glass partition",61,"describes the asset"
"neutral tile flooring",61,"describes the asset"
"dining table",60,"describes the asset"
"functional architecture",60,"describes the asset"
"acoustic desk screens",60,"describes the asset"
"vibrant modernism",60,"describes the asset"
"breakout space",60,"describes the asset"
"street lighting",60,"describes the asset"
"bar seating",60,"describes the asset"
"neoclassical elegance",60,"describes the asset"
"breakout pantry",60,"describes the asset"
"marble reception counter",60,"describes the asset"
"corporate hospitality",60,"describes the asset"
"integrated display lighting",60,"describes the asset"
"cantilevered roof canopy",60,"describes the asset"
"conference room",60,"describes the asset"
"overbed table",60,"describes the asset"
"metal framing",59,"describes the asset"
"refined corporate",59,"describes the asset"
"timber meeting table",59,"describes the asset"
"dining chairs",59,"describes the asset"
"recessed wall niche",59,"describes the asset"
"exposed concrete",59,"describes the asset"
"automotive service workshop",59,"describes the asset"
"sculptural reception desk",59,"describes the asset"
"lush greenery",59,"describes the asset"
"glazed partition",59,"describes the asset"
"internal courtyard",59,"describes the asset"
"floor-to-ceiling glass windows",59,"describes the asset"
"oriental luxury",59,"describes the asset"
"sustainable modernism",59,"describes the asset"
"collaborative workspace",59,"describes the asset"
"contemporary functional",59,"describes the asset"
"built-in display shelving",59,"describes the asset"
"chrome tapware",58,"describes the asset"
"modern rustic",58,"describes the asset"
"artificial turf",58,"describes the asset"
"exterior building signage",58,"describes the asset"
"curved timber wall",58,"describes the asset"
"linkedin carousel",58,"describes the asset"
"experiential",58,"describes the asset"
"drum pendant lights",58,"describes the asset"
"warm neutral palette",58,"describes the asset"
"textured carpet flooring",58,"describes the asset"
"sunset sky",58,"describes the asset"
"workstation desk",58,"describes the asset"
"parametric modernism",58,"describes the asset"
"curved ceiling soffit",58,"describes the asset"
"solar panels",58,"describes the asset"
"hospital beds",58,"describes the asset"
"timber screening",58,"describes the asset"
"atrium staircase",58,"describes the asset"
"concrete column",57,"describes the asset"
"soft ambient lighting",57,"describes the asset"
"walk-in closet",57,"describes the asset"
"sculptural staircase",57,"describes the asset"
"illuminated facade",57,"describes the asset"
"night architectural photography",57,"describes the asset"
"polished tile flooring",57,"describes the asset"
"circular pendant light",57,"describes the asset"
"lounge",57,"describes the asset"
"exposed steel roof trusses",57,"describes the asset"
"formal table setting",57,"describes the asset"
"circular ceiling feature",57,"describes the asset"
"textured stone wall",57,"describes the asset"
"marble bar counter",57,"describes the asset"
"curved ceiling design",57,"describes the asset"
"structural modernism",57,"describes the asset"
"paved walkway",57,"describes the asset"
"parametric design",57,"describes the asset"
"wall-mounted display screen",57,"describes the asset"
"child-centric",57,"describes the asset"
"linear ceiling baffles",57,"describes the asset"
"training room",56,"describes the asset"
"monochrome palette",56,"describes the asset"
"window blinds",56,"describes the asset"
"professional portrait",56,"describes the asset"
"curved corridor",56,"describes the asset"
"corporate minimalist",56,"describes the asset"
"linear overhead lighting",56,"describes the asset"
"side table",56,"describes the asset"
"contemporary artwork",56,"describes the asset"
"vertical green wall",56,"describes the asset"
"ambient cove lighting",56,"describes the asset"
"foosball table",56,"describes the asset"
"urban residential",56,"describes the asset"
"compact living",56,"describes the asset"
"privacy curtains",56,"describes the asset"
"drop-off zone",56,"describes the asset"
"hospitality-inspired",56,"describes the asset"
"twilight sky",56,"describes the asset"
"asian contemporary",55,"describes the asset"
"asphalt paving",55,"describes the asset"
"curved balconies",55,"describes the asset"
"coastal modernism",55,"describes the asset"
"curvilinear modernism",55,"describes the asset"
"environmental portrait",55,"describes the asset"
"framed wall art",55,"describes the asset"
"mesh office chairs",55,"describes the asset"
"laboratory benches",55,"describes the asset"
"hospitality elegance",55,"describes the asset"
"timber display shelving",55,"describes the asset"
"collaborative modern",55,"describes the asset"
"mosaic tile wall",55,"describes the asset"
"perforated metal screens",55,"describes the asset"
"mesh ergonomic chairs",55,"describes the asset"
"bold color blocking",55,"describes the asset"
"canopy roof",55,"describes the asset"
"heritage adaptive reuse",55,"describes the asset"
"glass entry doors",55,"describes the asset"
"wooden dining tables",55,"describes the asset"
"architectural lighting",54,"describes the asset"
"bedside table lamp",54,"describes the asset"
"commercial kitchen equipment",54,"describes the asset"
"blue accent wall",54,"describes the asset"
"industrial adaptive reuse",54,"describes the asset"
"geometric canopy",54,"describes the asset"
"high-tech modernism",54,"describes the asset"
"coved skirting",54,"describes the asset"
"timber plank flooring",54,"describes the asset"
"sloped roofline",54,"describes the asset"
"light tile flooring",54,"describes the asset"
"soffit lighting",54,"describes the asset"
"incense sticks",54,"describes the asset"
"indoor planting",54,"describes the asset"
"architectural sketch",54,"describes the asset"
"external louvres",54,"describes the asset"
"backlit corporate signage",54,"describes the asset"
"timber joinery",54,"describes the asset"
"traditional luxury",54,"describes the asset"
"urban masterplan",54,"describes the asset"
"steel canopy structure",54,"describes the asset"
"polished floor",54,"describes the asset"
"urban hospitality",54,"describes the asset"
"polished concrete flooring",54,"describes the asset"
"golden hour lighting",53,"describes the asset"
"vertical timber cladding",53,"describes the asset"
"polished tile floor",53,"describes the asset"
"exit signage",53,"describes the asset"
"yellow accent wall",53,"describes the asset"
"signage",53,"describes the asset"
"outdoor staircase",53,"describes the asset"
"mezzanine walkway",53,"describes the asset"
"wall mounted television",53,"describes the asset"
"colonnade",53,"describes the asset"
"traditional",53,"describes the asset"
"hotel corridor",53,"describes the asset"
"grab rails",53,"describes the asset"
"angular canopy",53,"describes the asset"
"sculptural minimalism",53,"describes the asset"
"modern high-rise",53,"describes the asset"
"open shelving",53,"describes the asset"
"glass showcase",53,"describes the asset"
"playful",53,"describes the asset"
"sculptural pendant lights",53,"describes the asset"
"commercial interior",53,"describes the asset"
"espresso machine",52,"describes the asset"
"light wood cabinetry",52,"describes the asset"
"fabric wall paneling",52,"describes the asset"
"integrated exterior lighting",52,"describes the asset"
"floating vanity counter",52,"describes the asset"
"atmospheric",52,"describes the asset"
"aquatic center",52,"describes the asset"
"dynamic modernism",52,"describes the asset"
"warm professional",52,"describes the asset"
"modular carpet tiles",52,"describes the asset"
"orange accent wall",52,"describes the asset"
"internal staircase",52,"describes the asset"
"metallic cladding",52,"describes the asset"
"timber screen partition",52,"describes the asset"
"curved feature wall",52,"describes the asset"
"arched windows",52,"describes the asset"
"integrated display shelving",52,"describes the asset"
"dark carpet tile",52,"describes the asset"
"serene minimalism",52,"describes the asset"
"green accent wall",52,"describes the asset"
"wood plank flooring",52,"describes the asset"
"auditorium",52,"describes the asset"
"fabric sofa",52,"describes the asset"
"biophilic modern",51,"describes the asset"
"bedroom",51,"describes the asset"
"twilight lighting",51,"describes the asset"
"glass partitioned meeting rooms",51,"describes the asset"
"mezzanine balcony",51,"describes the asset"
"escalators",51,"describes the asset"
"vinyl wood flooring",51,"describes the asset"
"retaining wall",51,"describes the asset"
"bedside table",51,"describes the asset"
"stainless steel counters",51,"describes the asset"
"perimeter fencing",51,"describes the asset"
"timber ceiling soffit",51,"describes the asset"
"recessed ceiling tray",51,"describes the asset"
"meeting pod",51,"describes the asset"
"curved ceiling feature",51,"describes the asset"
"outdoor pavilion",51,"describes the asset"
"dark floor tiles",51,"describes the asset"
"outdoor walkway",51,"describes the asset"
"bar lounge",51,"describes the asset"
"nurse station counter",51,"describes the asset"
"venetian blinds",51,"describes the asset"
"integrated landscaping",51,"describes the asset"
"water slides",51,"describes the asset"
"medical equipment",51,"describes the asset"
"exposed black ceiling",51,"describes the asset"
"curved lounge sofa",51,"describes the asset"
"slatted timber ceiling",50,"describes the asset"
"black framed glass partition",50,"describes the asset"
"glamour chic",50,"describes the asset"
"warm atmospheric",50,"describes the asset"
"circulation corridor",50,"describes the asset"
"classical columns",50,"describes the asset"
"contemporary tropical",50,"describes the asset"
"cocktail bar",50,"describes the asset"
"minimalist joinery",50,"describes the asset"
"mid-century modern",50,"describes the asset"
"tripod floor lamp",50,"describes the asset"
"wall sconce",50,"describes the asset"
"vertical garden",50,"describes the asset"
"leather banquette seating",50,"describes the asset"
"exterior architecture",50,"describes the asset"
"sculptural armchair",50,"describes the asset"
"velvet armchairs",50,"describes the asset"
"concrete bench seating",50,"describes the asset"
"vertical timber louvers",50,"describes the asset"
"corporate retail",49,"describes the asset"
"warm natural",49,"describes the asset"
"water play area",49,"describes the asset"
"open display shelving",49,"describes the asset"
"compact luxury",49,"describes the asset"
"black marble floor",49,"describes the asset"
"timber battens",49,"describes the asset"
"timber millwork",49,"describes the asset"
"exterior landscaping",49,"describes the asset"
"water slide",49,"describes the asset"
"night cityscape",49,"describes the asset"
"transitional elegance",49,"describes the asset"
"curved lounge seating",49,"describes the asset"
"bespoke joinery",49,"describes the asset"
"timber slat cladding",49,"describes the asset"
"automotive showroom lounge",49,"describes the asset"
"dining table setting",49,"describes the asset"
"contemporary chic",49,"describes the asset"
"curved glass curtain wall",49,"describes the asset"
"circular bar counter",49,"describes the asset"
"wine display rack",49,"describes the asset"
"cultural ceremony",49,"describes the asset"
"kids club",49,"describes the asset"
"outdoor tennis court",49,"describes the asset"
"floor-to-ceiling glass wall",49,"describes the asset"
"billiard table",49,"describes the asset"
"illuminated bar counter",49,"describes the asset"
"contemporary rustic",48,"describes the asset"
"commercial modernism",48,"describes the asset"
"circular ceiling cutout",48,"describes the asset"
"circular recessed ceiling",48,"describes the asset"
"structural steel frame",48,"describes the asset"
"curved bulkhead",48,"describes the asset"
"architectural detail",48,"describes the asset"
"textured wall finish",48,"describes the asset"
"sash windows",48,"describes the asset"
"contextual architecture",48,"describes the asset"
"marble dining tables",48,"describes the asset"
"spa treatment room",48,"describes the asset"
"linear ceiling lights",48,"describes the asset"
"bookmatched marble",48,"describes the asset"
"sectional sofa",48,"describes the asset"
"workstation desks",48,"describes the asset"
"automotive showroom display",48,"describes the asset"
"wall mural",48,"describes the asset"
"tropical resort",48,"describes the asset"
"experiential design",47,"describes the asset"
"dark wood cabinetry",47,"describes the asset"
"glass elevator shaft",47,"describes the asset"
"outdoor cafe seating",47,"describes the asset"
"brick paving",47,"describes the asset"
"zen minimalist",47,"describes the asset"
"architectural minimalism",47,"describes the asset"
"vaulted ceiling",47,"describes the asset"
"kitchenette",47,"describes the asset"
"lush foliage",47,"describes the asset"
"white bed linen",47,"describes the asset"
"black framed glazing",47,"describes the asset"
"geometric carpet tiles",47,"describes the asset"
"modern urban",47,"describes the asset"
"swimming lanes",47,"describes the asset"
"louvered windows",47,"describes the asset"
"science laboratory",47,"describes the asset"
"v-shaped columns",47,"describes the asset"
"glass partition doors",47,"describes the asset"
"glass partition walls",47,"describes the asset"
"black marble counter",47,"describes the asset"
"postmodern",47,"describes the asset"
"island bar counter",47,"describes the asset"
"minimalist workplace",47,"describes the asset"
"sterile minimalist",47,"describes the asset"
"collaborative design",47,"describes the asset"
"asphalt road",47,"describes the asset"
"sculptural light installation",47,"describes the asset"
"double-height entrance",47,"describes the asset"
"japandi",46,"describes the asset"
"dark timber flooring",46,"describes the asset"
"industrial functionalism",46,"describes the asset"
"low-angle perspective",46,"describes the asset"
"warm interior illumination",46,"describes the asset"
"traditional elegance",46,"describes the asset"
"refined minimalist",46,"describes the asset"
"incubator space",46,"already modelled: sector"
"cylindrical pendant lights",46,"describes the asset"
"textured carpet",46,"describes the asset"
"open plan lounge",46,"describes the asset"
"modern glam",46,"describes the asset"
"overhanging roof canopy",46,"describes the asset"
"communal high table",46,"describes the asset"
"architectural canopy",46,"describes the asset"
"cylindrical column",46,"describes the asset"
"casual contemporary",46,"describes the asset"
"woven armchairs",46,"describes the asset"
"signage branding",46,"describes the asset"
"curved ceiling cove",46,"describes the asset"
"locker room",46,"describes the asset"
"construction site",46,"describes the asset"
"timber counter",46,"describes the asset"
"exterior masterplan",46,"describes the asset"
"exterior staircase",46,"describes the asset"
"building lobby",46,"describes the asset"
"creative workplace",46,"describes the asset"
"computer monitors",46,"describes the asset"
"digital source type",46,"describes the asset"
"resort modernism",45,"describes the asset"
"linear ceiling slats",45,"describes the asset"
"coastal luxury",45,"describes the asset"
"marble clad walls",45,"describes the asset"
"bokeh background",45,"describes the asset"
"landscaped grounds",45,"describes the asset"
"exposed red brick wall",45,"describes the asset"
"open-plan",45,"describes the asset"
"booth seating",45,"describes the asset"
"linear suspended led lighting",45,"describes the asset"
"computer workstations",45,"describes the asset"
"landscaped park",45,"describes the asset"
"corporate event",45,"describes the asset"
"wall-mounted monitor",45,"describes the asset"
"outdoor pathway",45,"describes the asset"
"white background",45,"describes the asset"
"precast concrete panels",45,"describes the asset"
"sculptural glass chandelier",45,"describes the asset"
"residents lounge",45,"describes the asset"
"deconstructivist",45,"describes the asset"
"outdoor playground",45,"describes the asset"
"geometric pattern",45,"describes the asset"
"pendant light",45,"describes the asset"
"horizontal louvres",45,"describes the asset"
"bright and dynamic",45,"describes the asset"
"striped carpet",45,"describes the asset"
"chafing dishes",45,"describes the asset"
"timber sports flooring",45,"describes the asset"
"porcelain tile flooring",45,"describes the asset"
"signage totem",45,"describes the asset"
"bookmatched marble feature wall",45,"describes the asset"
"open plan office layout",45,"describes the asset"
"graphic",45,"describes the asset"
"hospital campus",45,"describes the asset"
"curved bulkhead ceiling",45,"describes the asset"
"urban retail",44,"describes the asset"
"linear track lighting",44,"describes the asset"
"eclectic contemporary",44,"describes the asset"
"stepped seating",44,"describes the asset"
"cantilevered upper floor",44,"describes the asset"
"utilitarian minimalist",44,"describes the asset"
"laminate cabinetry",44,"describes the asset"
"outdoor landscaping",44,"describes the asset"
"native grasses",44,"describes the asset"
"black background",44,"describes the asset"
"vertical blinds",44,"describes the asset"
"atrium",44,"describes the asset"
"accessible modern",44,"describes the asset"
"potted indoor plant",44,"describes the asset"
"feature wall mural",44,"describes the asset"
"nurses station",44,"describes the asset"
"office workstations",44,"describes the asset"
"fluted wall paneling",44,"describes the asset"
"timber ceiling panel",44,"describes the asset"
"pedestrian promenade",44,"describes the asset"
"under-cabinet lighting",44,"describes the asset"
"refined classic",44,"describes the asset"
"indoor trees",44,"describes the asset"
"timber reception desk",44,"describes the asset"
"chrome fixtures",44,"describes the asset"
"metallic accents",44,"describes the asset"
"marble kitchen island",44,"describes the asset"
"white brick wall",44,"describes the asset"
"tropical contemporary",43,"describes the asset"
"concrete framing",43,"describes the asset"
"external louvers",43,"describes the asset"
"ornamental grasses",43,"describes the asset"
"exposed services ceiling",43,"describes the asset"
"warm ambient illumination",43,"describes the asset"
"travertine cladding",43,"describes the asset"
"sleek architectural",43,"describes the asset"
"teller counter",43,"describes the asset"
"under-counter lighting",43,"describes the asset"
"exterior building envelope",43,"describes the asset"
"scandi modern",43,"describes the asset"
"white marble flooring",43,"describes the asset"
"wood effect flooring",43,"describes the asset"
"tropical landscape",43,"describes the asset"
"australian vernacular",43,"describes the asset"
"upholstered sofa",43,"describes the asset"
"accessible bathroom",43,"describes the asset"
"outdoor sports facility",43,"describes the asset"
"indoor landscaping",43,"describes the asset"
"fluorescent lighting",43,"describes the asset"
"high-tech minimalist",43,"describes the asset"
"green wall",43,"describes the asset"
"timber beams",43,"describes the asset"
"linear ceiling slots",43,"describes the asset"
"high-tech retail",43,"describes the asset"
"group portrait",43,"describes the asset"
"timeless elegance",43,"describes the asset"
"marble side table",43,"describes the asset"
"built-in shelving unit",43,"describes the asset"
"fluted wall panelling",43,"describes the asset"
"strip windows",43,"describes the asset"
"stadium seating",43,"describes the asset"
"dynamic facade",43,"describes the asset"
"mannequins",43,"describes the asset"
"white walls",43,"describes the asset"
"rooftop pool deck",43,"describes the asset"
"vibrant workplace",43,"describes the asset"
"metal wall cladding",43,"describes the asset"
"executive modern",43,"describes the asset"
"modern",43,"describes the asset"
"backlit onyx counter",43,"describes the asset"
"stadium floodlights",43,"describes the asset"
"dark metal cladding",43,"describes the asset"
"vessel sink",43,"describes the asset"
"brick masonry base",42,"describes the asset"
"studio lighting",42,"describes the asset"
"timber ceiling",42,"describes the asset"
"sun shading fins",42,"describes the asset"
"corporate portrait",42,"describes the asset"
"fluid architecture",42,"describes the asset"
"retail kiosk",42,"describes the asset"
"urban rustic",42,"describes the asset"
"hydrotherapy pool",42,"describes the asset"
"timber slat partition",42,"describes the asset"
"tiled pool basin",42,"describes the asset"
"indoor water park",42,"describes the asset"
"metal screen partition",42,"describes the asset"
"marble clad columns",42,"describes the asset"
"conference stage",42,"describes the asset"
"functional commercial",42,"describes the asset"
"upholstered dining armchairs",42,"describes the asset"
"blue pendant lights",42,"describes the asset"
"curvilinear architecture",42,"describes the asset"
"product display",42,"describes the asset"
"upholstered lounge chairs",42,"describes the asset"
"branded signage",42,"describes the asset"
"bohemian chic",42,"describes the asset"
"warm industrial",42,"describes the asset"
"glazed storefront",42,"describes the asset"
"hr & admin",42,"describes the asset"
"industrial track lighting",42,"describes the asset"
"architectural screening",42,"describes the asset"
"contemporary high-rise",42,"describes the asset"
"suburban modern",42,"describes the asset"
"breakout lounge & pantry",42,"describes the asset"
"linear ac diffusers",42,"describes the asset"
"video conferencing screen",42,"describes the asset"
"steel roof truss",42,"describes the asset"
"campus masterplan",42,"describes the asset"
"workstation pods",42,"describes the asset"
"casual dining",42,"describes the asset"
"island bench",41,"describes the asset"
"curved driveway",41,"describes the asset"
"exterior glazing",41,"describes the asset"
"suspended acoustic ceiling tiles",41,"describes the asset"
"contemporary elegance",41,"describes the asset"
"indoor sports hall",41,"describes the asset"
"hygienic",41,"describes the asset"
"concrete plaza",41,"describes the asset"
"garden view",41,"describes the asset"
"functional sports facility",41,"describes the asset"
"grand elegance",41,"describes the asset"
"granite countertop",41,"describes the asset"
"lobby lounge",41,"describes the asset"
"wall graphic mural",41,"describes the asset"
"urban industrial",41,"describes the asset"
"recessed fluorescent troffers",41,"describes the asset"
"observation window",41,"describes the asset"
"angular geometric",41,"describes the asset"
"bold color accent",41,"describes the asset"
"exterior stairs",41,"describes the asset"
"rooftop solar panels",41,"describes the asset"
"monumental modernism",41,"describes the asset"
"utilitarian architecture",41,"describes the asset"
"starting blocks",41,"describes the asset"
"ergonomic conference chairs",41,"describes the asset"
"linoleum flooring",41,"describes the asset"
"clean modernism",41,"describes the asset"
"motion blur figure",41,"describes the asset"
"polished timber flooring",41,"describes the asset"
"purple accent wall",41,"describes the asset"
"shade sail canopy",41,"describes the asset"
"open concept bathroom",41,"describes the asset"
"educational modernism",41,"describes the asset"
"wall-mounted display monitor",41,"describes the asset"
"staircase",41,"describes the asset"
"dark brick facade",40,"describes the asset"
"timber-look vinyl flooring",40,"describes the asset"
"black marble countertop",40,"describes the asset"
"leather lounge chairs",40,"describes the asset"
"green lawn",40,"describes the asset"
"c-suite",40,"describes the asset"
"sophisticated corporate",40,"describes the asset"
"checkerboard floor tiles",40,"describes the asset"
"wood veneer cabinetry",40,"describes the asset"
"external staircase",40,"describes the asset"
"modern casual",40,"describes the asset"
"large picture windows",40,"describes the asset"
"metal balustrades",40,"describes the asset"
"modern scandinavian",40,"describes the asset"
"integrated display screen",40,"describes the asset"
"backlit onyx feature wall",40,"describes the asset"
"privacy curtain",40,"describes the asset"
"spherical pendant lights",40,"describes the asset"
"recessed ceiling",40,"describes the asset"
"urban context",40,"describes the asset"
"indirect lighting",40,"describes the asset"
"sculptural floor lamp",40,"describes the asset"
"light trails",40,"describes the asset"
"school courtyard",40,"describes the asset"
"balcony view",40,"describes the asset"
"automatic sliding doors",40,"describes the asset"
"architectural louvers",40,"describes the asset"
"surface parking lot",40,"describes the asset"
"communal table",40,"describes the asset"
"linear suspended lighting",40,"describes the asset"
"monumental minimalist",40,"describes the asset"
"water jets",40,"describes the asset"
"contemporary event",40,"describes the asset"
"reception desks",40,"describes the asset"
"panoramic city skyline view",40,"describes the asset"
"angular facade",40,"describes the asset"
"curved counter",40,"describes the asset"
"frameless glass shower enclosure",40,"describes the asset"
"curved ceiling cove lighting",40,"describes the asset"
"urban elegance",40,"describes the asset"
"commercial hospitality",40,"describes the asset"
"balcony",40,"describes the asset"
"skybridge",40,"describes the asset"
"modern geometric",39,"describes the asset"
"urban",39,"describes the asset"
"swimming pool view",39,"describes the asset"
"punched windows",39,"describes the asset"
"black window frames",39,"describes the asset"
"metal panel cladding",39,"describes the asset"
"contemporary armchairs",39,"describes the asset"
"polished terrazzo flooring",39,"describes the asset"
"biophilic contemporary",39,"describes the asset"
"fluted timber panelling",39,"describes the asset"
"molded plastic chairs",39,"describes the asset"
"sliding glass door",39,"describes the asset"
"mirrored wall panel",39,"describes the asset"
"modern tropical",39,"describes the asset"
"outdoor bench seating",39,"describes the asset"
"building facade",39,"describes the asset"
"cantilevered entrance canopy",39,"describes the asset"
"retail storefront",39,"describes the asset"
"contemporary campus",39,"describes the asset"
"warm wood accents",39,"describes the asset"
"frosted glass graphics",39,"describes the asset"
"biophilic integration",39,"describes the asset"
"casual corporate",39,"describes the asset"
"warm healthcare",39,"describes the asset"
"steel frame structure",39,"describes the asset"
"brise-soleil",39,"describes the asset"
"graphic modernism",39,"describes the asset"
"outdoor retail promenade",39,"describes the asset"
"cluster pendant lights",39,"describes the asset"
"jewelry boutique",39,"describes the asset"
"brutalist",39,"describes the asset"
"pendant light fixture",39,"describes the asset"
"opulent modernism",39,"describes the asset"
"landscaped parkland",39,"describes the asset"
"louvered facade",39,"describes the asset"
"porte-cochère",39,"describes the asset"
"built-in wardrobe",39,"describes the asset"
"amber glass pendant lights",39,"describes the asset"
"support team",39,"describes the asset"
"steel support columns",39,"describes the asset"
"matte black cabinetry",39,"describes the asset"
"accent pillows",39,"describes the asset"
"cafe dining area",39,"describes the asset"
"pitched roofs",39,"describes the asset"
"open plan study area",39,"describes the asset"
"timber boardwalk",39,"describes the asset"
"bright minimalist",39,"describes the asset"
"modern athletic",39,"describes the asset"
"textured feature wall",38,"describes the asset"
"mesh back task chairs",38,"describes the asset"
"modern opulence",38,"describes the asset"
"landscaped planter beds",38,"describes the asset"
"professional corporate",38,"describes the asset"
"stage lighting",38,"describes the asset"
"open plan living",38,"describes the asset"
"porte cochere",38,"describes the asset"
"biophilic outdoor",38,"describes the asset"
"curved metal cladding",38,"describes the asset"
"paved driveway",38,"describes the asset"
"sea view",38,"describes the asset"
"entrance lobby",38,"describes the asset"
"creative modern",38,"describes the asset"
"parametric",38,"describes the asset"
"full-height glass facade",38,"describes the asset"
"steel structural frame",38,"describes the asset"
"sleek contemporary",38,"describes the asset"
"warm wood tones",38,"describes the asset"
"studio product shot",38,"describes the asset"
"functional industrial",38,"describes the asset"
"classic hospitality",38,"describes the asset"
"recessed wall niches",38,"describes the asset"
"office interior",38,"describes the asset"
"integrated linear led lighting",38,"describes the asset"
"dynamic geometric",38,"describes the asset"
"high-gloss finish",38,"describes the asset"
"automotive retail",38,"describes the asset"
"heritage modern",38,"describes the asset"
"marble boardroom table",38,"describes the asset"
"commercial carpet tiles",38,"describes the asset"
"acoustic perforated ceiling",38,"describes the asset"
"residential lobby",38,"describes the asset"
"retro modern",38,"describes the asset"
"sliding pocket door",38,"describes the asset"
"exposed timber beams",38,"describes the asset"
"floor lamps",38,"describes the asset"
"resort luxury",38,"describes the asset"
"urban luxury",38,"describes the asset"
"round coffee tables",38,"describes the asset"
"boho chic",38,"describes the asset"
"hotel suite living room",37,"describes the asset"
"suspended acoustic ceiling",37,"describes the asset"
"suspended linear lighting",37,"describes the asset"
"timber doors",37,"describes the asset"
"outdoor lounge seating",37,"describes the asset"
"corporate reception",37,"describes the asset"
"pedestrian pathway",37,"describes the asset"
"integrated planter",37,"describes the asset"
"industrial modernism",37,"describes the asset"
"contemporary clean",37,"describes the asset"
"leather conference chairs",37,"describes the asset"
"bold graphic",37,"describes the asset"
"exercise bikes",37,"describes the asset"
"metallic finishes",37,"describes the asset"
"modern civic architecture",37,"describes the asset"
"contemporary bold",37,"describes the asset"
"glamorous modern",37,"describes the asset"
"banquet seating",37,"describes the asset"
"backlit wall panels",37,"describes the asset"
"timber architecture",37,"describes the asset"
"courtyard",37,"describes the asset"
"curved metal roof",37,"describes the asset"
"hotel reception",37,"describes the asset"
"striped area rug",37,"describes the asset"
"metal mesh screen",37,"describes the asset"
"hospitality interior",37,"describes the asset"
"exterior entrance plaza",37,"describes the asset"
"contemporary creative",37,"describes the asset"
"residential balconies",37,"describes the asset"
"indoor-outdoor integration",37,"describes the asset"
"modular seating",37,"describes the asset"
"mirrored wall panels",37,"describes the asset"
"serene neutral",37,"describes the asset"
"timber armchairs",37,"describes the asset"
"timber slat wall",37,"describes the asset"
"soffit downlights",37,"describes the asset"
"stone retaining wall",37,"describes the asset"
"counter seating",37,"describes the asset"
"heritage architecture",37,"describes the asset"
"industrial modernist",37,"describes the asset"
"open ceiling grid",37,"describes the asset"
"spider glass system",37,"describes the asset"
"wall mounted tv",37,"describes the asset"
"grand staircase",37,"describes the asset"
"granite cladding",37,"describes the asset"
"institutional contemporary",37,"describes the asset"
"outdoor patio",37,"describes the asset"
"corporate modernism",37,"describes the asset"
"balconies with glass balustrades",36,"describes the asset"
"hospitality-inspired healthcare",36,"describes the asset"
"recreational modernism",36,"describes the asset"
"floating staircase",36,"describes the asset"
"woven lounge chairs",36,"describes the asset"
"timber deck",36,"describes the asset"
"eclectic",36,"describes the asset"
"low coffee tables",36,"describes the asset"
"event hall",36,"describes the asset"
"soffit paneling",36,"describes the asset"
"high-bay industrial lighting",36,"describes the asset"
"grey floor tiles",36,"describes the asset"
"corporate branding",36,"describes the asset"
"stadium grandstand",36,"describes the asset"
"neutral",36,"describes the asset"
"uplighting",36,"describes the asset"
"outdoor play area",36,"describes the asset"
"surgical lights",36,"describes the asset"
"task chair",36,"describes the asset"
"outdoor covered walkway",36,"describes the asset"
"architectural",36,"describes the asset"
"perimeter windows",36,"describes the asset"
"recessed fluorescent troffer lighting",36,"describes the asset"
"atrium corridor",36,"describes the asset"
"waiting area",36,"describes the asset"
"executive meeting room",36,"describes the asset"
"baffle ceiling",36,"describes the asset"
"recessed exterior lighting",36,"describes the asset"
"woven armchair",36,"describes the asset"
"open show kitchen",36,"describes the asset"
"neutral walls",36,"describes the asset"
"emergency exit signage",36,"describes the asset"
"single-storey pavilion",36,"describes the asset"
"folding glass doors",36,"describes the asset"
"wayfinding graphics",36,"describes the asset"
"recessed square downlights",36,"describes the asset"
"high-tech architectural",36,"describes the asset"
"organic luxury",36,"describes the asset"
"herringbone timber floor",36,"describes the asset"
"curved lounge armchairs",36,"describes the asset"
"covered colonnade",36,"describes the asset"
"lime green accents",36,"describes the asset"
"sloped ceiling",36,"describes the asset"
"sun louvers",36,"describes the asset"
"timber bar counter",36,"describes the asset"
"recreational modern",35,"describes the asset"
"industrial infrastructure",35,"describes the asset"
"entrance canopy",35,"describes the asset"
"geometric floor pattern",35,"describes the asset"
"examination bed",35,"describes the asset"
"bookmatched marble wall",35,"describes the asset"
"white solid surface countertop",35,"describes the asset"
"indoor planter box",35,"describes the asset"
"roller shutter door",35,"describes the asset"
"acoustic drop ceiling",35,"describes the asset"
"retention pond",35,"describes the asset"
"event lounge",35,"describes the asset"
"suspended ceiling grid",35,"describes the asset"
"exterior louvers",35,"describes the asset"
"white tablecloths",35,"describes the asset"
"double-height glass facade",35,"describes the asset"
"arched floor lamp",35,"describes the asset"
"modern organic",35,"describes the asset"
"scandinavian-inspired",35,"describes the asset"
"mosaic pool tiles",35,"describes the asset"
"casual workplace",35,"describes the asset"
"exterior cladding",35,"describes the asset"
"treatment room",35,"describes the asset"
"design award gala",35,"describes the asset"
"concrete footpath",35,"describes the asset"
"acoustic divider screens",35,"describes the asset"
"glass pendant lights",35,"describes the asset"
"contemporary geometric",35,"describes the asset"
"parametric facade",35,"describes the asset"
"indoor plant",35,"describes the asset"
"retail signage",35,"describes the asset"
"sales gallery lounge",35,"describes the asset"
"black exposed ceiling",35,"describes the asset"
"dramatic ambient lighting",35,"describes the asset"
"aerial rendering",35,"describes the asset"
"alpine / ski",35,"describes the asset"
"timber louvres",35,"describes the asset"
"chaise lounge",35,"describes the asset"
"organic curves",35,"describes the asset"
"under-cabinet led lighting",35,"describes the asset"
"curved dropped ceiling",35,"describes the asset"
"glass partitioned offices",35,"describes the asset"
"timber door frame",35,"describes the asset"
"corrugated metal canopy",35,"describes the asset"
"double-height facade",35,"describes the asset"
"lounge area",35,"describes the asset"
"exposed services",35,"describes the asset"
"recessed entrance",35,"describes the asset"
"matte black finish",35,"describes the asset"
"parasols",35,"describes the asset"
"hanging greenery",35,"describes the asset"
"paved courtyard",35,"describes the asset"
"vibrant casual",35,"describes the asset"
"circular ceiling coffer",35,"describes the asset"
"minimalist layout",35,"describes the asset"
"curved pathways",35,"describes the asset"
"classical elegance",35,"describes the asset"
"urban minimalist",35,"describes the asset"
"frameless glass partition",35,"describes the asset"
"wainscoting",35,"describes the asset"
"white minimalist walls",34,"describes the asset"
"contemporary professional",34,"describes the asset"
"night architecture",34,"describes the asset"
"contemporary avant-garde",34,"describes the asset"
"plywood wall cladding",34,"describes the asset"
"double-height volume",34,"describes the asset"
"architectural rendering",34,"describes the asset"
"perforated metal ceiling",34,"describes the asset"
"striped carpet flooring",34,"describes the asset"
"functional educational",34,"describes the asset"
"modular training tables",34,"describes the asset"
"cushions",34,"describes the asset"
"drop-off driveway",34,"describes the asset"
"timber door",34,"describes the asset"
"access ramp",34,"describes the asset"
"timber conference table",34,"describes the asset"
"natural wood grain",34,"describes the asset"
"vertical fins",34,"describes the asset"
"geometric patterned rug",34,"describes the asset"
"wine glasses",34,"describes the asset"
"timber staircase",34,"describes the asset"
"curved curtain wall",34,"describes the asset"
"branded feature wall",34,"describes the asset"
"tiered lecture theatre",34,"describes the asset"
"coffee bar",34,"describes the asset"
"night cityscape view",34,"describes the asset"
"travertine floor tiles",34,"describes the asset"
"marble vanity counter",34,"describes the asset"
"entry canopy",34,"describes the asset"
"contemporary high-tech",34,"describes the asset"
"dramatic ambient",34,"describes the asset"
"warm elegant",34,"describes the asset"
"timber nightstand",34,"describes the asset"
"perforated metal cladding",34,"describes the asset"
"textured plaster wall",34,"describes the asset"
"conference chairs",34,"describes the asset"
"flexible learning",34,"describes the asset"
"breakout seating area",34,"describes the asset"
"polished black granite floor",34,"describes the asset"
"biophilic architecture",34,"describes the asset"
"terracotta floor tiles",34,"describes the asset"
"perimeter glazing",34,"describes the asset"
"contemporary bistro",34,"describes the asset"
"plush armchairs",34,"describes the asset"
"minimalist commercial",34,"describes the asset"
"feature graphic wall",34,"describes the asset"
"upholstered lounge armchairs",34,"describes the asset"
"steel structural columns",34,"describes the asset"
"handrail",34,"describes the asset"
"glass balustrade staircase",34,"describes the asset"
"hallway corridor",34,"describes the asset"
"glass canopy",34,"describes the asset"
"central courtyard",34,"describes the asset"
"modern executive",34,"describes the asset"
"overhanging eaves",34,"describes the asset"
"glassware",34,"describes the asset"
"minimalist industrial",34,"describes the asset"
"sophisticated dark palette",34,"describes the asset"
"master planning",34,"describes the asset"
"feature wall graphics",34,"describes the asset"
"corridor circulation",34,"describes the asset"
"aerial masterplan",34,"describes the asset"
"vibrant eclectic",34,"describes the asset"
"epoxy flooring",34,"describes the asset"
"modern boutique",34,"describes the asset"
"tropical chic",34,"describes the asset"
"display shelving unit",34,"describes the asset"
"colour-blocked",33,"describes the asset"
"floodlight towers",33,"describes the asset"
"civic infrastructure",33,"describes the asset"
"minimalist landscape",33,"describes the asset"
"swivel armchair",33,"describes the asset"
"wooden dining table",33,"describes the asset"
"high-tech contemporary",33,"describes the asset"
"shopping mall concourse",33,"describes the asset"
"linear led cove lighting",33,"describes the asset"
"glass double doors",33,"describes the asset"
"urban architectural",33,"describes the asset"
"pantry cabinetry",33,"describes the asset"
"coffee station",33,"describes the asset"
"clean functionalism",33,"describes the asset"
"poolside deck",33,"describes the asset"
"timber posts",33,"describes the asset"
"security turnstiles",33,"describes the asset"
"low-angle architectural view",33,"describes the asset"
"warm cove lighting",33,"describes the asset"
"timber roof beams",33,"describes the asset"
"ocean view balcony",33,"describes the asset"
"relaxed luxury",33,"describes the asset"
"composite cladding panels",33,"describes the asset"
"corridor / hallway",33,"describes the asset"
"night architecture photography",33,"describes the asset"
"shipping containers",33,"describes the asset"
"operable partition wall",33,"describes the asset"
"integrated step lighting",33,"describes the asset"
"concrete forecourt",33,"describes the asset"
"stainless steel appliances",33,"describes the asset"
"daybed sofa",33,"describes the asset"
"task seating",33,"describes the asset"
"built-in desk",33,"describes the asset"
"limestone cladding",33,"describes the asset"
"vanity desk",33,"describes the asset"
"sloped roof",33,"describes the asset"
"high ceiling atrium",33,"describes the asset"
"cardio equipment",33,"describes the asset"
"monochrome elegance",33,"describes the asset"
"pastel color palette",33,"describes the asset"
"vanity counter",33,"describes the asset"
"refined elegant",33,"describes the asset"
"black metal frames",33,"describes the asset"
"curved banquet seating",33,"describes the asset"
"perimeter landscaping",33,"describes the asset"
"glass entrance facade",33,"describes the asset"
"timber laminate cabinetry",33,"describes the asset"
"plush carpet flooring",33,"describes the asset"
"steel canopy",33,"describes the asset"
"blurred office background",33,"describes the asset"
"glass entrance door",33,"describes the asset"
"exterior awning",33,"describes the asset"
"paved forecourt",33,"describes the asset"
"undercounter led lighting",33,"describes the asset"
"dynamic form",33,"describes the asset"
"polished terrazzo floor",33,"describes the asset"
"open riser staircase",33,"describes the asset"
"porcelain floor tiles",33,"describes the asset"
"exterior daylight",32,"describes the asset"
"outdoor cafe terrace",32,"describes the asset"
"large conference table",32,"describes the asset"
"nightstand",32,"describes the asset"
"automotive service center",32,"describes the asset"
"consultation desk",32,"describes the asset"
"corporate commercial",32,"describes the asset"
"mulch garden bed",32,"describes the asset"
"timber bar stools",32,"describes the asset"
"vip lounge",32,"describes the asset"
"built-in bathtub",32,"describes the asset"
"opulent luxury",32,"describes the asset"
"opulent hospitality",32,"describes the asset"
"checkerboard marble floor",32,"describes the asset"
"bedside table lamps",32,"describes the asset"
"compact modern",32,"describes the asset"
"brass chandelier",32,"describes the asset"
"living & dining room",32,"describes the asset"
"corridor walkway",32,"describes the asset"
"dumbbell rack",32,"describes the asset"
"louvred facade",32,"describes the asset"
"frosted glass manifestation",32,"describes the asset"
"warm wood interior",32,"describes the asset"
"louvred windows",32,"describes the asset"
"curved glass balustrade",32,"describes the asset"
"modern chandelier",32,"describes the asset"
"vinyl sheet flooring",32,"describes the asset"
"integrated signage",32,"describes the asset"
"playful minimalist",32,"describes the asset"
"floral centerpieces",32,"describes the asset"
"futuristic contemporary",32,"describes the asset"
"neutral wall panels",32,"describes the asset"
"backlit feature wall",32,"describes the asset"
"leather office chairs",32,"describes the asset"
"contemporary pop",32,"describes the asset"
"warm organic",32,"describes the asset"
"landscaping trees",32,"describes the asset"
"gravel pathway",32,"describes the asset"
"blue mosaic tiles",32,"describes the asset"
"modern penthouse",32,"describes the asset"
"metallic finish",32,"describes the asset"
"frosted film pattern",32,"describes the asset"
"grass lawn",32,"describes the asset"
"king size bed",32,"describes the asset"
"side tables",32,"describes the asset"
"contemporary cafe",32,"describes the asset"
"curtain drapery",32,"describes the asset"
"contemporary sofa",32,"describes the asset"
"wood panel ceiling",32,"describes the asset"
"educational modern",32,"describes the asset"
"aluminum framed windows",32,"describes the asset"
"mosaic tile flooring",32,"describes the asset"
"cylindrical structural column",32,"describes the asset"
"recessed linear led lighting",32,"describes the asset"
"urban biophilic",32,"describes the asset"
"timber veneer cabinetry",32,"describes the asset"
"monolithic",32,"describes the asset"
"tactile ground surface indicators",32,"describes the asset"
"architectural timber",32,"describes the asset"
"pitched metal roof",32,"describes the asset"
"contemporary exterior",32,"describes the asset"
"warm ambiance",32,"describes the asset"
"woven wall tapestry",32,"describes the asset"
"basketball hoop",32,"describes the asset"
"serene elegance",32,"describes the asset"
"civic landscape",32,"describes the asset"
"louvred screens",32,"describes the asset"
"curtain wall",31,"describes the asset"
"low-rise building",31,"describes the asset"
"automotive display",31,"describes the asset"
"biophilic resort",31,"describes the asset"
"integrated power outlets",31,"describes the asset"
"glass shopfronts",31,"describes the asset"
"wicker armchairs",31,"describes the asset"
"hospitality modern",31,"describes the asset"
"wall-mounted television",31,"describes the asset"
"bold color accents",31,"describes the asset"
"patterned upholstery",31,"describes the asset"
"sculptural lighting",31,"describes the asset"
"linear",31,"describes the asset"
"dark elegance",31,"describes the asset"
"large panoramic windows",31,"describes the asset"
"painted brick wall",31,"describes the asset"
"hamptons style",31,"describes the asset"
"sculptural coffee table",31,"describes the asset"
"curved acoustic ceiling",31,"describes the asset"
"paved concourse",31,"describes the asset"
"geometric cutouts",31,"describes the asset"
"biophilic planting",31,"describes the asset"
"motorcycle showroom",31,"describes the asset"
"contemporary sustainable",31,"describes the asset"
"modern elegant",31,"describes the asset"
"recessed niche",31,"describes the asset"
"rendered facade",31,"describes the asset"
"modular lounge sofa",31,"describes the asset"
"restaurant entrance",31,"describes the asset"
"brand-centric",31,"describes the asset"
"timber cladding facade",31,"describes the asset"
"digital signage screen",31,"describes the asset"
"reflective glazing",31,"describes the asset"
"open staircase",31,"describes the asset"
"curved armchairs",31,"describes the asset"
"linear geometry",31,"describes the asset"
"outdoor pool deck",31,"describes the asset"
"modern wellness",31,"describes the asset"
"traditional blessing ceremony",31,"describes the asset"
"natural timber",31,"describes the asset"
"u-shaped conference table",31,"describes the asset"
"conference phone",31,"describes the asset"
"brass trim",31,"describes the asset"
"oval meeting table",31,"describes the asset"
"floating vanity unit",31,"describes the asset"
"concrete pavers",31,"describes the asset"
"custom patterned carpet",31,"describes the asset"
"timber vinyl flooring",31,"describes the asset"
"subtropical architecture",31,"describes the asset"
"london",31,"already modelled: studio"
"curved wood paneling",31,"describes the asset"
"urban sophisticated",31,"describes the asset"
"timber open shelving",31,"describes the asset"
"integrated led strip lighting",31,"describes the asset"
"open atrium",31,"describes the asset"
"natural materials",31,"describes the asset"
"exterior landscape lighting",31,"describes the asset"
"globe pendant light",31,"describes the asset"
"paved terrace",31,"describes the asset"
"outdoor garden",31,"describes the asset"
"glass enclosure",31,"describes the asset"
"shag area rug",31,"describes the asset"
"minimalist elegant",30,"describes the asset"
"kitchen island counter",30,"describes the asset"
"curved island counter",30,"describes the asset"
"high-contrast",30,"describes the asset"
"futuristic minimalist",30,"describes the asset"
"industrial pendant lighting",30,"describes the asset"
"brass pendant lighting",30,"describes the asset"
"brass pendant lights",30,"describes the asset"
"sleek automotive design",30,"describes the asset"
"contextual design",30,"describes the asset"
"corrugated metal facade",30,"describes the asset"
"steel portal frame",30,"describes the asset"
"urban glamour",30,"describes the asset"
"corporate luxury",30,"describes the asset"
"landscape integrated",30,"describes the asset"
"terrazzo wall tiles",30,"describes the asset"
"acoustic panels",30,"describes the asset"
"open-air",30,"describes the asset"
"futuristic hospitality",30,"describes the asset"
"curved linear led lighting",30,"describes the asset"
"timber slat wall paneling",30,"describes the asset"
"suburban masterplan",30,"describes the asset"
"handwash basin",30,"describes the asset"
"open office layout",30,"describes the asset"
"timber pergolas",30,"describes the asset"
"retail shelving",30,"describes the asset"
"futuristic corporate",30,"describes the asset"
"guest bedroom",30,"describes the asset"
"built-in bookcase",30,"describes the asset"
"tensile fabric canopy",30,"describes the asset"
"curved architecture",30,"describes the asset"
"black metal fence",30,"describes the asset"
"grey marble wall cladding",30,"describes the asset"
"moody hospitality",30,"describes the asset"
"industrial architectural",30,"describes the asset"
"glass display cases",30,"describes the asset"
"waterfront boardwalk",30,"describes the asset"
"industrial touch",30,"describes the asset"
"bleacher seating",30,"describes the asset"
"horizontal ribbon windows",30,"describes the asset"
"water play feature",30,"describes the asset"
"geometric patterned screen",30,"describes the asset"
"low angle perspective",30,"describes the asset"
"dramatic",30,"describes the asset"
"nature-inspired",30,"describes the asset"
"hydraulic car lift",30,"describes the asset"
"tennis net",30,"describes the asset"
"graphic minimalist",30,"describes the asset"
"metal railings",30,"describes the asset"
"exhibition gallery",30,"describes the asset"
"residential feel",30,"describes the asset"
"grey marble flooring",30,"describes the asset"
"security fencing",30,"describes the asset"
"clean corporate",30,"describes the asset"
"sculptural modern",30,"describes the asset"
"contemporary academic",30,"describes the asset"
"recessed linear ceiling lights",29,"describes the asset"
"curved layout",29,"describes the asset"
"sleek futuristic",29,"describes the asset"
"leather lounge seating",29,"describes the asset"
"frosted glass door",29,"describes the asset"
"warm wood finishes",29,"describes the asset"
"modern monochrome",29,"describes the asset"
"natural textures",29,"describes the asset"
"velvet armchair",29,"describes the asset"
"wainscoting wall paneling",29,"describes the asset"
"serene hospitality",29,"describes the asset"
"blue carpet flooring",29,"describes the asset"
"branding signage",29,"describes the asset"
"consultation room",29,"describes the asset"
"timber laminate flooring",29,"describes the asset"
"colorful modern",29,"describes the asset"
"slate floor tiles",29,"describes the asset"
"hospitality-infused workplace",29,"describes the asset"
"exposed concrete walls",29,"describes the asset"
"brick base",29,"describes the asset"
"urban sophistication",29,"describes the asset"
"glass showcase counters",29,"describes the asset"
"glass display case",29,"describes the asset"
"operating table",29,"describes the asset"
"terrazzo wall cladding",29,"describes the asset"
"rain shower head",29,"describes the asset"
"bakery counter",29,"describes the asset"
"moody minimalist",29,"describes the asset"
"backlit liquor display",29,"describes the asset"
"exposed ceiling pipes",29,"describes the asset"
"display showcase",29,"describes the asset"
"curtain wall system",29,"describes the asset"
"integrated linear lighting",29,"describes the asset"
"transit-oriented development",29,"describes the asset"
"dark ceiling",29,"describes the asset"
"sculptural lounge chairs",29,"describes the asset"
"symmetrical layout",29,"describes the asset"
"waterfront development",29,"describes the asset"
"organic minimalist",29,"describes the asset"
"sleek functional",29,"describes the asset"
"corporate professional",29,"describes the asset"
"commercial carpet flooring",29,"describes the asset"
"led backdrop screen",29,"describes the asset"
"checkerboard floor",29,"describes the asset"
"double vanity",29,"describes the asset"
"corridor / circulation space",29,"describes the asset"
"mannequin display",29,"describes the asset"
"modular ottomans",29,"describes the asset"
"eucalyptus tree",29,"describes the asset"
"contemporary futuristic",29,"describes the asset"
"indoor-outdoor flow",29,"describes the asset"
"engineered timber flooring",29,"describes the asset"
"upholstered bar stools",29,"describes the asset"
"modern bistro",29,"describes the asset"
"concrete facade",29,"describes the asset"
"lounge seating group",29,"describes the asset"
"indoor water feature",29,"describes the asset"
"reflective surface",29,"describes the asset"
"contemporary cozy",29,"describes the asset"
"cobblestone driveway",29,"describes the asset"
"corporate standard",29,"describes the asset"
"landscaping planters",29,"describes the asset"
"airy",29,"describes the asset"
"exposed steel rafters",29,"describes the asset"
"accent pillow",29,"describes the asset"
"daybed",29,"describes the asset"
"courtyard layout",29,"describes the asset"
"coffered timber ceiling",29,"describes the asset"
"street intersection",29,"describes the asset"
"communal dining tables",28,"describes the asset"
"perimeter security fencing",28,"describes the asset"
"textured accent wall",28,"describes the asset"
"elevated walkway",28,"describes the asset"
"beachfront promenade",28,"describes the asset"
"recessed step lighting",28,"describes the asset"
"timber treads",28,"describes the asset"
"round marble coffee table",28,"describes the asset"
"outdoor dining tables",28,"describes the asset"
"flexible meeting room",28,"describes the asset"
"curved service counter",28,"describes the asset"
"v-shaped structural columns",28,"describes the asset"
"podium lectern",28,"describes the asset"
"palm tree landscaping",28,"describes the asset"
"fine dining table setting",28,"describes the asset"
"branded graphic wall",28,"describes the asset"
"interconnecting staircase",28,"describes the asset"
"projector ceiling mount",28,"describes the asset"
"carpet tile",28,"describes the asset"
"chevron timber flooring",28,"describes the asset"
"circular skylight",28,"describes the asset"
"functional layout",28,"describes the asset"
"design principal",28,"describes the asset"
"supermarket aisle",28,"describes the asset"
"school library",28,"describes the asset"
"hvac ductwork",28,"describes the asset"
"circular coffee table",28,"describes the asset"
"conceptual sketch",28,"describes the asset"
"architectural facade",28,"describes the asset"
"underwater lighting",28,"describes the asset"
"traffic light trails",28,"describes the asset"
"sleek automotive",28,"describes the asset"
"contemporary adaptive reuse",28,"describes the asset"
"sculptural ceiling",28,"describes the asset"
"refrigerated display counter",28,"describes the asset"
"limestone wall cladding",28,"describes the asset"
"display case",28,"describes the asset"
"typography",28,"describes the asset"
"sleek urban",28,"describes the asset"
"curvilinear",28,"describes the asset"
"steel truss structure",28,"describes the asset"
"landscaped embankment",28,"describes the asset"
"metallic coffee table",28,"describes the asset"
"contemporary graphic",28,"describes the asset"
"hygienic modern",28,"describes the asset"
"eclectic chic",28,"describes the asset"
"exterior night lighting",28,"describes the asset"
"lake view",28,"describes the asset"
"swivel lounge chairs",28,"describes the asset"
"colorful accents",28,"describes the asset"
"metal wall panels",28,"describes the asset"
"contemporary architecture",28,"describes the asset"
"outdoor swimming pool deck",28,"describes the asset"
"clerestory glazing",28,"describes the asset"
"overhanging canopy",28,"describes the asset"
"acoustic grid ceiling",28,"describes the asset"
"king-size bed",28,"describes the asset"
"built-in credenza",28,"describes the asset"
"contemporary nightlife",28,"describes the asset"
"full-height glass curtain wall",28,"describes the asset"
"contemporary architectural",28,"describes the asset"
"round banquet tables",28,"describes the asset"
"lush garden view",28,"describes the asset"
"living wall",28,"describes the asset"
"concealed lighting",28,"describes the asset"
"acoustic wall cladding",28,"describes the asset"
"concrete benches",28,"describes the asset"
"color blocked",28,"describes the asset"
"cleanroom environment",28,"describes the asset"
"oval coffee table",28,"describes the asset"
"modern automotive",28,"describes the asset"
"polished black marble flooring",28,"describes the asset"
"ceiling mounted projectors",28,"describes the asset"
"pendant cylinder lighting",28,"describes the asset"
"rustic contemporary",28,"describes the asset"
"mirrored panels",27,"describes the asset"
"curved timber bench",27,"describes the asset"
"coastal landscaping",27,"describes the asset"
"vertical greenery",27,"describes the asset"
"sustainable landscape",27,"describes the asset"
"hardwood timber flooring",27,"describes the asset"
"floor-to-ceiling sheer curtains",27,"describes the asset"
"curved cove ceiling",27,"describes the asset"
"custom pendant lighting",27,"describes the asset"
"automotive luxury",27,"describes the asset"
"executive private office",27,"describes the asset"
"contemporary athletic",27,"describes the asset"
"glass display showcase",27,"describes the asset"
"sleek commercial",27,"describes the asset"
"moody luxury",27,"describes the asset"
"wayfinding signage totem",27,"describes the asset"
"raw industrial",27,"describes the asset"
"open kitchen",27,"describes the asset"
"mannequin displays",27,"describes the asset"
"playful hospitality",27,"describes the asset"
"timber ceiling louvers",27,"describes the asset"
"high-tech functional",27,"describes the asset"
"display niche",27,"describes the asset"
"cocktail glassware",27,"describes the asset"
"feature wall paneling",27,"describes the asset"
"wooden handrail",27,"describes the asset"
"heritage restoration",27,"describes the asset"
"artistic modern",27,"describes the asset"
"open-plan collaborative",27,"describes the asset"
"glass enclosed shower",27,"describes the asset"
"glass balustrade mezzanine",27,"describes the asset"
"dual monitor setup",27,"describes the asset"
"pedestrian bridge",27,"describes the asset"
"built-in oven",27,"describes the asset"
"metal canopy",27,"describes the asset"
"terracotta roof tiles",27,"describes the asset"
"yellow feature wall",27,"describes the asset"
"native planting",27,"describes the asset"
"kids play area",27,"describes the asset"
"open-air mall",27,"describes the asset"
"corrugated metal siding",27,"describes the asset"
"concrete sidewalk",27,"describes the asset"
"traditional ceremony",27,"describes the asset"
"indoor potted palms",27,"describes the asset"
"high ceilings",27,"describes the asset"
"modern lounge seating",27,"describes the asset"
"regional architecture",27,"describes the asset"
"industrial heritage",27,"describes the asset"
"courtyard view",27,"describes the asset"
"black track lighting",27,"describes the asset"
"classic modern",27,"describes the asset"
"accessible restroom",27,"describes the asset"
"mezzanine gallery",27,"describes the asset"
"vanity mirror",27,"describes the asset"
"frosted glass screen",27,"describes the asset"
"open plan workstation area",27,"describes the asset"
"glazed partition wall",27,"describes the asset"
"huddle room",27,"describes the asset"
"recessed track spotlights",27,"describes the asset"
"urban intersection",27,"describes the asset"
"workstation cluster",27,"describes the asset"
"cylindrical structural columns",27,"describes the asset"
"large wall mirror",27,"describes the asset"
"warm interior glow",27,"describes the asset"
"cafe seating",27,"describes the asset"
"black metal framework",27,"describes the asset"
"black framed glass partitions",27,"describes the asset"
"wood-look flooring",27,"describes the asset"
"oriental modernism",27,"describes the asset"
"diffused natural daylight",27,"describes the asset"
"large vanity mirror",27,"describes the asset"
"studio product photography",27,"describes the asset"
"resort architecture",27,"describes the asset"
"glass partition door",27,"describes the asset"
"ambient warm lighting",27,"describes the asset"
"waterfront view",27,"describes the asset"
"skylight feature",27,"describes the asset"
"graphic asset",27,"describes the asset"
"dark wood wall panelling",27,"describes the asset"
"sleek high-tech",27,"describes the asset"
"buffet restaurant",27,"describes the asset"
"pediatric waiting area",27,"describes the asset"
"futuristic elegance",27,"describes the asset"
"engineered wood flooring",27,"describes the asset"
"sports stadium",26,"describes the asset"
"tropical modernist",26,"describes the asset"
"laminate joinery",26,"describes the asset"
"black pendant lights",26,"describes the asset"
"recessed square lighting",26,"describes the asset"
"boutique chic",26,"describes the asset"
"hospitality-inspired workplace",26,"describes the asset"
"modular conference table",26,"describes the asset"
"elevator lobby / corridor",26,"describes the asset"
"suburban modernism",26,"describes the asset"
"event stage",26,"describes the asset"
"cantilevered roof overhang",26,"describes the asset"
"angled steel columns",26,"describes the asset"
"monochrome modern",26,"describes the asset"
"large window",26,"describes the asset"
"curved timber ceiling",26,"describes the asset"
"coffee table styling",26,"describes the asset"
"sliding glass partition",26,"describes the asset"
"shag rug",26,"describes the asset"
"hydraulic car lifts",26,"describes the asset"
"tub armchairs",26,"describes the asset"
"steel roof trusses",26,"describes the asset"
"digital screens",26,"describes the asset"
"modern recreation",26,"describes the asset"
"lazy susan turntable",26,"describes the asset"
"lush greenery view",26,"describes the asset"
"architectural modernism",26,"describes the asset"
"travertine wall tiles",26,"describes the asset"
"glazed balustrade",26,"describes the asset"
"office desk",26,"describes the asset"
"leather upholstery",26,"describes the asset"
"vibrant color accents",26,"describes the asset"
"digital graphic asset",26,"describes the asset"
"white cladding panels",26,"describes the asset"
"pendant light fixtures",26,"describes the asset"
"red dining chairs",26,"describes the asset"
"tennis court",26,"describes the asset"
"bird's eye view",26,"describes the asset"
"modernist architecture",26,"describes the asset"
"child-centric design",26,"describes the asset"
"bedside lamp",26,"describes the asset"
"city skyline",26,"describes the asset"
"ev charging station",26,"describes the asset"
"leather upholstered chairs",26,"describes the asset"
"city views",26,"describes the asset"
"landscape architecture",26,"describes the asset"
"black window mullions",26,"describes the asset"
"stairwell",26,"describes the asset"
"hospital ward",26,"describes the asset"
"backlit ceiling panels",26,"describes the asset"
"monumental elegance",26,"describes the asset"
"glossy white floor tiles",26,"describes the asset"
"sun shading louvers",26,"describes the asset"
"panoramic ocean view",26,"describes the asset"
"abstract patterned carpet",26,"describes the asset"
"frosted glass panels",26,"describes the asset"
"outdoor retail concourse",26,"describes the asset"
"graphic modern",26,"describes the asset"
"built-in storage cabinets",26,"describes the asset"
"exposed aggregate paving",26,"describes the asset"
"road network",26,"describes the asset"
"monochrome accents",26,"describes the asset"
"pastry display case",26,"describes the asset"
"moody modern",26,"describes the asset"
"cultural integration",26,"describes the asset"
"polished floor tile",26,"describes the asset"
"yoga mats",26,"describes the asset"
"warm timber modernism",26,"describes the asset"
"translucent roof panels",26,"describes the asset"
"candid",26,"describes the asset"
"double vanity counter",26,"describes the asset"
"chrome hardware",26,"describes the asset"
"open plan kitchen",26,"describes the asset"
"sophisticated residential",26,"describes the asset"
"outdoor learning area",26,"describes the asset"
"textured carpet tile",26,"describes the asset"
"wooden staircase",26,"describes the asset"
"storage lockers",26,"describes the asset"
"building exterior & entrance",26,"describes the asset"
"recessed troffer lights",26,"describes the asset"
"industrial open ceiling",26,"describes the asset"
"linear workstations",26,"describes the asset"
"entrance foyer",26,"describes the asset"
"geometric soffit",26,"describes the asset"
"ping pong table",26,"describes the asset"
"recessed wall wash lighting",26,"describes the asset"
"metal roof cladding",26,"describes the asset"
"industrial ceiling grid",26,"describes the asset"
"accessible",26,"describes the asset"
"built-in joinery",26,"describes the asset"
"cafe seating area",26,"describes the asset"
"acoustic paneling",26,"describes the asset"
"tufted leather banquette",26,"describes the asset"
"modular desks",26,"describes the asset"
"stepped amphitheater seating",26,"describes the asset"
"art-infused",26,"describes the asset"
"louvered glass windows",26,"describes the asset"
"full-length mirror",26,"describes the asset"
"concrete look flooring",26,"describes the asset"
"white workstations",26,"describes the asset"
"subtropical modernism",25,"describes the asset"
"stainless steel countertop",25,"describes the asset"
"opulent minimalism",25,"describes the asset"
"dramatic elegance",25,"describes the asset"
"geometric area rug",25,"describes the asset"
"bright contemporary",25,"describes the asset"
"meeting room entrance",25,"describes the asset"
"coastal resort",25,"describes the asset"
"pedestrian pathways",25,"describes the asset"
"exit sign",25,"describes the asset"
"warm backlighting",25,"describes the asset"
"cornice detailing",25,"describes the asset"
"functional luxury",25,"describes the asset"
"urban high-rise",25,"describes the asset"
"room signage",25,"describes the asset"
"modern clinical",25,"describes the asset"
"long dining table",25,"describes the asset"
"v-shaped concrete columns",25,"describes the asset"
"streetscape integration",25,"describes the asset"
"strip lighting",25,"describes the asset"
"orchid floral arrangement",25,"describes the asset"
"cozy modern",25,"describes the asset"
"brise soleil",25,"describes the asset"
"arc floor lamp",25,"describes the asset"
"perforated ceiling panels",25,"describes the asset"
"curved track lighting",25,"describes the asset"
"moody ambiance",25,"describes the asset"
"exterior pathway",25,"describes the asset"
"living lounge",25,"describes the asset"
"riyadh",25,"already modelled: studio"
"feature wall art",25,"describes the asset"
"patterned commercial carpet",25,"describes the asset"
"upholstered bench seating",25,"describes the asset"
"breakout collaboration area",25,"describes the asset"
"ambient interior lighting",25,"describes the asset"
"tropical vernacular",25,"describes the asset"
"acoustic desktop screens",25,"describes the asset"
"linear louver ceiling",25,"describes the asset"
"concrete concourse",25,"describes the asset"
"contemporary executive",25,"describes the asset"
"textured stone feature wall",25,"describes the asset"
"multi-purpose hall",25,"describes the asset"
"feature wall graphic",25,"describes the asset"
"night photography",25,"describes the asset"
"slanted curtain wall",25,"describes the asset"
"hardwood sports flooring",25,"describes the asset"
"graphic design",25,"describes the asset"
"bold typography",25,"describes the asset"
"contemporary automotive",25,"describes the asset"
"metal fence",25,"describes the asset"
"suspended linear led lighting",25,"describes the asset"
"mulched garden bed",25,"describes the asset"
"oval conference table",25,"describes the asset"
"wall art installation",25,"describes the asset"
"patient-centric modern",25,"describes the asset"
"acoustic wall finish",25,"describes the asset"
"privacy curtain track",25,"describes the asset"
"hotel suite",25,"describes the asset"
"overhanging roof eaves",25,"describes the asset"
"tailored sophistication",25,"describes the asset"
"branded corporate",25,"describes the asset"
"refined neutral",25,"describes the asset"
"modular poufs",25,"describes the asset"
"concrete ramp",25,"describes the asset"
"floodlight tower",25,"describes the asset"
"metal roof",25,"describes the asset"
"structural glass facade",25,"describes the asset"
"courtyard & exterior facade",25,"describes the asset"
"formal studio white",25,"describes the asset"
"stage lighting truss",25,"describes the asset"
"consultation booths",25,"describes the asset"
"vibrant corporate",25,"describes the asset"
"timber plank ceiling",25,"describes the asset"
"linear slatted ceiling",25,"describes the asset"
"transitional modern",25,"describes the asset"
"neoclassical modern",25,"describes the asset"
"airy and bright",25,"describes the asset"
"pedestrian streetscape",25,"describes the asset"
"contemporary art",25,"describes the asset"
"moody palette",25,"describes the asset"
"illuminated architecture",25,"describes the asset"
"scandinavian minimal",25,"describes the asset"
"glulam beams",25,"describes the asset"
"black marble wall cladding",25,"describes the asset"
"marble tabletop",25,"describes the asset"
"light wood laminate flooring",25,"describes the asset"
"natural landscape",25,"describes the asset"
"grand ballroom",25,"describes the asset"
"dark ceramic floor tiles",25,"describes the asset"
"modern contemporary",25,"describes the asset"
"display niches",25,"describes the asset"
"timber column cladding",25,"describes the asset"
"coffee bar counter",25,"describes the asset"
"retail display shelving",25,"describes the asset"
"open plan workstation zone",25,"describes the asset"
"tiered auditorium seating",25,"describes the asset"
"professional headshot",25,"describes the asset"
"high-tech medical",25,"describes the asset"
"monument signage",25,"describes the asset"
"high-tech industrial",25,"describes the asset"
"urban skyline",25,"describes the asset"
"integrated av screen",25,"describes the asset"
"organic contemporary",25,"describes the asset"
"pantry kitchenette",25,"describes the asset"
"sloped metal roof",25,"describes the asset"
"modern sophistication",25,"describes the asset"
"landscape-integrated",25,"describes the asset"
"stage platform",25,"describes the asset"
"floral arrangements",25,"describes the asset"
"coastal architecture",24,"describes the asset"
"green roofs",24,"describes the asset"
"color block",24,"describes the asset"
"indirect cove lighting",24,"describes the asset"
"meeting room corridor",24,"describes the asset"
"white panel facade",24,"describes the asset"
"marble floor tiles",24,"describes the asset"
"glass wardrobe doors",24,"describes the asset"
"geometric patterned floor",24,"describes the asset"
"open plan living & dining area",24,"describes the asset"
"campus master plan",24,"describes the asset"
"dining nook",24,"describes the asset"
"podium retail",24,"describes the asset"
"fluted columns",24,"describes the asset"
"recessed ceiling downlights",24,"describes the asset"
"curved wall feature",24,"describes the asset"
"upholstered bed",24,"describes the asset"
"bronze metal trims",24,"describes the asset"
"night exterior lighting",24,"describes the asset"
"wall art",24,"describes the asset"
"retail shopfronts",24,"describes the asset"
"digital display screens",24,"describes the asset"
"tropical foliage",24,"describes the asset"
"urban cafe",24,"describes the asset"
"glass showcase counter",24,"describes the asset"
"grey ceramic floor tiles",24,"describes the asset"
"red brick wall",24,"describes the asset"
"white subway tiles",24,"describes the asset"
"building entrance lobby",24,"describes the asset"
"ceremonial",24,"describes the asset"
"sculptural canopy",24,"describes the asset"
"ai & technology taskforce",24,"describes the asset"
"tranquil",24,"describes the asset"
"pavilion style",24,"describes the asset"
"reception lounge seating",24,"describes the asset"
"minimalist executive",24,"describes the asset"
"exhaust hood",24,"describes the asset"
"white reception desk",24,"describes the asset"
"open ductwork",24,"describes the asset"
"industrial corporate",24,"describes the asset"
"geometric form",24,"describes the asset"
"cubicle workstations",24,"describes the asset"
"city view window",24,"describes the asset"
"recessed ceiling spotlight",24,"describes the asset"
"glazed sliding doors",24,"describes the asset"
"frameless glass shower screen",24,"describes the asset"
"white tablecloth",24,"describes the asset"
"coffer ceiling",24,"describes the asset"
"travertine flooring",24,"describes the asset"
"open ceiling structure",24,"describes the asset"
"tactile materiality",24,"describes the asset"
"modular conference tables",24,"describes the asset"
"integrated video conferencing display",24,"describes the asset"
"under construction",24,"describes the asset"
"traffic signals",24,"describes the asset"
"executive corporate",24,"describes the asset"
"tinted glass partition",24,"describes the asset"
"skylight canopy",24,"describes the asset"
"geometric chandelier",24,"describes the asset"
"vessel sinks",24,"describes the asset"
"sculptural decor",24,"describes the asset"
"tech-enabled",24,"describes the asset"
"monk blessing ceremony",24,"describes the asset"
"contemporary outdoor",24,"describes the asset"
"refined organic",24,"describes the asset"
"statement pendant light",24,"describes the asset"
"lounge armchair",24,"describes the asset"
"warm timber aesthetic",24,"describes the asset"
"welcoming",24,"describes the asset"
"vernacular modernism",24,"describes the asset"
"external facade",24,"describes the asset"
"curved modular seating",24,"describes the asset"
"service counters",24,"describes the asset"
"blue upholstered chairs",24,"describes the asset"
"geometric wall feature",24,"describes the asset"
"integrated accent lighting",24,"describes the asset"
"conceptual",24,"describes the asset"
"aluminium composite panels",24,"describes the asset"
"cobblestone paving",24,"describes the asset"
"suspended ceiling feature",24,"describes the asset"
"steel truss ceiling",24,"describes the asset"
"integrated joinery",24,"describes the asset"
"linear wall sconces",24,"describes the asset"
"sun louvres",23,"describes the asset"
"exterior canopy",23,"describes the asset"
"marble clad column",23,"describes the asset"
"color blocking",23,"describes the asset"
"concrete bench",23,"describes the asset"
"polished",23,"describes the asset"
"glazed entrance doors",23,"describes the asset"
"woven rattan pendant lights",23,"describes the asset"
"full-height mirror",23,"describes the asset"
"under-desk mobile pedestals",23,"describes the asset"
"white ceramic wall tiles",23,"describes the asset"
"wall mounted display screen",23,"describes the asset"
"flexible workplace",23,"describes the asset"
"recessed soffit lighting",23,"describes the asset"
"polished tiled flooring",23,"describes the asset"
"induction cooktop",23,"describes the asset"
"modular banquette seating",23,"describes the asset"
"professional modern",23,"describes the asset"
"refined",23,"describes the asset"
"exposed structural beams",23,"describes the asset"
"athletic modern",23,"describes the asset"
"curved wall partition",23,"describes the asset"
"modern architecture",23,"describes the asset"
"open plan learning area",23,"describes the asset"
"hygienic wall cladding",23,"describes the asset"
"mosaic tile floor",23,"describes the asset"
"rooftop deck",23,"describes the asset"
"curved bulkheads",23,"describes the asset"
"timber headboard",23,"describes the asset"
"contemporary vibrant",23,"describes the asset"
"sports pavilion",23,"describes the asset"
"turnstile access gates",23,"describes the asset"
"copper dome pendant lights",23,"describes the asset"
"dark background",23,"describes the asset"
"backlit onyx wall",23,"describes the asset"
"stone cladding wall",23,"describes the asset"
"minimalist branding",23,"describes the asset"
"industrial ducts",23,"describes the asset"
"laptop workstation",23,"describes the asset"
"refined casual",23,"describes the asset"
"educational architecture",23,"describes the asset"
"moody contemporary",23,"describes the asset"
"clear sky",23,"describes the asset"
"linear modernism",23,"describes the asset"
"metal fascia",23,"describes the asset"
"candid documentary",23,"describes the asset"
"master plan",23,"describes the asset"
"illuminated reception desk",23,"describes the asset"
"warm eclectic",23,"describes the asset"
"massage beds",23,"describes the asset"
"lime green accent wall",23,"describes the asset"
"open-air retail",23,"describes the asset"
"vaulted timber ceiling",23,"describes the asset"
"landscaped garden bed",23,"describes the asset"
"recessed exterior spotlights",23,"describes the asset"
"timber vanity unit",23,"describes the asset"
"modern pavilion",23,"describes the asset"
"hotel suite bedroom",23,"describes the asset"
"corporate cafeteria",23,"describes the asset"
"landscaped plaza",23,"describes the asset"
"overhang canopy",23,"describes the asset"
"outdoor seating benches",23,"describes the asset"
"mobile pedestal drawers",23,"describes the asset"
"double-height lobby",23,"describes the asset"
"sculptural spiral staircase",23,"describes the asset"
"futuristic parametric",23,"describes the asset"
"sterile environment",23,"describes the asset"
"cafeteria / dining hall",23,"describes the asset"
"wood veneer paneling",23,"describes the asset"
"customer lounge",23,"describes the asset"
"textured carpet tiles",23,"describes the asset"
"blue sky",23,"describes the asset"
"exercise balls",23,"describes the asset"
"medical gas outlets",23,"describes the asset"
"under-cabinet task lighting",23,"describes the asset"
"gym / fitness center",23,"describes the asset"
"black ceiling",23,"describes the asset"
"exposed structural framing",23,"describes the asset"
"warm tones",23,"describes the asset"
"urban waterfront",23,"describes the asset"
"storage cabinetry",23,"describes the asset"
"earthy modernism",23,"describes the asset"
"floor-to-ceiling window",23,"describes the asset"
"powder room",23,"describes the asset"
"buddhist blessing ceremony",23,"describes the asset"
"dynamic geometry",23,"describes the asset"
"timber boardroom table",23,"describes the asset"
"velvet upholstery",23,"describes the asset"
"candle lanterns",23,"describes the asset"
"asian inspired",23,"describes the asset"
"stainless steel range hood",23,"describes the asset"
"pylon signage",23,"describes the asset"
"modular facade",23,"describes the asset"
"glass shelving",23,"describes the asset"
"stucco facade",23,"describes the asset"
"water feature fountain",23,"describes the asset"
"exposed ceiling structure",23,"describes the asset"
"cinder block wall",23,"describes the asset"
"sculptural ring chandelier",23,"describes the asset"
"feature pendant lighting",23,"describes the asset"
"video conference display",23,"describes the asset"
"column cladding",23,"describes the asset"
"mural wall art",23,"describes the asset"
"art installation",23,"describes the asset"
"drop ceiling grid",23,"describes the asset"
"composite panel facade",23,"describes the asset"
"large area rug",23,"describes the asset"
"placeholder graphic",23,"describes the asset"
"chandelier",23,"describes the asset"
"frameless glass door",23,"describes the asset"
"troffer lighting",23,"describes the asset"
"patterned blue carpet",23,"describes the asset"
"rustic chic",23,"describes the asset"
"exposed mechanical ductwork",23,"describes the asset"
"modernist high-rise",23,"describes the asset"
"contextual modernism",23,"describes the asset"
"utilitarian contemporary",23,"describes the asset"
"bright and functional",23,"describes the asset"
"functional chic",23,"describes the asset"
"mezzanine overlook",23,"describes the asset"
"private balcony",23,"describes the asset"
"modern armchairs",23,"describes the asset"
"urban bistro",23,"describes the asset"
"theatrical",23,"describes the asset"
"linear canopy",22,"describes the asset"
"frosted glass doors",22,"describes the asset"
"steel truss roof",22,"describes the asset"
"full-height wall mirrors",22,"describes the asset"
"corporate lobby",22,"describes the asset"
"moulded wall panels",22,"describes the asset"
"marble counter top",22,"describes the asset"
"red accent armchairs",22,"describes the asset"
"hospital patient room",22,"describes the asset"
"conference hall",22,"describes the asset"
"exposed hvac ductwork",22,"describes the asset"
"circular ceiling cove",22,"describes the asset"
"mirrored columns",22,"describes the asset"
"glass shower screen",22,"describes the asset"
"built-in media console",22,"describes the asset"
"white polished tile flooring",22,"describes the asset"
"curved dining chairs",22,"describes the asset"
"wood slat ceiling",22,"describes the asset"
"roller shades",22,"describes the asset"
"communal timber table",22,"describes the asset"
"lush tropical foliage",22,"describes the asset"
"industrial leisure",22,"describes the asset"
"water play structure",22,"describes the asset"
"resort living",22,"describes the asset"
"circular cove lighting",22,"describes the asset"
"neoclassical contemporary",22,"describes the asset"
"concealed cove lighting",22,"describes the asset"
"stone countertop",22,"describes the asset"
"translucent facade panels",22,"describes the asset"
"functional retail",22,"describes the asset"
"coastal elegance",22,"describes the asset"
"teal accent wall",22,"describes the asset"
"planter box",22,"describes the asset"
"corrugated metal fence",22,"describes the asset"
"architectural facade lighting",22,"describes the asset"
"train station platform",22,"describes the asset"
"playful educational",22,"describes the asset"
"landscape integration",22,"describes the asset"
"desktop monitors",22,"describes the asset"
"bar counter seating",22,"describes the asset"
"warm opulent",22,"describes the asset"
"warm architectural uplighting",22,"describes the asset"
"coffee grinder",22,"describes the asset"
"clean industrial",22,"describes the asset"
"sleek industrial",22,"describes the asset"
"commercial showroom",22,"describes the asset"
"large format porcelain tiles",22,"describes the asset"
"overcast sky",22,"describes the asset"
"contemporary dining chairs",22,"describes the asset"
"parisian chic",22,"describes the asset"
"timber clad columns",22,"describes the asset"
"timber vanity",22,"describes the asset"
"structural steel truss",22,"describes the asset"
"lockers",22,"describes the asset"
"industrial athletic",22,"describes the asset"
"curved roadway",22,"describes the asset"
"louvers",22,"describes the asset"
"modular office desks",22,"describes the asset"
"perimeter ribbon windows",22,"describes the asset"
"event setting",22,"describes the asset"
"concrete block wall",22,"describes the asset"
"photovoltaic array",22,"describes the asset"
"playful vibrant",22,"describes the asset"
"multi-storey building",22,"describes the asset"
"large ribbon windows",22,"describes the asset"
"water reflections",22,"describes the asset"
"water fountain feature",22,"describes the asset"
"glazed storefronts",22,"describes the asset"
"minimalist opulence",22,"describes the asset"
"open lounge layout",22,"describes the asset"
"bronze sculpture",22,"describes the asset"
"underground parking entrance",22,"describes the asset"
"comfortable",22,"describes the asset"
"linear acoustic ceiling",22,"describes the asset"
"light wood paneling",22,"describes the asset"
"reflective glass",22,"describes the asset"
"high ceiling structure",22,"describes the asset"
"canteen counter",22,"describes the asset"
"brick modernism",22,"describes the asset"
"heritage integration",22,"describes the asset"
"modern collaborative",22,"describes the asset"
"built-in timber shelving",22,"describes the asset"
"glass door",22,"describes the asset"
"cantilevered balcony",22,"describes the asset"
"glazed office partitions",22,"describes the asset"
"student breakout lounge",22,"describes the asset"
"warm architectural illumination",22,"describes the asset"
"turnstiles",22,"describes the asset"
"credenza sideboard",22,"describes the asset"
"collaborative learning",22,"describes the asset"
"high ceiling corridor",22,"describes the asset"
"exposed mechanical ducts",22,"describes the asset"
"landscape lighting",22,"describes the asset"
"sculptural facade",22,"describes the asset"
"floating timber vanity",22,"describes the asset"
"tinted glazing",22,"describes the asset"
"external steel staircase",22,"describes the asset"
"healthcare design",22,"describes the asset"
"vibrant chic",22,"describes the asset"
"drop-off canopy",22,"describes the asset"
"exposed steel truss ceiling",22,"describes the asset"
"geometric pattern carpet",22,"describes the asset"
"cantilevered canopy roof",22,"describes the asset"
"integrated led backlighting",22,"describes the asset"
"glass whiteboard",22,"describes the asset"
"dynamic architectural",22,"describes the asset"
"cloud pendant lights",22,"describes the asset"
"timber slatted wall",22,"describes the asset"
"clinical modernism",22,"describes the asset"
"projector",22,"describes the asset"
"relaxation lounge",22,"describes the asset"
"drop-off area",22,"describes the asset"
"waterfront setting",22,"describes the asset"
"statement lighting",22,"describes the asset"
"low angle shot",22,"describes the asset"
"long exposure light trails",22,"describes the asset"
"island counter",22,"describes the asset"
"stainless steel refrigerator",22,"describes the asset"
"acoustic phone booth",22,"describes the asset"
"minimalist architecture",22,"describes the asset"
"light wood laminate",22,"describes the asset"
"glam modern",22,"describes the asset"
"treadmill",22,"describes the asset"
"rubber sports flooring",22,"describes the asset"
"spirit house shrine",22,"describes the asset"
"dance studio",22,"describes the asset"
"clinical neutral",22,"describes the asset"
"hanging ferns",22,"describes the asset"
"showroom lounge",22,"describes the asset"
"timber balustrade",22,"describes the asset"
"glass manifestation",22,"describes the asset"
"blue patterned carpet",22,"describes the asset"
"modern leisure",22,"describes the asset"
"monumental luxury",22,"describes the asset"
"gallery wall",22,"describes the asset"
"event backdrop",22,"describes the asset"
"workstation cubicles",22,"describes the asset"
"covered walkways",22,"describes the asset"
"integrated sink",22,"describes the asset"
"red brick cladding",21,"describes the asset"
"sculptural seating",21,"describes the asset"
"outdoor splash park",21,"describes the asset"
"stone pavers",21,"describes the asset"
"stepped facade",21,"describes the asset"
"round cafe table",21,"describes the asset"
"urban sleek",21,"describes the asset"
"dining table and chairs",21,"describes the asset"
"streetscape perspective",21,"describes the asset"
"graphic minimal",21,"describes the asset"
"timber detailing",21,"describes the asset"
"candid portrait",21,"describes the asset"
"exposed steel structure",21,"describes the asset"
"landscaping bed",21,"describes the asset"
"ambient backlighting",21,"describes the asset"
"classic wall moulding",21,"describes the asset"
"natural warmth",21,"describes the asset"
"sandstone facade",21,"describes the asset"
"mirrored ceiling feature",21,"describes the asset"
"functional aesthetic",21,"describes the asset"
"reflective floor",21,"describes the asset"
"curved bench seating",21,"describes the asset"
"feature headboard",21,"describes the asset"
"frameless glass doors",21,"describes the asset"
"artisanal craft",21,"describes the asset"
"sliding timber door",21,"describes the asset"
"neoclassical facade",21,"describes the asset"
"timber stair treads",21,"describes the asset"
"urban street art",21,"describes the asset"
"sculptural ceiling feature",21,"describes the asset"
"geometric pendant lighting",21,"describes the asset"
"rattan pendant lights",21,"describes the asset"
"acoustic carpet tiles",21,"describes the asset"
"twilight illumination",21,"describes the asset"
"hotel bathroom",21,"describes the asset"
"residential healthcare",21,"describes the asset"
"urban landscape",21,"describes the asset"
"branded interior",21,"describes the asset"
"large scale artwork",21,"describes the asset"
"poolside loungers",21,"describes the asset"
"daylit",21,"describes the asset"
"natural landscaping",21,"describes the asset"
"corporate presentation",21,"describes the asset"
"vernacular architecture",21,"describes the asset"
"ottoman seating",21,"describes the asset"
"dark feature wall",21,"describes the asset"
"high-rise architecture",21,"describes the asset"
"architectural fins",21,"describes the asset"
"timber flooring inlay",21,"describes the asset"
"open plan office & breakout area",21,"describes the asset"
"casual collaborative",21,"describes the asset"
"examination room",21,"describes the asset"
"bespoke hospitality",21,"describes the asset"
"curved white wall",21,"describes the asset"
"clean white walls",21,"describes the asset"
"metal signage",21,"describes the asset"
"function room",21,"describes the asset"
"reception & waiting lounge",21,"describes the asset"
"industrial shelving",21,"describes the asset"
"wrought iron balustrade",21,"describes the asset"
"urban contemporary",21,"describes the asset"
"stone tiled flooring",21,"describes the asset"
"overhanging roof",21,"describes the asset"
"outdoor retail plaza",21,"describes the asset"
"branded workspace",21,"describes the asset"
"curved concrete pathway",21,"describes the asset"
"buffet station",21,"describes the asset"
"parametric minimalism",21,"describes the asset"
"linear ceiling panels",21,"describes the asset"
"curved mezzanine",21,"describes the asset"
"spotlights",21,"describes the asset"
"large format wall tiles",21,"describes the asset"
"spa aesthetic",21,"describes the asset"
"geometric patterned floor tiles",21,"describes the asset"
"sleek metallic",21,"describes the asset"
"architectural elevation",21,"describes the asset"
"colonial heritage",21,"describes the asset"
"transit-oriented design",21,"describes the asset"
"floating vanity",21,"describes the asset"
"rooftop garden",21,"describes the asset"
"ceramic vase",21,"describes the asset"
"automotive showroom & customer lounge",21,"describes the asset"
"entertainment lounge",21,"describes the asset"
"artisan craft",21,"describes the asset"
"black marble reception desk",21,"describes the asset"
"glass sliding partition",21,"describes the asset"
"contemporary craft",21,"describes the asset"
"external metal staircase",21,"describes the asset"
"bronze metal trim",21,"describes the asset"
"fluted glass partitions",21,"describes the asset"
"decorative throw pillows",21,"describes the asset"
"activity-based workplace",21,"describes the asset"
"pool table",21,"describes the asset"
"wooden flooring",21,"describes the asset"
"bokeh lighting",21,"describes the asset"
"modernist educational",21,"describes the asset"
"round marble dining table",21,"describes the asset"
"multi-residential building",21,"describes the asset"
"athletic",21,"describes the asset"
"modern resort",21,"describes the asset"
"neutral bedding",21,"describes the asset"
"technical",21,"describes the asset"
"recessed linear lights",21,"describes the asset"
"quartz countertop",21,"describes the asset"
"vinyl wood-look flooring",21,"describes the asset"
"indoor-outdoor transition",21,"describes the asset"
"sliding door",21,"describes the asset"
"guest bathroom",21,"describes the asset"
"spider glass fittings",21,"describes the asset"
"steel handrail",21,"describes the asset"
"contemporary scandinavian",21,"describes the asset"
"integrated planter bench",21,"describes the asset"
"neon accent lighting",21,"describes the asset"
"industrial architecture",21,"describes the asset"
"night exterior",21,"describes the asset"
"frameless mirror",21,"describes the asset"
"acoustic ceiling baffle",21,"describes the asset"
"steel trusses",21,"describes the asset"
"cable trays",21,"describes the asset"
"corten steel cladding",21,"describes the asset"
"urban infrastructure",21,"describes the asset"
"aluminum cladding",21,"describes the asset"
"information desk",21,"describes the asset"
"tropical architecture",21,"describes the asset"
"timber effect vinyl flooring",21,"describes the asset"
"blue vinyl flooring",21,"describes the asset"
"modern dining chairs",21,"describes the asset"
"glass wardrobe",21,"describes the asset"
"canopy roof structure",20,"describes the asset"
"polished granite floor",20,"describes the asset"
"sophisticated minimalist",20,"describes the asset"
"product showcase",20,"describes the asset"
"office entrance lobby",20,"describes the asset"
"tensile canopy",20,"describes the asset"
"hotel-inspired",20,"describes the asset"
"curved timber cladding",20,"describes the asset"
"contemporary sleek",20,"describes the asset"
"open plan retail layout",20,"describes the asset"
"slatted canopy",20,"describes the asset"
"ambulance bay",20,"describes the asset"
"tactile paving studs",20,"describes the asset"
"glass shopfront",20,"describes the asset"
"bank branch",20,"describes the asset"
"pitched roofline",20,"describes the asset"
"bedside cabinet",20,"describes the asset"
"compact kitchenette",20,"describes the asset"
"open shelving unit",20,"describes the asset"
"functional neutral",20,"describes the asset"
"timber floorboards",20,"describes the asset"
"drainage grates",20,"describes the asset"
"stone feature wall",20,"describes the asset"
"colonial architecture",20,"describes the asset"
"outdoor ceremony",20,"describes the asset"
"blue feature wall",20,"describes the asset"
"frosted film graphics",20,"describes the asset"
"checkerboard tile flooring",20,"describes the asset"
"external signage",20,"describes the asset"
"tray ceiling",20,"describes the asset"
"curved metal canopy",20,"describes the asset"
"consultation desks",20,"describes the asset"
"retail atrium",20,"describes the asset"
"pedestrian sidewalk",20,"describes the asset"
"brass sconces",20,"describes the asset"
"living and dining area",20,"describes the asset"
"sports field view",20,"describes the asset"
"brass hardware",20,"describes the asset"
"metal composite panels",20,"describes the asset"
"geometric ceiling design",20,"describes the asset"
"soft studio lighting",20,"describes the asset"
"thatched roof",20,"describes the asset"
"monumental architecture",20,"describes the asset"
"black framed glass doors",20,"describes the asset"
"marble backsplash",20,"describes the asset"
"timber credenza",20,"describes the asset"
"timber desktop",20,"describes the asset"
"drop ceiling",20,"describes the asset"
"sleek sophisticated",20,"describes the asset"
"ribbon glazing",20,"describes the asset"
"branding graphics",20,"describes the asset"
"institutional design",20,"describes the asset"
"study desk",20,"describes the asset"
"outdoor lounge",20,"describes the asset"
"artisanal",20,"describes the asset"
"patterned carpet floor",20,"describes the asset"
"refined modernism",20,"describes the asset"
"vernacular modern",20,"describes the asset"
"arched doorway",20,"describes the asset"
"organic shapes",20,"describes the asset"
"leather lounge sofa",20,"describes the asset"
"seamless flooring",20,"describes the asset"
"coffee tables",20,"describes the asset"
"timber bench",20,"describes the asset"
"plush upholstered bed",20,"describes the asset"
"draped curtains",20,"describes the asset"
"sleek architecture",20,"describes the asset"
"wood paneled ceiling",20,"describes the asset"
"contemporary brutalism",20,"describes the asset"
"digital video wall",20,"describes the asset"
"table place settings",20,"describes the asset"
"intimate ambiance",20,"describes the asset"
"abstract area rug",20,"describes the asset"
"site master plan",20,"describes the asset"
"minimalist modernism",20,"describes the asset"
"timber panelling",20,"describes the asset"
"atrium skylight",20,"describes the asset"
"synthetic turf",20,"describes the asset"
"graphic wall art",20,"describes the asset"
"timber effect flooring",20,"describes the asset"
"neutral carpet flooring",20,"describes the asset"
"curved timber partition",20,"describes the asset"
"pool ladder",20,"describes the asset"
"warm hospitality-inspired",20,"describes the asset"
"recessed pot lights",20,"describes the asset"
"commercial entrance",20,"describes the asset"
"light wood aesthetic",20,"describes the asset"
"perforated metal mesh screen",20,"describes the asset"
"backlit bar counter",20,"describes the asset"
"building entrance & drop-off",20,"describes the asset"
"sculptural lighting installation",20,"describes the asset"
"mixed-use architecture",20,"describes the asset"
"stone wall cladding",20,"describes the asset"
"candid photography",20,"describes the asset"
"shadow patterns",20,"describes the asset"
"material sample board",20,"describes the asset"
"white marble wall cladding",20,"describes the asset"
"circular pendant chandelier",20,"describes the asset"
"automotive modernism",20,"describes the asset"
"concrete wall",20,"describes the asset"
"travertine floor",20,"describes the asset"
"timber slat bench",20,"describes the asset"
"light rail track",20,"describes the asset"
"stone tile flooring",20,"describes the asset"
"timber trim",20,"describes the asset"
"playful luxury",20,"describes the asset"
"organic ceiling design",20,"describes the asset"
"exposed dark ceiling",20,"describes the asset"
"concrete staircase",20,"describes the asset"
"brick base wall",20,"describes the asset"
"textured plaster walls",20,"describes the asset"
"covered outdoor learning area",20,"describes the asset"
"dark wood cladding",20,"describes the asset"
"geometric facade cladding",20,"describes the asset"
"veined marble wall cladding",20,"describes the asset"
"clinical functional",20,"describes the asset"
"whimsical",20,"describes the asset"
"phone booth",20,"describes the asset"
"curved concrete retaining wall",20,"describes the asset"
"light wood-look vinyl flooring",20,"describes the asset"
"therapeutic design",20,"describes the asset"
"recessed spotlight",20,"describes the asset"
"industrial accent",20,"describes the asset"
"exterior uplighting",20,"describes the asset"
"angled facade",20,"describes the asset"
"brick pavers",20,"describes the asset"
"handheld showerhead",20,"describes the asset"
"skylight atrium",20,"describes the asset"
"warm architectural modernism",20,"describes the asset"
"frosted privacy film",20,"describes the asset"
"stone pathway",20,"describes the asset"
"integrated tv console",20,"describes the asset"
"terrazzo tile flooring",20,"describes the asset"
"curvilinear modern",20,"describes the asset"
"perforated screen",20,"describes the asset"
"timber slat wall panelling",20,"describes the asset"
"black marble wall",20,"describes the asset"